warning: Git tree '/mnt/data1/nix/vendor/rust/cargo2nix' is dirty
warning: ignoring the client-specified setting 'stalled-download-timeout', because it is a restricted setting and you are not a trusted user
warning: ignoring the client-specified setting 'stalled-download-timeout', because it is a restricted setting and you are not a trusted user
warning: ignoring the client-specified setting 'stalled-download-timeout', because it is a restricted setting and you are not a trusted user
Nix development shell with Rust, libgit2, curl, openssl, and rocksdb dependencies ready.
warning: unused import: `std::fs::File`
 --> src/chunk_writer.rs:4:5
  |
4 | use std::fs::File;
  |     ^^^^^^^^^^^^^
  |
  = note: `#[warn(unused_imports)]` (part of `#[warn(unused)]`) on by default

warning: unused variable: `file_id`
  --> src/print_storage.rs:56:26
   |
56 |     fn pwrite_all(&self, file_id: usize, offset: u64, buf: &[u8]) -> Result<()> {
   |                          ^^^^^^^ help: if this is intentional, prefix it with an underscore: `_file_id`
   |
   = note: `#[warn(unused_variables)]` (part of `#[warn(unused)]`) on by default

warning: for loop over a `Result`. This is more readably written as an `if let` statement
  --> src/print_storage.rs:24:24
   |
24 |           for element in reader.par_map_reduce(
   |  ________________________^
25 | |             |element| {
26 | |                 let mut coords = Vec::new();
27 | |                 match element {
...  |
36 | |             |mut a, b| { a.extend(b); a }
37 | |         ) {
   | |_________^
   |
   = note: `#[warn(for_loops_over_fallibles)]` on by default
help: to check pattern in a loop use `while let`
   |
24 -         for element in reader.par_map_reduce(
24 +         while let Ok(element) = reader.par_map_reduce(
   |
help: consider using `if let` to clear intent
   |
24 -         for element in reader.par_map_reduce(
24 +         if let Ok(element) = reader.par_map_reduce(
   |

warning: `osm-planet-torrent` (lib) generated 3 warnings (run `cargo fix --lib -p osm-planet-torrent` to apply 1 suggestion)
    Finished `dev` profile [unoptimized + debuginfo] target(s) in 0.11s
     Running `target/debug/fetch-piece 13668`
🔍 Phase 2: Fetching piece 13668 with PrintStorage...
🔗 Downloading piece 13668 only...
🔧 Building spatial index as chunks arrive...
   Target piece: 13668 (will be highlighted)
   Saving all chunks to ./chunks/
   Writing spatial index to spatial_index.jsonl
📦 Torrent: Some("planet-260209.osm.pbf")
   Total pieces: 21763
   Piece length: 4096 KB
   Target piece: 13668

⏳ Waiting for torrent to start...
⏳ Waiting for piece 13668 to download...
....📊 initializing: 21.61% (18.3Gi / 85.0Gi)
.....📊 initializing: 37.40% (31.7Gi / 85.0Gi)
.....📊 initializing: 53.20% (45.2Gi / 85.0Gi)
.....📊 initializing: 69.00% (58.6Gi / 85.0Gi)
.....📊 initializing: 84.81% (72.0Gi / 85.0Gi)
.....📝 Piece 0: offset=0, size=16384 bytes
📝 Piece 0: offset=16384, size=0 bytes
📊 live: 0.00% (0 / 85.0Gi) [down speed: 0.00 MiB/s, up speed: 0.00 MiB/s]
.📝 Piece 0: offset=16384, size=13334 bytes
📝 Piece 0: offset=29718, size=3050 bytes
📝 Piece 0: offset=32768, size=16384 bytes
📝 Piece 0: offset=49152, size=0 bytes
📝 Piece 0: offset=49152, size=13308 bytes
📝 Piece 0: offset=62460, size=3076 bytes
📝 Piece 0: offset=65536, size=16384 bytes
📝 Piece 0: offset=81920, size=0 bytes
📝 Piece 0: offset=81920, size=13282 bytes
📝 Piece 0: offset=95202, size=3102 bytes
📝 Piece 0: offset=98304, size=16384 bytes
📝 Piece 0: offset=114688, size=0 bytes
📝 Piece 0: offset=114688, size=13256 bytes
📝 Piece 0: offset=127944, size=3128 bytes
📝 Piece 0: offset=131072, size=16384 bytes
📝 Piece 0: offset=147456, size=0 bytes
📝 Piece 0: offset=147456, size=13230 bytes
📝 Piece 0: offset=160686, size=3154 bytes
📝 Piece 0: offset=163840, size=16384 bytes
📝 Piece 0: offset=180224, size=0 bytes
📝 Piece 0: offset=180224, size=13204 bytes
📝 Piece 0: offset=193428, size=3180 bytes
📝 Piece 0: offset=196608, size=16384 bytes
📝 Piece 0: offset=212992, size=0 bytes
📝 Piece 0: offset=212992, size=13178 bytes
📝 Piece 0: offset=226170, size=3206 bytes
📝 Piece 0: offset=229376, size=16384 bytes
📝 Piece 0: offset=245760, size=0 bytes
📝 Piece 0: offset=245760, size=13152 bytes
📝 Piece 0: offset=258912, size=3232 bytes
📝 Piece 1: offset=4194304, size=16384 bytes
📝 Piece 1: offset=4210688, size=0 bytes
📝 Piece 0: offset=262144, size=16384 bytes
📝 Piece 0: offset=278528, size=0 bytes
📝 Piece 0: offset=278528, size=13126 bytes
📝 Piece 0: offset=291654, size=3258 bytes
📝 Piece 0: offset=294912, size=16384 bytes
📝 Piece 0: offset=311296, size=0 bytes
📝 Piece 1: offset=4210688, size=13358 bytes
📝 Piece 1: offset=4224046, size=3026 bytes
📝 Piece 0: offset=311296, size=13100 bytes
📝 Piece 0: offset=324396, size=3284 bytes
📝 Piece 1: offset=4227072, size=16384 bytes
📝 Piece 1: offset=4243456, size=0 bytes
📝 Piece 0: offset=327680, size=16384 bytes
📝 Piece 0: offset=344064, size=0 bytes
📝 Piece 0: offset=344064, size=13074 bytes
📝 Piece 0: offset=357138, size=3310 bytes
📝 Piece 0: offset=360448, size=16384 bytes
📝 Piece 0: offset=376832, size=0 bytes
📝 Piece 1: offset=4243456, size=13332 bytes
📝 Piece 1: offset=4256788, size=3052 bytes
📝 Piece 0: offset=376832, size=13048 bytes
📝 Piece 0: offset=389880, size=3336 bytes
📝 Piece 0: offset=393216, size=16384 bytes
📝 Piece 0: offset=409600, size=0 bytes
📝 Piece 0: offset=409600, size=13022 bytes
📝 Piece 1: offset=4259840, size=16384 bytes
📝 Piece 0: offset=422622, size=3362 bytes
📝 Piece 1: offset=4276224, size=0 bytes
📝 Piece 0: offset=425984, size=16384 bytes
📝 Piece 0: offset=442368, size=0 bytes
📝 Piece 0: offset=442368, size=12996 bytes
📝 Piece 0: offset=455364, size=3388 bytes
📝 Piece 1: offset=4276224, size=13306 bytes
📝 Piece 1: offset=4289530, size=3078 bytes
📝 Piece 0: offset=458752, size=16384 bytes
📝 Piece 0: offset=475136, size=0 bytes
📝 Piece 1: offset=4292608, size=16384 bytes
📝 Piece 1: offset=4308992, size=0 bytes
📝 Piece 0: offset=475136, size=12970 bytes
📝 Piece 0: offset=488106, size=3414 bytes
📝 Piece 0: offset=491520, size=16384 bytes
📝 Piece 0: offset=507904, size=0 bytes
📝 Piece 0: offset=507904, size=12871 bytes
📝 Piece 0: offset=520775, size=3513 bytes
📝 Piece 0: offset=524288, size=16384 bytes
📝 Piece 0: offset=540672, size=0 bytes
📝 Piece 1: offset=4308992, size=13280 bytes
📝 Piece 1: offset=4322272, size=3104 bytes
📝 Piece 0: offset=540672, size=12845 bytes
📝 Piece 0: offset=553517, size=3539 bytes
📝 Piece 0: offset=557056, size=16384 bytes
📝 Piece 1: offset=4325376, size=16384 bytes
📝 Piece 0: offset=573440, size=0 bytes
📝 Piece 1: offset=4341760, size=0 bytes
📝 Piece 0: offset=573440, size=12819 bytes
📝 Piece 0: offset=586259, size=3565 bytes
📝 Piece 1: offset=4341760, size=13254 bytes
📝 Piece 1: offset=4355014, size=3130 bytes
📝 Piece 0: offset=589824, size=16384 bytes
📝 Piece 0: offset=606208, size=0 bytes
📝 Piece 0: offset=606208, size=12793 bytes
📝 Piece 3: offset=12582912, size=16384 bytes
📝 Piece 0: offset=619001, size=3591 bytes
📝 Piece 3: offset=12599296, size=0 bytes
📝 Piece 1: offset=4358144, size=16384 bytes
📝 Piece 1: offset=4374528, size=0 bytes
📝 Piece 0: offset=622592, size=16384 bytes
📝 Piece 0: offset=638976, size=0 bytes
📝 Piece 0: offset=638976, size=12767 bytes
📝 Piece 0: offset=651743, size=3617 bytes
📝 Piece 1: offset=4374528, size=13228 bytes
📝 Piece 1: offset=4387756, size=3156 bytes
📝 Piece 3: offset=12599296, size=13368 bytes
📝 Piece 3: offset=12612664, size=3016 bytes
📝 Piece 1: offset=4390912, size=16384 bytes
📝 Piece 0: offset=655360, size=16384 bytes
📝 Piece 1: offset=4407296, size=0 bytes
📝 Piece 0: offset=671744, size=0 bytes
📝 Piece 0: offset=671744, size=12741 bytes
📝 Piece 0: offset=684485, size=3643 bytes
📝 Piece 1: offset=4407296, size=13202 bytes
📝 Piece 1: offset=4420498, size=3182 bytes
📝 Piece 0: offset=688128, size=16384 bytes
📝 Piece 0: offset=704512, size=0 bytes
📝 Piece 0: offset=720896, size=12715 bytes
📝 Piece 0: offset=733611, size=3669 bytes
📝 Piece 1: offset=4423680, size=16384 bytes
📝 Piece 1: offset=4440064, size=0 bytes
📝 Piece 0: offset=704512, size=16384 bytes
📝 Piece 0: offset=720896, size=0 bytes
📝 Piece 0: offset=737280, size=12689 bytes
📝 Piece 0: offset=749969, size=3695 bytes
📝 Piece 1: offset=4440064, size=13103 bytes
📝 Piece 1: offset=4453167, size=3281 bytes
📝 Piece 0: offset=770048, size=16384 bytes
📝 Piece 0: offset=786432, size=0 bytes
📝 Piece 1: offset=4456448, size=16384 bytes
📝 Piece 1: offset=4472832, size=0 bytes
📝 Piece 0: offset=753664, size=12663 bytes
📝 Piece 0: offset=766327, size=3721 bytes
📝 Piece 1: offset=4472832, size=13077 bytes
📝 Piece 0: offset=819200, size=16384 bytes
📝 Piece 1: offset=4485909, size=3307 bytes
📝 Piece 0: offset=835584, size=0 bytes
📝 Piece 1: offset=4489216, size=16384 bytes
📝 Piece 1: offset=4505600, size=0 bytes
📝 Piece 0: offset=802816, size=12637 bytes
📝 Piece 0: offset=815453, size=3747 bytes
📝 Piece 0: offset=786432, size=16384 bytes
📝 Piece 4: offset=16777216, size=16384 bytes
📝 Piece 0: offset=802816, size=0 bytes
📝 Piece 4: offset=16793600, size=0 bytes
📝 Piece 4: offset=16793600, size=13444 bytes
📝 Piece 4: offset=16807044, size=2940 bytes
📝 Piece 1: offset=4505600, size=13051 bytes
📝 Piece 1: offset=4518651, size=3333 bytes
📝 Piece 0: offset=835584, size=12611 bytes
📝 Piece 0: offset=848195, size=3773 bytes
📝 Piece 0: offset=851968, size=16384 bytes
📝 Piece 0: offset=868352, size=0 bytes
📝 Piece 1: offset=4521984, size=16384 bytes
📝 Piece 1: offset=4538368, size=0 bytes
📝 Piece 3: offset=12615680, size=16384 bytes
📝 Piece 3: offset=12632064, size=0 bytes
📝 Piece 0: offset=884736, size=12585 bytes
📝 Piece 0: offset=897321, size=3799 bytes
📝 Piece 3: offset=12632064, size=13342 bytes
📝 Piece 3: offset=12645406, size=3042 bytes
📝 Piece 1: offset=4538368, size=13025 bytes
📝 Piece 1: offset=4551393, size=3359 bytes
📝 Piece 0: offset=901120, size=16384 bytes
📝 Piece 0: offset=917504, size=0 bytes
📝 Piece 1: offset=4554752, size=16384 bytes
📝 Piece 1: offset=4571136, size=0 bytes
📝 Piece 0: offset=868352, size=12559 bytes
📝 Piece 0: offset=880911, size=3825 bytes
📝 Piece 1: offset=4571136, size=12999 bytes
📝 Piece 1: offset=4584135, size=3385 bytes
📝 Piece 0: offset=917504, size=16384 bytes
📝 Piece 0: offset=933888, size=0 bytes
📝 Piece 0: offset=966656, size=12533 bytes
📝 Piece 0: offset=979189, size=3851 bytes
📝 Piece 1: offset=4587520, size=16384 bytes
📝 Piece 1: offset=4603904, size=0 bytes
📝 Piece 1: offset=4603904, size=12973 bytes
📝 Piece 1: offset=4616877, size=3411 bytes
📝 Piece 0: offset=933888, size=16384 bytes
📝 Piece 0: offset=950272, size=0 bytes
📝 Piece 0: offset=950272, size=12507 bytes
📝 Piece 0: offset=962779, size=3877 bytes
📝 Piece 0: offset=983040, size=16384 bytes
📝 Piece 0: offset=999424, size=0 bytes
📝 Piece 1: offset=4620288, size=16384 bytes
📝 Piece 1: offset=4636672, size=0 bytes
📝 Piece 0: offset=999424, size=12481 bytes
📝 Piece 0: offset=1011905, size=3903 bytes
📝 Piece 0: offset=1015808, size=16384 bytes
📝 Piece 0: offset=1032192, size=0 bytes
📝 Piece 1: offset=4636672, size=12947 bytes
📝 Piece 1: offset=4649619, size=3437 bytes
📝 Piece 1: offset=4653056, size=16384 bytes
📝 Piece 1: offset=4669440, size=0 bytes
📝 Piece 0: offset=1032192, size=12455 bytes
📝 Piece 0: offset=1044647, size=3929 bytes
📝 Piece 0: offset=1048576, size=16384 bytes
📝 Piece 0: offset=1064960, size=0 bytes
📝 Piece 0: offset=1081344, size=12429 bytes
📝 Piece 0: offset=1093773, size=3955 bytes
📝 Piece 1: offset=4669440, size=12921 bytes
📝 Piece 1: offset=4682361, size=3463 bytes
📝 Piece 1: offset=4685824, size=16384 bytes
📝 Piece 1: offset=4702208, size=0 bytes
📝 Piece 0: offset=1097728, size=16384 bytes
📝 Piece 0: offset=1114112, size=0 bytes
📝 Piece 4: offset=16809984, size=16384 bytes
📝 Piece 4: offset=16826368, size=0 bytes
📝 Piece 4: offset=16826368, size=13418 bytes
📝 Piece 4: offset=16839786, size=2966 bytes
📝 Piece 4: offset=16842752, size=16384 bytes
📝 Piece 4: offset=16859136, size=0 bytes
📝 Piece 0: offset=1064960, size=12403 bytes
📝 Piece 0: offset=1077363, size=3981 bytes
📝 Piece 4: offset=16859136, size=13392 bytes
📝 Piece 4: offset=16872528, size=2992 bytes
📝 Piece 1: offset=4702208, size=12895 bytes
📝 Piece 1: offset=4715103, size=3489 bytes
📝 Piece 1: offset=4718592, size=16384 bytes
📝 Piece 0: offset=1146880, size=16384 bytes
📝 Piece 1: offset=4734976, size=0 bytes
📝 Piece 0: offset=1163264, size=0 bytes
📝 Piece 0: offset=1130496, size=12377 bytes
📝 Piece 0: offset=1142873, size=4007 bytes
📝 Piece 0: offset=1114112, size=16384 bytes
📝 Piece 0: offset=1130496, size=0 bytes
📝 Piece 1: offset=4734976, size=12869 bytes
📝 Piece 1: offset=4747845, size=3515 bytes
📝 Piece 0: offset=1163264, size=12351 bytes
📝 Piece 0: offset=1175615, size=4033 bytes
📝 Piece 0: offset=1179648, size=16384 bytes
📝 Piece 0: offset=1196032, size=0 bytes
📝 Piece 1: offset=4751360, size=16384 bytes
📝 Piece 1: offset=4767744, size=0 bytes
📝 Piece 1: offset=4767744, size=12843 bytes
📝 Piece 1: offset=4780587, size=3541 bytes
📝 Piece 0: offset=1196032, size=12325 bytes
📝 Piece 0: offset=1208357, size=4059 bytes
📝 Piece 0: offset=1212416, size=16384 bytes
📝 Piece 0: offset=1228800, size=0 bytes
📝 Piece 0: offset=1228800, size=12299 bytes
📝 Piece 0: offset=1241099, size=4085 bytes
📝 Piece 1: offset=4784128, size=16384 bytes
📝 Piece 1: offset=4800512, size=0 bytes
📝 Piece 1: offset=4800512, size=12817 bytes
📝 Piece 1: offset=4813329, size=3567 bytes
📝 Piece 0: offset=1245184, size=16384 bytes
📝 Piece 0: offset=1261568, size=0 bytes
📝 Piece 0: offset=1261568, size=12273 bytes
📝 Piece 0: offset=1273841, size=4111 bytes
📝 Piece 0: offset=1294336, size=16384 bytes
📝 Piece 0: offset=1310720, size=0 bytes
📝 Piece 1: offset=4816896, size=16384 bytes
📝 Piece 1: offset=4833280, size=0 bytes
📝 Piece 1: offset=4833280, size=12791 bytes
📝 Piece 1: offset=4846071, size=3593 bytes
📝 Piece 0: offset=1277952, size=12247 bytes
📝 Piece 0: offset=1290199, size=4137 bytes
📝 Piece 0: offset=1327104, size=16384 bytes
📝 Piece 0: offset=1343488, size=0 bytes
📝 Piece 1: offset=4849664, size=16384 bytes
📝 Piece 1: offset=4866048, size=0 bytes
📝 Piece 1: offset=4866048, size=12765 bytes
📝 Piece 1: offset=4878813, size=3619 bytes
📝 Piece 0: offset=1310720, size=12221 bytes
📝 Piece 0: offset=1322941, size=4163 bytes
📝 Piece 0: offset=1343488, size=16384 bytes
📝 Piece 0: offset=1359872, size=0 bytes
📝 Piece 0: offset=1359872, size=12195 bytes
📝 Piece 0: offset=1372067, size=4189 bytes
📝 Piece 1: offset=4882432, size=16384 bytes
📝 Piece 1: offset=4898816, size=0 bytes
📝 Piece 1: offset=4898816, size=12739 bytes
📝 Piece 1: offset=4911555, size=3645 bytes
📝 Piece 0: offset=1376256, size=16384 bytes
📝 Piece 0: offset=1392640, size=0 bytes
📝 Piece 1: offset=4915200, size=16384 bytes
📝 Piece 1: offset=4931584, size=0 bytes
📝 Piece 0: offset=1392640, size=12169 bytes
📝 Piece 0: offset=1404809, size=4215 bytes
📝 Piece 0: offset=1409024, size=16384 bytes
📝 Piece 0: offset=1425408, size=0 bytes
📝 Piece 1: offset=4931584, size=12713 bytes
📝 Piece 1: offset=4944297, size=3671 bytes
📝 Piece 4: offset=16875520, size=16384 bytes
📝 Piece 4: offset=16891904, size=0 bytes
📝 Piece 4: offset=16891904, size=13366 bytes
📝 Piece 4: offset=16905270, size=3018 bytes
📝 Piece 4: offset=16908288, size=16384 bytes
📝 Piece 4: offset=16924672, size=0 bytes
📝 Piece 4: offset=16924672, size=13340 bytes
📝 Piece 4: offset=16938012, size=3044 bytes
📝 Piece 4: offset=16941056, size=16384 bytes
📝 Piece 4: offset=16957440, size=0 bytes
📝 Piece 4: offset=16957440, size=13314 bytes
📝 Piece 4: offset=16970754, size=3070 bytes
📝 Piece 4: offset=16973824, size=16384 bytes
📝 Piece 4: offset=16990208, size=0 bytes
📝 Piece 1: offset=4947968, size=16384 bytes
📝 Piece 1: offset=4964352, size=0 bytes
📝 Piece 1: offset=4964352, size=12687 bytes
📝 Piece 1: offset=4977039, size=3697 bytes
📝 Piece 0: offset=1425408, size=12143 bytes
📝 Piece 0: offset=1437551, size=4241 bytes
📝 Piece 0: offset=1441792, size=16384 bytes
📝 Piece 0: offset=1458176, size=0 bytes
📝 Piece 0: offset=1458176, size=12117 bytes
📝 Piece 0: offset=1470293, size=4267 bytes
📝 Piece 1: offset=4980736, size=16384 bytes
📝 Piece 1: offset=4997120, size=0 bytes
📝 Piece 1: offset=4997120, size=12661 bytes
📝 Piece 1: offset=5009781, size=3723 bytes
📝 Piece 0: offset=1474560, size=16384 bytes
📝 Piece 0: offset=1490944, size=0 bytes
📝 Piece 0: offset=1490944, size=12091 bytes
📝 Piece 0: offset=1503035, size=4293 bytes
📝 Piece 0: offset=1540096, size=16384 bytes
📝 Piece 0: offset=1556480, size=0 bytes
📝 Piece 1: offset=5013504, size=16384 bytes
📝 Piece 1: offset=5029888, size=0 bytes
📝 Piece 0: offset=1556480, size=12065 bytes
📝 Piece 1: offset=5029888, size=12635 bytes
📝 Piece 1: offset=5042523, size=3749 bytes
📝 Piece 0: offset=1568545, size=4319 bytes
📝 Piece 1: offset=5046272, size=16384 bytes
📝 Piece 0: offset=1523712, size=16384 bytes
📝 Piece 1: offset=5062656, size=0 bytes
📝 Piece 0: offset=1540096, size=0 bytes
📝 Piece 1: offset=5062656, size=12609 bytes
📝 Piece 0: offset=1507328, size=12039 bytes
📝 Piece 1: offset=5075265, size=3775 bytes
📝 Piece 0: offset=1519367, size=4345 bytes
📝 Piece 0: offset=1589248, size=16384 bytes
📝 Piece 0: offset=1605632, size=0 bytes
📝 Piece 1: offset=5079040, size=16384 bytes
📝 Piece 1: offset=5095424, size=0 bytes
📝 Piece 1: offset=5095424, size=12583 bytes
📝 Piece 1: offset=5108007, size=3801 bytes
📝 Piece 0: offset=1605632, size=12013 bytes
📝 Piece 0: offset=1617645, size=4371 bytes
📝 Piece 0: offset=1572864, size=16384 bytes
📝 Piece 0: offset=1589248, size=0 bytes
📝 Piece 0: offset=1622016, size=11987 bytes
📝 Piece 0: offset=1634003, size=4397 bytes
📝 Piece 1: offset=5111808, size=16384 bytes
📝 Piece 1: offset=5128192, size=0 bytes
📝 Piece 3: offset=12648448, size=16384 bytes
📝 Piece 3: offset=12664832, size=0 bytes
📝 Piece 1: offset=5128192, size=12557 bytes
📝 Piece 1: offset=5140749, size=3827 bytes
📝 Piece 1: offset=5144576, size=16384 bytes
📝 Piece 1: offset=5160960, size=0 bytes
📝 Piece 3: offset=12664832, size=13316 bytes
📝 Piece 3: offset=12678148, size=3068 bytes
📝 Piece 0: offset=1638400, size=16384 bytes
📝 Piece 0: offset=1654784, size=0 bytes
📝 Piece 0: offset=1654784, size=11961 bytes
📝 Piece 0: offset=1666745, size=4423 bytes
📝 Piece 0: offset=1687552, size=16384 bytes
📝 Piece 0: offset=1703936, size=0 bytes
📝 Piece 1: offset=5160960, size=12531 bytes
📝 Piece 1: offset=5173491, size=3853 bytes
📝 Piece 3: offset=12681216, size=16384 bytes
📝 Piece 3: offset=12697600, size=0 bytes
📝 Piece 3: offset=12697600, size=13290 bytes
📝 Piece 3: offset=12710890, size=3094 bytes
📝 Piece 1: offset=5177344, size=16384 bytes
📝 Piece 1: offset=5193728, size=0 bytes
📝 Piece 0: offset=1671168, size=11935 bytes
📝 Piece 0: offset=1683103, size=4449 bytes
📝 Piece 1: offset=5193728, size=12505 bytes
📝 Piece 1: offset=5206233, size=3879 bytes
📝 Piece 0: offset=1736704, size=16384 bytes
📝 Piece 0: offset=1753088, size=0 bytes
📝 Piece 0: offset=1720320, size=11909 bytes
📝 Piece 0: offset=1732229, size=4475 bytes
📝 Piece 4: offset=16990208, size=13288 bytes
📝 Piece 4: offset=17003496, size=3096 bytes
📝 Piece 4: offset=17006592, size=16384 bytes
📝 Piece 4: offset=17022976, size=0 bytes
📝 Piece 4: offset=17022976, size=13262 bytes
📝 Piece 4: offset=17036238, size=3122 bytes
📝 Piece 4: offset=17039360, size=16384 bytes
📝 Piece 4: offset=17055744, size=0 bytes
📝 Piece 4: offset=17055744, size=13236 bytes
📝 Piece 4: offset=17068980, size=3148 bytes
📝 Piece 4: offset=17072128, size=16384 bytes
📝 Piece 4: offset=17088512, size=0 bytes
📝 Piece 4: offset=17088512, size=13210 bytes
📝 Piece 4: offset=17101722, size=3174 bytes
📝 Piece 4: offset=17104896, size=16384 bytes
📝 Piece 4: offset=17121280, size=0 bytes
📝 Piece 1: offset=5210112, size=16384 bytes
📝 Piece 1: offset=5226496, size=0 bytes
📝 Piece 4: offset=17121280, size=13184 bytes
📝 Piece 4: offset=17134464, size=3200 bytes
📝 Piece 4: offset=17137664, size=16384 bytes
📝 Piece 4: offset=17154048, size=0 bytes
📝 Piece 4: offset=17154048, size=13158 bytes
📝 Piece 4: offset=17167206, size=3226 bytes
📝 Piece 4: offset=17170432, size=16384 bytes
📝 Piece 4: offset=17186816, size=0 bytes
📝 Piece 4: offset=17186816, size=13132 bytes
📝 Piece 4: offset=17199948, size=3252 bytes
📝 Piece 4: offset=17203200, size=16384 bytes
📝 Piece 4: offset=17219584, size=0 bytes
📝 Piece 1: offset=5226496, size=12479 bytes
📝 Piece 1: offset=5238975, size=3905 bytes
.📝 Piece 0: offset=1753088, size=16384 bytes
📝 Piece 0: offset=1769472, size=0 bytes
📝 Piece 0: offset=1703936, size=11883 bytes
📝 Piece 0: offset=1715819, size=4501 bytes
📝 Piece 0: offset=1769472, size=16384 bytes
📝 Piece 0: offset=1785856, size=0 bytes
📝 Piece 1: offset=5242880, size=16384 bytes
📝 Piece 1: offset=5259264, size=0 bytes
📝 Piece 1: offset=5259264, size=12453 bytes
📝 Piece 1: offset=5271717, size=3931 bytes
📝 Piece 1: offset=5275648, size=16384 bytes
📝 Piece 1: offset=5292032, size=0 bytes
📝 Piece 1: offset=5292032, size=12427 bytes
📝 Piece 0: offset=1802240, size=11857 bytes
📝 Piece 0: offset=1814097, size=4527 bytes
📝 Piece 1: offset=5304459, size=3957 bytes
📝 Piece 0: offset=1785856, size=16384 bytes
📝 Piece 0: offset=1802240, size=0 bytes
📝 Piece 0: offset=1818624, size=11831 bytes
📝 Piece 0: offset=1830455, size=4553 bytes
📝 Piece 0: offset=1851392, size=16384 bytes
📝 Piece 0: offset=1867776, size=0 bytes
📝 Piece 1: offset=5308416, size=16384 bytes
📝 Piece 1: offset=5324800, size=0 bytes
📝 Piece 1: offset=5324800, size=12401 bytes
📝 Piece 1: offset=5337201, size=3983 bytes
📝 Piece 0: offset=1867776, size=11805 bytes
📝 Piece 0: offset=1879581, size=4579 bytes
📝 Piece 0: offset=1835008, size=16384 bytes
📝 Piece 0: offset=1851392, size=0 bytes
📝 Piece 0: offset=1884160, size=11779 bytes
📝 Piece 0: offset=1895939, size=4605 bytes
📝 Piece 1: offset=5341184, size=16384 bytes
📝 Piece 1: offset=5357568, size=0 bytes
📝 Piece 1: offset=5357568, size=12375 bytes
📝 Piece 1: offset=5369943, size=4009 bytes
📝 Piece 3: offset=12713984, size=16384 bytes
📝 Piece 3: offset=12730368, size=0 bytes
📝 Piece 3: offset=12730368, size=13264 bytes
📝 Piece 3: offset=12743632, size=3120 bytes
📝 Piece 1: offset=5373952, size=16384 bytes
📝 Piece 1: offset=5390336, size=0 bytes
📝 Piece 3: offset=12746752, size=16384 bytes
📝 Piece 0: offset=1916928, size=16384 bytes
📝 Piece 3: offset=12763136, size=0 bytes
📝 Piece 0: offset=1933312, size=0 bytes
📝 Piece 0: offset=1933312, size=11753 bytes
📝 Piece 0: offset=1945065, size=4631 bytes
📝 Piece 1: offset=5390336, size=12349 bytes
📝 Piece 1: offset=5402685, size=4035 bytes
📝 Piece 0: offset=1900544, size=16384 bytes
📝 Piece 0: offset=1916928, size=0 bytes
📝 Piece 3: offset=12763136, size=13238 bytes
📝 Piece 3: offset=12776374, size=3146 bytes
📝 Piece 1: offset=5406720, size=16384 bytes
📝 Piece 1: offset=5423104, size=0 bytes
📝 Piece 3: offset=12779520, size=16384 bytes
📝 Piece 3: offset=12795904, size=0 bytes
📝 Piece 0: offset=1949696, size=11727 bytes
📝 Piece 0: offset=1961423, size=4657 bytes
📝 Piece 3: offset=12795904, size=13212 bytes
📝 Piece 3: offset=12809116, size=3172 bytes
📝 Piece 1: offset=5423104, size=12323 bytes
📝 Piece 1: offset=5435427, size=4061 bytes
📝 Piece 1: offset=5439488, size=16384 bytes
📝 Piece 1: offset=5455872, size=0 bytes
📝 Piece 0: offset=1982464, size=16384 bytes
📝 Piece 0: offset=1998848, size=0 bytes
📝 Piece 3: offset=12812288, size=16384 bytes
📝 Piece 3: offset=12828672, size=0 bytes
📝 Piece 0: offset=1998848, size=11701 bytes
📝 Piece 0: offset=2010549, size=4683 bytes
📝 Piece 1: offset=5455872, size=12297 bytes
📝 Piece 1: offset=5468169, size=4087 bytes
📝 Piece 3: offset=12828672, size=13186 bytes
📝 Piece 3: offset=12841858, size=3198 bytes
📝 Piece 0: offset=2015232, size=16384 bytes
📝 Piece 0: offset=2031616, size=0 bytes
📝 Piece 3: offset=12845056, size=16384 bytes
📝 Piece 3: offset=12861440, size=0 bytes
📝 Piece 1: offset=5472256, size=16384 bytes
📝 Piece 1: offset=5488640, size=0 bytes
📝 Piece 4: offset=17219584, size=13106 bytes
📝 Piece 4: offset=17232690, size=3278 bytes
📝 Piece 4: offset=17235968, size=16384 bytes
📝 Piece 4: offset=17252352, size=0 bytes
📝 Piece 4: offset=17252352, size=13080 bytes
📝 Piece 4: offset=17265432, size=3304 bytes
📝 Piece 4: offset=17268736, size=16384 bytes
📝 Piece 4: offset=17285120, size=0 bytes
📝 Piece 4: offset=17285120, size=13054 bytes
📝 Piece 4: offset=17298174, size=3330 bytes
📝 Piece 4: offset=17301504, size=16384 bytes
📝 Piece 4: offset=17317888, size=0 bytes
📝 Piece 4: offset=17317888, size=13028 bytes
📝 Piece 4: offset=17330916, size=3356 bytes
📝 Piece 4: offset=17334272, size=16384 bytes
📝 Piece 4: offset=17350656, size=0 bytes
📝 Piece 4: offset=17350656, size=13002 bytes
📝 Piece 4: offset=17363658, size=3382 bytes
📝 Piece 4: offset=17367040, size=16384 bytes
📝 Piece 4: offset=17383424, size=0 bytes
📝 Piece 4: offset=17383424, size=12976 bytes
📝 Piece 4: offset=17396400, size=3408 bytes
📝 Piece 4: offset=17399808, size=16384 bytes
📝 Piece 4: offset=17416192, size=0 bytes
📝 Piece 4: offset=17416192, size=12950 bytes
📝 Piece 4: offset=17429142, size=3434 bytes
📝 Piece 4: offset=17432576, size=16384 bytes
📝 Piece 4: offset=17448960, size=0 bytes
📝 Piece 4: offset=17448960, size=12924 bytes
📝 Piece 4: offset=17461884, size=3460 bytes
📝 Piece 4: offset=17465344, size=16384 bytes
📝 Piece 4: offset=17481728, size=0 bytes
📝 Piece 4: offset=17481728, size=12898 bytes
📝 Piece 4: offset=17494626, size=3486 bytes
📝 Piece 4: offset=17498112, size=16384 bytes
📝 Piece 4: offset=17514496, size=0 bytes
📝 Piece 3: offset=12861440, size=13160 bytes
📝 Piece 1: offset=5488640, size=12271 bytes
📝 Piece 3: offset=12874600, size=3224 bytes
📝 Piece 1: offset=5500911, size=4113 bytes
📝 Piece 0: offset=1966080, size=11675 bytes
📝 Piece 0: offset=1977755, size=4709 bytes
📝 Piece 0: offset=2031616, size=16384 bytes
📝 Piece 0: offset=2048000, size=0 bytes
📝 Piece 0: offset=2064384, size=11649 bytes
📝 Piece 0: offset=2076033, size=4735 bytes
📝 Piece 4: offset=17514496, size=12872 bytes
📝 Piece 4: offset=17527368, size=3512 bytes
📝 Piece 4: offset=17530880, size=16384 bytes
📝 Piece 4: offset=17547264, size=0 bytes
📝 Piece 4: offset=17547264, size=12846 bytes
📝 Piece 4: offset=17560110, size=3538 bytes
📝 Piece 4: offset=17563648, size=16384 bytes
📝 Piece 4: offset=17580032, size=0 bytes
📝 Piece 1: offset=5505024, size=16384 bytes
📝 Piece 1: offset=5521408, size=0 bytes
📝 Piece 1: offset=5521408, size=12245 bytes
📝 Piece 1: offset=5533653, size=4139 bytes
📝 Piece 4: offset=17580032, size=12820 bytes
📝 Piece 4: offset=17592852, size=3564 bytes
📝 Piece 4: offset=17596416, size=16384 bytes
📝 Piece 4: offset=17612800, size=0 bytes
📝 Piece 4: offset=17612800, size=12794 bytes
📝 Piece 4: offset=17625594, size=3590 bytes
📝 Piece 4: offset=17629184, size=16384 bytes
📝 Piece 4: offset=17645568, size=0 bytes
📝 Piece 4: offset=17645568, size=12768 bytes
📝 Piece 4: offset=17658336, size=3616 bytes
📝 Piece 4: offset=17661952, size=16384 bytes
📝 Piece 4: offset=17678336, size=0 bytes
📝 Piece 1: offset=5537792, size=16384 bytes
📝 Piece 1: offset=5554176, size=0 bytes
📝 Piece 0: offset=2080768, size=16384 bytes
📝 Piece 0: offset=2097152, size=0 bytes
📝 Piece 0: offset=2048000, size=11623 bytes
📝 Piece 0: offset=2059623, size=4761 bytes
📝 Piece 0: offset=2113536, size=16384 bytes
📝 Piece 0: offset=2129920, size=0 bytes
📝 Piece 1: offset=5554176, size=12219 bytes
📝 Piece 1: offset=5566395, size=4165 bytes
📝 Piece 1: offset=5570560, size=16384 bytes
📝 Piece 1: offset=5586944, size=0 bytes
📝 Piece 1: offset=5586944, size=12193 bytes
📝 Piece 1: offset=5599137, size=4191 bytes
📝 Piece 0: offset=2129920, size=11597 bytes
📝 Piece 0: offset=2141517, size=4787 bytes
📝 Piece 1: offset=5603328, size=16384 bytes
📝 Piece 1: offset=5619712, size=0 bytes
📝 Piece 0: offset=2146304, size=16384 bytes
📝 Piece 0: offset=2162688, size=0 bytes
📝 Piece 0: offset=2097152, size=11571 bytes
📝 Piece 0: offset=2108723, size=4813 bytes
📝 Piece 1: offset=5619712, size=12167 bytes
📝 Piece 1: offset=5631879, size=4217 bytes
📝 Piece 0: offset=2162688, size=16384 bytes
📝 Piece 0: offset=2179072, size=0 bytes
📝 Piece 3: offset=12877824, size=16384 bytes
📝 Piece 3: offset=12894208, size=0 bytes
📝 Piece 1: offset=5636096, size=16384 bytes
📝 Piece 1: offset=5652480, size=0 bytes
📝 Piece 3: offset=12894208, size=13134 bytes
📝 Piece 3: offset=12907342, size=3250 bytes
📝 Piece 1: offset=5652480, size=12141 bytes
📝 Piece 1: offset=5664621, size=4243 bytes
📝 Piece 0: offset=2179072, size=11545 bytes
📝 Piece 0: offset=2190617, size=4839 bytes
📝 Piece 3: offset=12910592, size=16384 bytes
📝 Piece 0: offset=2211840, size=16384 bytes
📝 Piece 3: offset=12926976, size=0 bytes
📝 Piece 0: offset=2228224, size=0 bytes
📝 Piece 1: offset=5668864, size=16384 bytes
📝 Piece 1: offset=5685248, size=0 bytes
📝 Piece 0: offset=2195456, size=11519 bytes
📝 Piece 0: offset=2206975, size=4865 bytes
📝 Piece 3: offset=12943360, size=13108 bytes
📝 Piece 3: offset=12956468, size=3276 bytes
📝 Piece 1: offset=5685248, size=12115 bytes
📝 Piece 1: offset=5697363, size=4269 bytes
📝 Piece 1: offset=5701632, size=16384 bytes
📝 Piece 1: offset=5718016, size=0 bytes
📝 Piece 3: offset=12926976, size=16384 bytes
📝 Piece 3: offset=12943360, size=0 bytes
📝 Piece 0: offset=2228224, size=16384 bytes
📝 Piece 0: offset=2244608, size=0 bytes
📝 Piece 3: offset=12959744, size=13082 bytes
📝 Piece 3: offset=12972826, size=3302 bytes
📝 Piece 1: offset=5718016, size=12089 bytes
📝 Piece 1: offset=5730105, size=4295 bytes
📝 Piece 0: offset=2244608, size=11493 bytes
📝 Piece 0: offset=2256101, size=4891 bytes
📝 Piece 0: offset=2277376, size=16384 bytes
📝 Piece 0: offset=2293760, size=0 bytes
📝 Piece 1: offset=5734400, size=16384 bytes
📝 Piece 1: offset=5750784, size=0 bytes
📝 Piece 3: offset=12976128, size=16384 bytes
📝 Piece 3: offset=12992512, size=0 bytes
📝 Piece 0: offset=2293760, size=11467 bytes
📝 Piece 0: offset=2305227, size=4917 bytes
📝 Piece 1: offset=5750784, size=12063 bytes
📝 Piece 1: offset=5762847, size=4321 bytes
📝 Piece 3: offset=12992512, size=13056 bytes
📝 Piece 3: offset=13005568, size=3328 bytes
📝 Piece 1: offset=5767168, size=16384 bytes
📝 Piece 1: offset=5783552, size=0 bytes
📝 Piece 3: offset=13008896, size=16384 bytes
📝 Piece 3: offset=13025280, size=0 bytes
📝 Piece 0: offset=2260992, size=16384 bytes
📝 Piece 0: offset=2277376, size=0 bytes
📝 Piece 1: offset=5783552, size=12037 bytes
📝 Piece 1: offset=5795589, size=4347 bytes
📝 Piece 3: offset=13025280, size=13030 bytes
📝 Piece 3: offset=13038310, size=3354 bytes
📝 Piece 0: offset=2310144, size=11441 bytes
📝 Piece 0: offset=2321585, size=4943 bytes
📝 Piece 1: offset=5799936, size=16384 bytes
📝 Piece 1: offset=5816320, size=0 bytes
📝 Piece 0: offset=2326528, size=16384 bytes
📝 Piece 0: offset=2342912, size=0 bytes
📝 Piece 3: offset=13041664, size=16384 bytes
📝 Piece 3: offset=13058048, size=0 bytes
📝 Piece 4: offset=17678336, size=12742 bytes
📝 Piece 4: offset=17691078, size=3642 bytes
📝 Piece 4: offset=17694720, size=16384 bytes
📝 Piece 4: offset=17711104, size=0 bytes
📝 Piece 4: offset=17711104, size=12716 bytes
📝 Piece 4: offset=17723820, size=3668 bytes
📝 Piece 4: offset=17727488, size=16384 bytes
📝 Piece 4: offset=17743872, size=0 bytes
📝 Piece 4: offset=17743872, size=12690 bytes
📝 Piece 4: offset=17756562, size=3694 bytes
📝 Piece 4: offset=17760256, size=16384 bytes
📝 Piece 4: offset=17776640, size=0 bytes
📝 Piece 4: offset=17776640, size=12664 bytes
📝 Piece 4: offset=17789304, size=3720 bytes
📝 Piece 4: offset=17793024, size=16384 bytes
📝 Piece 4: offset=17809408, size=0 bytes
📝 Piece 4: offset=17809408, size=12638 bytes
📝 Piece 4: offset=17822046, size=3746 bytes
📝 Piece 4: offset=17825792, size=16384 bytes
📝 Piece 4: offset=17842176, size=0 bytes
📝 Piece 4: offset=17842176, size=12612 bytes
📝 Piece 4: offset=17854788, size=3772 bytes
📝 Piece 4: offset=17858560, size=16384 bytes
📝 Piece 4: offset=17874944, size=0 bytes
📝 Piece 4: offset=17874944, size=12586 bytes
📝 Piece 4: offset=17887530, size=3798 bytes
📝 Piece 4: offset=17891328, size=16384 bytes
📝 Piece 4: offset=17907712, size=0 bytes
📝 Piece 4: offset=17907712, size=12560 bytes
📝 Piece 4: offset=17920272, size=3824 bytes
📝 Piece 4: offset=17924096, size=16384 bytes
📝 Piece 4: offset=17940480, size=0 bytes
📝 Piece 4: offset=17940480, size=12534 bytes
📝 Piece 4: offset=17953014, size=3850 bytes
📝 Piece 1: offset=5816320, size=12011 bytes
📝 Piece 1: offset=5828331, size=4373 bytes
📝 Piece 0: offset=2342912, size=11415 bytes
📝 Piece 0: offset=2354327, size=4969 bytes
📝 Piece 1: offset=5832704, size=16384 bytes
📝 Piece 1: offset=5849088, size=0 bytes
📝 Piece 3: offset=13058048, size=13004 bytes
📝 Piece 3: offset=13071052, size=3380 bytes
📝 Piece 4: offset=17956864, size=16384 bytes
📝 Piece 4: offset=17973248, size=0 bytes
📝 Piece 4: offset=17973248, size=12508 bytes
📝 Piece 4: offset=17985756, size=3876 bytes
📝 Piece 4: offset=17989632, size=16384 bytes
📝 Piece 4: offset=18006016, size=0 bytes
📝 Piece 4: offset=18006016, size=12482 bytes
📝 Piece 4: offset=18018498, size=3902 bytes
📝 Piece 4: offset=18022400, size=16384 bytes
📝 Piece 4: offset=18038784, size=0 bytes
📝 Piece 4: offset=18038784, size=12456 bytes
📝 Piece 4: offset=18051240, size=3928 bytes
📝 Piece 4: offset=18055168, size=16384 bytes
📝 Piece 4: offset=18071552, size=0 bytes
📝 Piece 4: offset=18071552, size=12430 bytes
📝 Piece 4: offset=18083982, size=3954 bytes
📝 Piece 4: offset=18087936, size=16384 bytes
📝 Piece 4: offset=18104320, size=0 bytes
📝 Piece 4: offset=18104320, size=12404 bytes
📝 Piece 4: offset=18116724, size=3980 bytes
📝 Piece 3: offset=13074432, size=16384 bytes
📝 Piece 3: offset=13090816, size=0 bytes
📝 Piece 1: offset=5849088, size=11985 bytes
📝 Piece 1: offset=5861073, size=4399 bytes
📝 Piece 0: offset=2359296, size=16384 bytes
📝 Piece 0: offset=2375680, size=0 bytes
📝 Piece 4: offset=18120704, size=16384 bytes
📝 Piece 4: offset=18137088, size=0 bytes
📝 Piece 4: offset=18137088, size=12378 bytes
📝 Piece 4: offset=18149466, size=4006 bytes
📝 Piece 4: offset=18153472, size=16384 bytes
📝 Piece 4: offset=18169856, size=0 bytes
📝 Piece 4: offset=18169856, size=12352 bytes
📝 Piece 4: offset=18182208, size=4032 bytes
📝 Piece 0: offset=2375680, size=11389 bytes
📝 Piece 0: offset=2387069, size=4995 bytes
📝 Piece 1: offset=5865472, size=16384 bytes
📝 Piece 3: offset=13090816, size=12978 bytes
📝 Piece 1: offset=5881856, size=0 bytes
📝 Piece 3: offset=13103794, size=3406 bytes
📝 Piece 0: offset=2392064, size=16384 bytes
📝 Piece 0: offset=2408448, size=0 bytes
📝 Piece 3: offset=13107200, size=16384 bytes
📝 Piece 3: offset=13123584, size=0 bytes
📝 Piece 4: offset=18186240, size=16384 bytes
📝 Piece 4: offset=18202624, size=0 bytes
📝 Piece 4: offset=18202624, size=12326 bytes
📝 Piece 4: offset=18214950, size=4058 bytes
📝 Piece 4: offset=18219008, size=16384 bytes
📝 Piece 4: offset=18235392, size=0 bytes
📝 Piece 4: offset=18235392, size=12300 bytes
📝 Piece 4: offset=18247692, size=4084 bytes
📝 Piece 4: offset=18251776, size=16384 bytes
📝 Piece 4: offset=18268160, size=0 bytes
📝 Piece 4: offset=18268160, size=12274 bytes
📝 Piece 4: offset=18280434, size=4110 bytes
📝 Piece 4: offset=18284544, size=16384 bytes
📝 Piece 4: offset=18300928, size=0 bytes
📝 Piece 4: offset=18300928, size=12248 bytes
📝 Piece 4: offset=18313176, size=4136 bytes
📝 Piece 3: offset=13123584, size=12952 bytes
📝 Piece 3: offset=13136536, size=3432 bytes
📝 Piece 4: offset=18317312, size=16384 bytes
📝 Piece 4: offset=18333696, size=0 bytes
📝 Piece 4: offset=18333696, size=12222 bytes
📝 Piece 4: offset=18345918, size=4162 bytes
📝 Piece 4: offset=18350080, size=16384 bytes
📝 Piece 4: offset=18366464, size=0 bytes
📝 Piece 4: offset=18366464, size=12196 bytes
📝 Piece 4: offset=18378660, size=4188 bytes
📝 Piece 3: offset=13139968, size=16384 bytes
📝 Piece 3: offset=13156352, size=0 bytes
📝 Piece 4: offset=18382848, size=16384 bytes
📝 Piece 4: offset=18399232, size=0 bytes
📝 Piece 4: offset=18399232, size=12170 bytes
📝 Piece 4: offset=18411402, size=4214 bytes
📝 Piece 4: offset=18415616, size=16384 bytes
📝 Piece 4: offset=18432000, size=0 bytes
📝 Piece 4: offset=18432000, size=12144 bytes
📝 Piece 4: offset=18444144, size=4240 bytes
📝 Piece 4: offset=18448384, size=16384 bytes
📝 Piece 4: offset=18464768, size=0 bytes
📝 Piece 4: offset=18464768, size=12118 bytes
📝 Piece 4: offset=18476886, size=4266 bytes
📝 Piece 4: offset=18481152, size=16384 bytes
📝 Piece 4: offset=18497536, size=0 bytes
📝 Piece 4: offset=18497536, size=12092 bytes
📝 Piece 4: offset=18509628, size=4292 bytes
📝 Piece 4: offset=18513920, size=16384 bytes
📝 Piece 4: offset=18530304, size=0 bytes
📝 Piece 4: offset=18530304, size=12066 bytes
📝 Piece 4: offset=18542370, size=4318 bytes
📝 Piece 4: offset=18546688, size=16384 bytes
📝 Piece 4: offset=18563072, size=0 bytes
📝 Piece 4: offset=18563072, size=12040 bytes
📝 Piece 4: offset=18575112, size=4344 bytes
📝 Piece 4: offset=18579456, size=16384 bytes
📝 Piece 4: offset=18595840, size=0 bytes
📝 Piece 1: offset=5881856, size=11959 bytes
📝 Piece 1: offset=5893815, size=4425 bytes
📝 Piece 0: offset=2408448, size=11363 bytes
📝 Piece 0: offset=2419811, size=5021 bytes
📝 Piece 4: offset=18595840, size=12014 bytes
📝 Piece 4: offset=18607854, size=4370 bytes
📝 Piece 1: offset=5898240, size=16384 bytes
📝 Piece 1: offset=5914624, size=0 bytes
📝 Piece 1: offset=5914624, size=11933 bytes
📝 Piece 1: offset=5926557, size=4451 bytes
📝 Piece 0: offset=2424832, size=16384 bytes
📝 Piece 0: offset=2441216, size=0 bytes
📝 Piece 0: offset=2441216, size=11337 bytes
📝 Piece 0: offset=2452553, size=5047 bytes
📝 Piece 4: offset=18612224, size=16384 bytes
📝 Piece 4: offset=18628608, size=0 bytes
📝 Piece 4: offset=18628608, size=11988 bytes
📝 Piece 4: offset=18640596, size=4396 bytes
📝 Piece 4: offset=18644992, size=16384 bytes
📝 Piece 4: offset=18661376, size=0 bytes
📝 Piece 4: offset=18661376, size=11962 bytes
📝 Piece 4: offset=18673338, size=4422 bytes
📝 Piece 4: offset=18677760, size=16384 bytes
📝 Piece 4: offset=18694144, size=0 bytes
📝 Piece 4: offset=18694144, size=11936 bytes
📝 Piece 4: offset=18706080, size=4448 bytes
📝 Piece 0: offset=2457600, size=16384 bytes
📝 Piece 0: offset=2473984, size=0 bytes
📝 Piece 0: offset=2473984, size=11311 bytes
📝 Piece 0: offset=2485295, size=5073 bytes
📝 Piece 4: offset=18710528, size=16384 bytes
📝 Piece 4: offset=18726912, size=0 bytes
📝 Piece 4: offset=18726912, size=11910 bytes
📝 Piece 4: offset=18738822, size=4474 bytes
📝 Piece 4: offset=18743296, size=16384 bytes
📝 Piece 4: offset=18759680, size=0 bytes
📝 Piece 4: offset=18759680, size=11884 bytes
📝 Piece 4: offset=18771564, size=4500 bytes
📝 Piece 4: offset=18776064, size=16384 bytes
📝 Piece 4: offset=18792448, size=0 bytes
📝 Piece 1: offset=5931008, size=16384 bytes
📝 Piece 1: offset=5947392, size=0 bytes
📝 Piece 1: offset=5947392, size=11907 bytes
📝 Piece 1: offset=5959299, size=4477 bytes
📝 Piece 1: offset=5963776, size=16384 bytes
📝 Piece 1: offset=5980160, size=0 bytes
📝 Piece 4: offset=18792448, size=11858 bytes
📝 Piece 4: offset=18804306, size=4526 bytes
📝 Piece 4: offset=18808832, size=16384 bytes
📝 Piece 4: offset=18825216, size=0 bytes
📝 Piece 4: offset=18825216, size=11832 bytes
📝 Piece 4: offset=18837048, size=4552 bytes
📝 Piece 4: offset=18841600, size=16384 bytes
📝 Piece 4: offset=18857984, size=0 bytes
📝 Piece 4: offset=18857984, size=11806 bytes
📝 Piece 4: offset=18869790, size=4578 bytes
📝 Piece 0: offset=2506752, size=16384 bytes
📝 Piece 0: offset=2523136, size=0 bytes
📝 Piece 0: offset=2523136, size=11285 bytes
📝 Piece 4: offset=18874368, size=16384 bytes
📝 Piece 0: offset=2534421, size=5099 bytes
📝 Piece 4: offset=18890752, size=0 bytes
📝 Piece 4: offset=18890752, size=11780 bytes
📝 Piece 4: offset=18902532, size=4604 bytes
📝 Piece 4: offset=18907136, size=16384 bytes
📝 Piece 4: offset=18923520, size=0 bytes
📝 Piece 4: offset=18923520, size=11754 bytes
📝 Piece 4: offset=18935274, size=4630 bytes
📝 Piece 4: offset=18939904, size=16384 bytes
📝 Piece 4: offset=18956288, size=0 bytes
📝 Piece 4: offset=18956288, size=11728 bytes
📝 Piece 4: offset=18968016, size=4656 bytes
📝 Piece 4: offset=18972672, size=16384 bytes
📝 Piece 4: offset=18989056, size=0 bytes
📝 Piece 4: offset=18989056, size=11702 bytes
📝 Piece 4: offset=19000758, size=4682 bytes
📝 Piece 4: offset=19005440, size=16384 bytes
📝 Piece 4: offset=19021824, size=0 bytes
📝 Piece 4: offset=19021824, size=11676 bytes
📝 Piece 4: offset=19033500, size=4708 bytes
📝 Piece 4: offset=19038208, size=16384 bytes
📝 Piece 4: offset=19054592, size=0 bytes
📝 Piece 4: offset=19054592, size=11650 bytes
📝 Piece 4: offset=19066242, size=4734 bytes
📝 Piece 4: offset=19070976, size=16384 bytes
📝 Piece 4: offset=19087360, size=0 bytes
📝 Piece 4: offset=19087360, size=11624 bytes
📝 Piece 4: offset=19098984, size=4760 bytes
📝 Piece 4: offset=19103744, size=16384 bytes
📝 Piece 4: offset=19120128, size=0 bytes
📝 Piece 4: offset=19120128, size=11598 bytes
📝 Piece 4: offset=19131726, size=4786 bytes
📝 Piece 4: offset=19136512, size=16384 bytes
📝 Piece 1: offset=5980160, size=11881 bytes
📝 Piece 4: offset=19152896, size=0 bytes
📝 Piece 1: offset=5992041, size=4503 bytes
📝 Piece 0: offset=2539520, size=16384 bytes
📝 Piece 0: offset=2555904, size=0 bytes
📝 Piece 0: offset=2490368, size=11259 bytes
📝 Piece 4: offset=19152896, size=11572 bytes
📝 Piece 0: offset=2501627, size=5125 bytes
📝 Piece 4: offset=19164468, size=4812 bytes
📝 Piece 4: offset=19169280, size=16384 bytes
📝 Piece 4: offset=19185664, size=0 bytes
📝 Piece 4: offset=19185664, size=11546 bytes
📝 Piece 4: offset=19197210, size=4838 bytes
📝 Piece 4: offset=19202048, size=16384 bytes
📝 Piece 4: offset=19218432, size=0 bytes
📝 Piece 4: offset=19218432, size=11520 bytes
📝 Piece 4: offset=19229952, size=4864 bytes
📝 Piece 4: offset=19234816, size=16384 bytes
📝 Piece 4: offset=19251200, size=0 bytes
📝 Piece 4: offset=19251200, size=11494 bytes
📝 Piece 4: offset=19262694, size=4890 bytes
📝 Piece 4: offset=19267584, size=16384 bytes
📝 Piece 4: offset=19283968, size=0 bytes
📝 Piece 4: offset=19283968, size=11468 bytes
📝 Piece 4: offset=19295436, size=4916 bytes
📝 Piece 4: offset=19300352, size=16384 bytes
📝 Piece 4: offset=19316736, size=0 bytes
📝 Piece 4: offset=19316736, size=11442 bytes
📝 Piece 4: offset=19328178, size=4942 bytes
📝 Piece 1: offset=5996544, size=16384 bytes
📝 Piece 1: offset=6012928, size=0 bytes
📝 Piece 4: offset=19333120, size=16384 bytes
📝 Piece 4: offset=19349504, size=0 bytes
📝 Piece 4: offset=19349504, size=11416 bytes
📝 Piece 4: offset=19360920, size=4968 bytes
📝 Piece 4: offset=19365888, size=16384 bytes
📝 Piece 4: offset=19382272, size=0 bytes
📝 Piece 4: offset=19382272, size=11390 bytes
📝 Piece 4: offset=19393662, size=4994 bytes
📝 Piece 1: offset=6012928, size=11855 bytes
📝 Piece 1: offset=6024783, size=4529 bytes
📝 Piece 1: offset=6029312, size=16384 bytes
📝 Piece 1: offset=6045696, size=0 bytes
📝 Piece 4: offset=19398656, size=16384 bytes
📝 Piece 4: offset=19415040, size=0 bytes
📝 Piece 4: offset=19415040, size=11364 bytes
📝 Piece 4: offset=19426404, size=5020 bytes
📝 Piece 4: offset=19431424, size=16384 bytes
📝 Piece 4: offset=19447808, size=0 bytes
📝 Piece 4: offset=19447808, size=11338 bytes
📝 Piece 4: offset=19459146, size=5046 bytes
📝 Piece 4: offset=19464192, size=16384 bytes
📝 Piece 4: offset=19480576, size=0 bytes
📝 Piece 4: offset=19480576, size=11312 bytes
📝 Piece 0: offset=2555904, size=16384 bytes
📝 Piece 0: offset=2572288, size=0 bytes
📝 Piece 4: offset=19491888, size=5072 bytes
📝 Piece 4: offset=19496960, size=16384 bytes
📝 Piece 4: offset=19513344, size=0 bytes
📝 Piece 4: offset=19513344, size=11286 bytes
📝 Piece 4: offset=19524630, size=5098 bytes
📝 Piece 4: offset=19529728, size=16384 bytes
📝 Piece 4: offset=19546112, size=0 bytes
📝 Piece 4: offset=19546112, size=11260 bytes
📝 Piece 4: offset=19557372, size=5124 bytes
📝 Piece 4: offset=19562496, size=16384 bytes
📝 Piece 4: offset=19578880, size=0 bytes
📝 Piece 4: offset=19578880, size=11234 bytes
📝 Piece 4: offset=19590114, size=5150 bytes
📝 Piece 4: offset=19595264, size=16384 bytes
📝 Piece 4: offset=19611648, size=0 bytes
📝 Piece 4: offset=19611648, size=11208 bytes
📝 Piece 4: offset=19622856, size=5176 bytes
📝 Piece 4: offset=19628032, size=16384 bytes
📝 Piece 4: offset=19644416, size=0 bytes
📝 Piece 4: offset=19644416, size=11182 bytes
📝 Piece 4: offset=19655598, size=5202 bytes
📝 Piece 4: offset=19660800, size=16384 bytes
📝 Piece 4: offset=19677184, size=0 bytes
📝 Piece 4: offset=19677184, size=11156 bytes
📝 Piece 0: offset=2572288, size=11233 bytes
📝 Piece 4: offset=19688340, size=5228 bytes
📝 Piece 0: offset=2583521, size=5151 bytes
📝 Piece 4: offset=19693568, size=16384 bytes
📝 Piece 4: offset=19709952, size=0 bytes
📝 Piece 4: offset=19709952, size=11130 bytes
📝 Piece 4: offset=19721082, size=5254 bytes
📝 Piece 4: offset=19726336, size=16384 bytes
📝 Piece 4: offset=19742720, size=0 bytes
📝 Piece 4: offset=19742720, size=11104 bytes
📝 Piece 4: offset=19753824, size=5280 bytes
📝 Piece 0: offset=2588672, size=16384 bytes
📝 Piece 0: offset=2605056, size=0 bytes
📝 Piece 4: offset=19759104, size=16384 bytes
📝 Piece 4: offset=19775488, size=0 bytes
📝 Piece 4: offset=19775488, size=11078 bytes
📝 Piece 4: offset=19786566, size=5306 bytes
📝 Piece 4: offset=19791872, size=16384 bytes
📝 Piece 4: offset=19808256, size=0 bytes
📝 Piece 4: offset=19808256, size=11052 bytes
📝 Piece 4: offset=19819308, size=5332 bytes
📝 Piece 4: offset=19824640, size=16384 bytes
📝 Piece 4: offset=19841024, size=0 bytes
📝 Piece 4: offset=19841024, size=11026 bytes
📝 Piece 4: offset=19852050, size=5358 bytes
📝 Piece 4: offset=19857408, size=16384 bytes
📝 Piece 4: offset=19873792, size=0 bytes
📝 Piece 4: offset=19873792, size=11000 bytes
📝 Piece 4: offset=19884792, size=5384 bytes
📝 Piece 4: offset=19890176, size=16384 bytes
📝 Piece 4: offset=19906560, size=0 bytes
📝 Piece 4: offset=19906560, size=10974 bytes
📝 Piece 4: offset=19917534, size=5410 bytes
📝 Piece 4: offset=19922944, size=16384 bytes
📝 Piece 4: offset=19939328, size=0 bytes
📝 Piece 4: offset=19939328, size=10948 bytes
📝 Piece 4: offset=19950276, size=5436 bytes
📝 Piece 4: offset=19955712, size=16384 bytes
📝 Piece 4: offset=19972096, size=0 bytes
📝 Piece 4: offset=19972096, size=10922 bytes
📝 Piece 4: offset=19983018, size=5462 bytes
📝 Piece 4: offset=19988480, size=16384 bytes
📝 Piece 4: offset=20004864, size=0 bytes
📝 Piece 4: offset=20004864, size=10896 bytes
📝 Piece 4: offset=20015760, size=5488 bytes
📝 Piece 4: offset=20021248, size=16384 bytes
📝 Piece 4: offset=20037632, size=0 bytes
📝 Piece 4: offset=20037632, size=10870 bytes
📝 Piece 4: offset=20048502, size=5514 bytes
📝 Piece 4: offset=20054016, size=16384 bytes
📝 Piece 4: offset=20070400, size=0 bytes
📝 Piece 4: offset=20070400, size=10844 bytes
📝 Piece 4: offset=20081244, size=5540 bytes
📝 Piece 4: offset=20086784, size=16384 bytes
📝 Piece 4: offset=20103168, size=0 bytes
📝 Piece 4: offset=20103168, size=10818 bytes
📝 Piece 4: offset=20113986, size=5566 bytes
📝 Piece 4: offset=20119552, size=16384 bytes
📝 Piece 4: offset=20135936, size=0 bytes
📝 Piece 4: offset=20135936, size=10792 bytes
📝 Piece 4: offset=20146728, size=5592 bytes
📝 Piece 4: offset=20152320, size=16384 bytes
📝 Piece 4: offset=20168704, size=0 bytes
📝 Piece 4: offset=20168704, size=10766 bytes
📝 Piece 4: offset=20179470, size=5618 bytes
📝 Piece 4: offset=20185088, size=16384 bytes
📝 Piece 4: offset=20201472, size=0 bytes
📝 Piece 4: offset=20201472, size=10740 bytes
📝 Piece 4: offset=20212212, size=5644 bytes
📝 Piece 4: offset=20217856, size=16384 bytes
📝 Piece 4: offset=20234240, size=0 bytes
📝 Piece 4: offset=20234240, size=10714 bytes
📝 Piece 4: offset=20244954, size=5670 bytes
📝 Piece 4: offset=20250624, size=16384 bytes
📝 Piece 4: offset=20267008, size=0 bytes
📝 Piece 4: offset=20267008, size=10688 bytes
📝 Piece 4: offset=20277696, size=5696 bytes
📝 Piece 3: offset=13156352, size=12926 bytes
📝 Piece 3: offset=13169278, size=3458 bytes
📝 Piece 1: offset=6045696, size=11829 bytes
📝 Piece 1: offset=6057525, size=4555 bytes
📝 Piece 1: offset=6062080, size=16384 bytes
📝 Piece 1: offset=6078464, size=0 bytes
📝 Piece 3: offset=13172736, size=16384 bytes
📝 Piece 1: offset=6078464, size=11803 bytes
📝 Piece 3: offset=13189120, size=0 bytes
📝 Piece 1: offset=6090267, size=4581 bytes
📝 Piece 0: offset=2605056, size=11207 bytes
📝 Piece 0: offset=2616263, size=5177 bytes
📝 Piece 4: offset=20283392, size=16384 bytes
📝 Piece 4: offset=20299776, size=0 bytes
📝 Piece 4: offset=20299776, size=10662 bytes
📝 Piece 4: offset=20310438, size=5722 bytes
📝 Piece 3: offset=13189120, size=12900 bytes
📝 Piece 3: offset=13202020, size=3484 bytes
📝 Piece 0: offset=2637824, size=16384 bytes
📝 Piece 0: offset=2654208, size=0 bytes
📝 Piece 3: offset=13205504, size=16384 bytes
📝 Piece 3: offset=13221888, size=0 bytes
📝 Piece 3: offset=13221888, size=12874 bytes
📝 Piece 3: offset=13234762, size=3510 bytes
📝 Piece 4: offset=20316160, size=16384 bytes
📝 Piece 4: offset=20332544, size=0 bytes
📝 Piece 4: offset=20332544, size=10636 bytes
📝 Piece 4: offset=20343180, size=5748 bytes
📝 Piece 4: offset=20348928, size=16384 bytes
📝 Piece 4: offset=20365312, size=0 bytes
📝 Piece 4: offset=20365312, size=10610 bytes
📝 Piece 4: offset=20375922, size=5774 bytes
📝 Piece 4: offset=20381696, size=16384 bytes
📝 Piece 4: offset=20398080, size=0 bytes
📝 Piece 4: offset=20398080, size=10584 bytes
📝 Piece 4: offset=20408664, size=5800 bytes
📝 Piece 4: offset=20414464, size=16384 bytes
📝 Piece 4: offset=20430848, size=0 bytes
📝 Piece 4: offset=20430848, size=10558 bytes
📝 Piece 4: offset=20441406, size=5826 bytes
📝 Piece 4: offset=20447232, size=16384 bytes
📝 Piece 4: offset=20463616, size=0 bytes
📝 Piece 4: offset=20463616, size=10532 bytes
📝 Piece 4: offset=20474148, size=5852 bytes
📝 Piece 4: offset=20480000, size=16384 bytes
📝 Piece 4: offset=20496384, size=0 bytes
📝 Piece 3: offset=13254656, size=16384 bytes
📝 Piece 3: offset=13271040, size=0 bytes
📝 Piece 0: offset=2654208, size=11181 bytes
📝 Piece 3: offset=13271040, size=12848 bytes
📝 Piece 0: offset=2665389, size=5203 bytes
📝 Piece 3: offset=13283888, size=3536 bytes
📝 Piece 4: offset=20496384, size=10506 bytes
📝 Piece 4: offset=20506890, size=5878 bytes
📝 Piece 4: offset=20512768, size=16384 bytes
📝 Piece 4: offset=20529152, size=0 bytes
📝 Piece 4: offset=20529152, size=10480 bytes
📝 Piece 4: offset=20539632, size=5904 bytes
📝 Piece 4: offset=20545536, size=16384 bytes
📝 Piece 4: offset=20561920, size=0 bytes
📝 Piece 4: offset=20561920, size=10454 bytes
📝 Piece 4: offset=20572374, size=5930 bytes
📝 Piece 4: offset=20578304, size=16384 bytes
📝 Piece 4: offset=20594688, size=0 bytes
📝 Piece 4: offset=20594688, size=10428 bytes
📝 Piece 4: offset=20605116, size=5956 bytes
📝 Piece 4: offset=20611072, size=16384 bytes
📝 Piece 4: offset=20627456, size=0 bytes
📝 Piece 4: offset=20627456, size=10402 bytes
📝 Piece 4: offset=20637858, size=5982 bytes
📝 Piece 4: offset=20643840, size=16384 bytes
📝 Piece 4: offset=20660224, size=0 bytes
📝 Piece 4: offset=20660224, size=10376 bytes
📝 Piece 4: offset=20670600, size=6008 bytes
📝 Piece 4: offset=20676608, size=16384 bytes
📝 Piece 4: offset=20692992, size=0 bytes
📝 Piece 3: offset=13238272, size=16384 bytes
📝 Piece 3: offset=13254656, size=0 bytes
📝 Piece 4: offset=20692992, size=10350 bytes
📝 Piece 4: offset=20703342, size=6034 bytes
📝 Piece 4: offset=20709376, size=16384 bytes
📝 Piece 4: offset=20725760, size=0 bytes
📝 Piece 3: offset=13287424, size=12822 bytes
📝 Piece 4: offset=20725760, size=10324 bytes
📝 Piece 4: offset=20736084, size=6060 bytes
📝 Piece 3: offset=13300246, size=3562 bytes
📝 Piece 0: offset=2621440, size=16384 bytes
📝 Piece 0: offset=2637824, size=0 bytes
📝 Piece 4: offset=20742144, size=16384 bytes
📝 Piece 4: offset=20758528, size=0 bytes
📝 Piece 3: offset=13320192, size=16384 bytes
📝 Piece 3: offset=13336576, size=0 bytes
📝 Piece 3: offset=13303808, size=12796 bytes
📝 Piece 3: offset=13316604, size=3588 bytes
📝 Piece 3: offset=13336576, size=16384 bytes
📝 Piece 3: offset=13352960, size=0 bytes
📝 Piece 3: offset=13352960, size=12770 bytes
📝 Piece 3: offset=13365730, size=3614 bytes
📝 Piece 3: offset=13369344, size=16384 bytes
📝 Piece 3: offset=13385728, size=0 bytes
📝 Piece 3: offset=13385728, size=12744 bytes
📝 Piece 3: offset=13398472, size=3640 bytes
📝 Piece 3: offset=13434880, size=16384 bytes
📝 Piece 4: offset=20758528, size=10298 bytes
📝 Piece 3: offset=13451264, size=0 bytes
📝 Piece 4: offset=20768826, size=6086 bytes
📝 Piece 4: offset=20774912, size=16384 bytes
📝 Piece 4: offset=20791296, size=0 bytes
📝 Piece 4: offset=20791296, size=10272 bytes
📝 Piece 4: offset=20801568, size=6112 bytes
📝 Piece 4: offset=20807680, size=16384 bytes
📝 Piece 4: offset=20824064, size=0 bytes
📝 Piece 4: offset=20824064, size=10246 bytes
📝 Piece 4: offset=20834310, size=6138 bytes
📝 Piece 4: offset=20840448, size=16384 bytes
📝 Piece 4: offset=20856832, size=0 bytes
📝 Piece 4: offset=20856832, size=10220 bytes
📝 Piece 4: offset=20867052, size=6164 bytes
📝 Piece 4: offset=20873216, size=16384 bytes
📝 Piece 4: offset=20889600, size=0 bytes
📝 Piece 4: offset=20889600, size=10194 bytes
📝 Piece 4: offset=20899794, size=6190 bytes
📝 Piece 4: offset=20905984, size=16384 bytes
📝 Piece 4: offset=20922368, size=0 bytes
📝 Piece 4: offset=20922368, size=10168 bytes
📝 Piece 4: offset=20932536, size=6216 bytes
📝 Piece 4: offset=20938752, size=16384 bytes
📝 Piece 4: offset=20955136, size=0 bytes
📝 Piece 4: offset=20955136, size=10142 bytes
📝 Piece 4: offset=20965278, size=6242 bytes
📝 Piece 0: offset=2670592, size=11155 bytes
📝 Piece 3: offset=13451264, size=12718 bytes
📝 Piece 1: offset=6094848, size=16384 bytes
📝 Piece 3: offset=13463982, size=3666 bytes
📝 Piece 0: offset=2681747, size=5229 bytes
📝 Piece 1: offset=6111232, size=0 bytes
📝 Piece 3: offset=13402112, size=16384 bytes
📝 Piece 1: offset=6111232, size=11777 bytes
📝 Piece 0: offset=2703360, size=16384 bytes
📝 Piece 1: offset=6123009, size=4607 bytes
📝 Piece 3: offset=13418496, size=0 bytes
📝 Piece 0: offset=2719744, size=0 bytes
📝 Piece 3: offset=13418496, size=12692 bytes
📝 Piece 1: offset=6127616, size=16384 bytes
📝 Piece 3: offset=13431188, size=3692 bytes
📝 Piece 1: offset=6144000, size=0 bytes
📝 Piece 1: offset=6144000, size=11751 bytes
📝 Piece 3: offset=13467648, size=16384 bytes
📝 Piece 3: offset=13484032, size=0 bytes
📝 Piece 1: offset=6155751, size=4633 bytes
📝 Piece 3: offset=13484032, size=12666 bytes
📝 Piece 3: offset=13496698, size=3718 bytes
📝 Piece 3: offset=13500416, size=16384 bytes
📝 Piece 3: offset=13516800, size=0 bytes
📝 Piece 3: offset=13516800, size=12640 bytes
📝 Piece 3: offset=13529440, size=3744 bytes
📝 Piece 3: offset=13533184, size=16384 bytes
📝 Piece 3: offset=13549568, size=0 bytes
📝 Piece 3: offset=13549568, size=12614 bytes
📝 Piece 0: offset=2719744, size=11129 bytes
📝 Piece 0: offset=2730873, size=5255 bytes
📝 Piece 3: offset=13562182, size=3770 bytes
📝 Piece 3: offset=13565952, size=16384 bytes
📝 Piece 3: offset=13582336, size=0 bytes
📝 Piece 3: offset=13582336, size=12588 bytes
📝 Piece 3: offset=13594924, size=3796 bytes
📝 Piece 3: offset=13598720, size=16384 bytes
📝 Piece 3: offset=13615104, size=0 bytes
📝 Piece 3: offset=13615104, size=12562 bytes
📝 Piece 3: offset=13627666, size=3822 bytes
📝 Piece 0: offset=2686976, size=16384 bytes
📝 Piece 0: offset=2703360, size=0 bytes
📝 Piece 0: offset=2736128, size=11103 bytes
📝 Piece 0: offset=2747231, size=5281 bytes
📝 Piece 1: offset=6160384, size=16384 bytes
📝 Piece 1: offset=6176768, size=0 bytes
📝 Piece 1: offset=6176768, size=11725 bytes
📝 Piece 1: offset=6188493, size=4659 bytes
📝 Piece 1: offset=6193152, size=16384 bytes
📝 Piece 1: offset=6209536, size=0 bytes
📝 Piece 0: offset=2768896, size=16384 bytes
📝 Piece 0: offset=2785280, size=0 bytes
📝 Piece 0: offset=2785280, size=11077 bytes
📝 Piece 0: offset=2796357, size=5307 bytes
📝 Piece 0: offset=2752512, size=16384 bytes
📝 Piece 0: offset=2768896, size=0 bytes
📝 Piece 1: offset=6209536, size=11699 bytes
📝 Piece 1: offset=6221235, size=4685 bytes
📝 Piece 0: offset=2801664, size=11051 bytes
📝 Piece 0: offset=2812715, size=5333 bytes
📝 Piece 1: offset=6225920, size=16384 bytes
📝 Piece 1: offset=6242304, size=0 bytes
📝 Piece 1: offset=6242304, size=11673 bytes
📝 Piece 1: offset=6253977, size=4711 bytes
📝 Piece 1: offset=6258688, size=16384 bytes
📝 Piece 1: offset=6275072, size=0 bytes
📝 Piece 0: offset=2834432, size=16384 bytes
📝 Piece 0: offset=2850816, size=0 bytes
📝 Piece 0: offset=2850816, size=11025 bytes
📝 Piece 0: offset=2861841, size=5359 bytes
📝 Piece 0: offset=2818048, size=16384 bytes
📝 Piece 0: offset=2834432, size=0 bytes
📝 Piece 0: offset=2899968, size=10999 bytes
📝 Piece 0: offset=2910967, size=5385 bytes
📝 Piece 1: offset=6275072, size=11647 bytes
📝 Piece 1: offset=6286719, size=4737 bytes
📝 Piece 1: offset=6291456, size=16384 bytes
📝 Piece 1: offset=6307840, size=0 bytes
📝 Piece 1: offset=6307840, size=11621 bytes
📝 Piece 1: offset=6319461, size=4763 bytes
📝 Piece 0: offset=2916352, size=16384 bytes
📝 Piece 0: offset=2932736, size=0 bytes
📝 Piece 0: offset=2932736, size=10973 bytes
📝 Piece 0: offset=2943709, size=5411 bytes
📝 Piece 0: offset=2949120, size=16384 bytes
📝 Piece 0: offset=2965504, size=0 bytes
📝 Piece 1: offset=6324224, size=16384 bytes
📝 Piece 1: offset=6340608, size=0 bytes
📝 Piece 0: offset=2965504, size=10947 bytes
📝 Piece 0: offset=2976451, size=5437 bytes
📝 Piece 1: offset=6340608, size=11595 bytes
📝 Piece 1: offset=6352203, size=4789 bytes
📝 Piece 1: offset=6356992, size=16384 bytes
📝 Piece 1: offset=6373376, size=0 bytes
📝 Piece 1: offset=6373376, size=11569 bytes
📝 Piece 1: offset=6384945, size=4815 bytes
📝 Piece 0: offset=2981888, size=16384 bytes
📝 Piece 0: offset=2998272, size=0 bytes
📝 Piece 0: offset=2883584, size=10921 bytes
📝 Piece 0: offset=2894505, size=5463 bytes
📝 Piece 1: offset=6389760, size=16384 bytes
📝 Piece 0: offset=2867200, size=16384 bytes
📝 Piece 1: offset=6406144, size=0 bytes
📝 Piece 0: offset=2883584, size=0 bytes
📝 Piece 1: offset=6406144, size=11543 bytes
📝 Piece 0: offset=3063808, size=10895 bytes
📝 Piece 1: offset=6417687, size=4841 bytes
📝 Piece 0: offset=3074703, size=5489 bytes
📝 Piece 0: offset=3031040, size=16384 bytes
📝 Piece 1: offset=6422528, size=16384 bytes
📝 Piece 1: offset=6438912, size=0 bytes
📝 Piece 0: offset=3047424, size=0 bytes
📝 Piece 0: offset=3014656, size=10869 bytes
📝 Piece 1: offset=6438912, size=11517 bytes
📝 Piece 0: offset=3025525, size=5515 bytes
📝 Piece 1: offset=6450429, size=4867 bytes
📝 Piece 1: offset=6455296, size=16384 bytes
📝 Piece 1: offset=6471680, size=0 bytes
📝 Piece 1: offset=6471680, size=11491 bytes
📝 Piece 1: offset=6483171, size=4893 bytes
📝 Piece 0: offset=3096576, size=16384 bytes
📝 Piece 0: offset=3112960, size=0 bytes
📝 Piece 0: offset=3112960, size=10843 bytes
📝 Piece 0: offset=3123803, size=5541 bytes
📝 Piece 0: offset=3080192, size=16384 bytes
📝 Piece 0: offset=3096576, size=0 bytes
📝 Piece 0: offset=3047424, size=10817 bytes
📝 Piece 0: offset=3058241, size=5567 bytes
📝 Piece 0: offset=3129344, size=16384 bytes
📝 Piece 0: offset=3145728, size=0 bytes
📝 Piece 1: offset=6488064, size=16384 bytes
📝 Piece 1: offset=6504448, size=0 bytes
📝 Piece 1: offset=6504448, size=11465 bytes
📝 Piece 1: offset=6515913, size=4919 bytes
📝 Piece 1: offset=6520832, size=16384 bytes
📝 Piece 1: offset=6537216, size=0 bytes
📝 Piece 1: offset=6537216, size=11439 bytes
📝 Piece 1: offset=6548655, size=4945 bytes
📝 Piece 1: offset=6553600, size=16384 bytes
📝 Piece 1: offset=6569984, size=0 bytes
📝 Piece 0: offset=3162112, size=10791 bytes
📝 Piece 0: offset=3172903, size=5593 bytes
📝 Piece 0: offset=3178496, size=16384 bytes
📝 Piece 0: offset=3194880, size=0 bytes
📝 Piece 0: offset=3145728, size=10765 bytes
📝 Piece 0: offset=3156493, size=5619 bytes
📝 Piece 0: offset=2998272, size=16384 bytes
📝 Piece 0: offset=3014656, size=0 bytes
📝 Piece 1: offset=6569984, size=11413 bytes
📝 Piece 1: offset=6581397, size=4971 bytes
📝 Piece 1: offset=6586368, size=16384 bytes
📝 Piece 1: offset=6602752, size=0 bytes
📝 Piece 1: offset=6602752, size=11387 bytes
📝 Piece 1: offset=6614139, size=4997 bytes
📝 Piece 1: offset=6619136, size=16384 bytes
📝 Piece 1: offset=6635520, size=0 bytes
📝 Piece 0: offset=3227648, size=10739 bytes
📝 Piece 0: offset=3238387, size=5645 bytes
📝 Piece 0: offset=3211264, size=16384 bytes
📝 Piece 0: offset=3227648, size=0 bytes
📝 Piece 1: offset=6635520, size=11361 bytes
📝 Piece 1: offset=6646881, size=5023 bytes
📝 Piece 1: offset=6651904, size=16384 bytes
📝 Piece 1: offset=6668288, size=0 bytes
📝 Piece 0: offset=3244032, size=10713 bytes
📝 Piece 0: offset=3254745, size=5671 bytes
📝 Piece 0: offset=3194880, size=16384 bytes
📝 Piece 0: offset=3211264, size=0 bytes
📝 Piece 1: offset=6668288, size=11335 bytes
📝 Piece 1: offset=6679623, size=5049 bytes
📝 Piece 1: offset=6684672, size=16384 bytes
📝 Piece 1: offset=6701056, size=0 bytes
📝 Piece 1: offset=6701056, size=11309 bytes
📝 Piece 1: offset=6712365, size=5075 bytes
📝 Piece 0: offset=3260416, size=10687 bytes
📝 Piece 0: offset=3271103, size=5697 bytes
📝 Piece 0: offset=3293184, size=16384 bytes
📝 Piece 0: offset=3309568, size=0 bytes
📝 Piece 1: offset=6717440, size=16384 bytes
📝 Piece 1: offset=6733824, size=0 bytes
📝 Piece 1: offset=6733824, size=11283 bytes
📝 Piece 1: offset=6745107, size=5101 bytes
📝 Piece 1: offset=6750208, size=16384 bytes
📝 Piece 1: offset=6766592, size=0 bytes
📝 Piece 1: offset=6766592, size=11257 bytes
📝 Piece 1: offset=6777849, size=5127 bytes
📝 Piece 1: offset=6782976, size=16384 bytes
📝 Piece 1: offset=6799360, size=0 bytes
📝 Piece 0: offset=3309568, size=10661 bytes
📝 Piece 0: offset=3320229, size=5723 bytes
📝 Piece 0: offset=3276800, size=16384 bytes
📝 Piece 0: offset=3293184, size=0 bytes
📝 Piece 0: offset=3325952, size=10635 bytes
📝 Piece 0: offset=3336587, size=5749 bytes
📝 Piece 0: offset=3342336, size=16384 bytes
📝 Piece 0: offset=3358720, size=0 bytes
📝 Piece 1: offset=6799360, size=11231 bytes
📝 Piece 1: offset=6810591, size=5153 bytes
📝 Piece 1: offset=6815744, size=16384 bytes
📝 Piece 1: offset=6832128, size=0 bytes
📝 Piece 1: offset=6832128, size=11205 bytes
📝 Piece 1: offset=6843333, size=5179 bytes
📝 Piece 1: offset=6848512, size=16384 bytes
📝 Piece 1: offset=6864896, size=0 bytes
📝 Piece 1: offset=6864896, size=11179 bytes
📝 Piece 1: offset=6876075, size=5205 bytes
📝 Piece 0: offset=3358720, size=10609 bytes
📝 Piece 0: offset=3369329, size=5775 bytes
📝 Piece 0: offset=3375104, size=16384 bytes
📝 Piece 0: offset=3391488, size=0 bytes
📝 Piece 0: offset=3391488, size=10583 bytes
📝 Piece 0: offset=3402071, size=5801 bytes
📝 Piece 1: offset=6881280, size=16384 bytes
📝 Piece 1: offset=6897664, size=0 bytes
📝 Piece 0: offset=3424256, size=16384 bytes
📝 Piece 0: offset=3440640, size=0 bytes
📝 Piece 0: offset=3440640, size=10557 bytes
📝 Piece 0: offset=3451197, size=5827 bytes
📝 Piece 1: offset=6897664, size=11153 bytes
📝 Piece 1: offset=6908817, size=5231 bytes
📝 Piece 1: offset=6914048, size=16384 bytes
📝 Piece 1: offset=6930432, size=0 bytes
📝 Piece 1: offset=6930432, size=11127 bytes
📝 Piece 1: offset=6941559, size=5257 bytes
📝 Piece 1: offset=6946816, size=16384 bytes
📝 Piece 1: offset=6963200, size=0 bytes
📝 Piece 1: offset=6963200, size=11101 bytes
📝 Piece 1: offset=6974301, size=5283 bytes
📝 Piece 0: offset=3407872, size=16384 bytes
📝 Piece 0: offset=3424256, size=0 bytes
📝 Piece 1: offset=6979584, size=16384 bytes
📝 Piece 1: offset=6995968, size=0 bytes
📝 Piece 0: offset=3457024, size=10531 bytes
📝 Piece 0: offset=3467555, size=5853 bytes
📝 Piece 0: offset=3473408, size=16384 bytes
📝 Piece 0: offset=3489792, size=0 bytes
📝 Piece 0: offset=3489792, size=10505 bytes
📝 Piece 0: offset=3500297, size=5879 bytes
📝 Piece 1: offset=6995968, size=11075 bytes
📝 Piece 1: offset=7007043, size=5309 bytes
📝 Piece 1: offset=7012352, size=16384 bytes
📝 Piece 1: offset=7028736, size=0 bytes
📝 Piece 1: offset=7028736, size=11049 bytes
📝 Piece 1: offset=7039785, size=5335 bytes
📝 Piece 1: offset=7045120, size=16384 bytes
📝 Piece 1: offset=7061504, size=0 bytes
📝 Piece 1: offset=7061504, size=11023 bytes
📝 Piece 1: offset=7072527, size=5361 bytes
📝 Piece 1: offset=7077888, size=16384 bytes
📝 Piece 1: offset=7094272, size=0 bytes
📝 Piece 0: offset=3506176, size=16384 bytes
📝 Piece 0: offset=3522560, size=0 bytes
📝 Piece 0: offset=3522560, size=10479 bytes
📝 Piece 0: offset=3533039, size=5905 bytes
📝 Piece 0: offset=3555328, size=16384 bytes
📝 Piece 0: offset=3571712, size=0 bytes
📝 Piece 0: offset=3571712, size=10453 bytes
📝 Piece 0: offset=3582165, size=5931 bytes
📝 Piece 1: offset=7094272, size=10997 bytes
📝 Piece 1: offset=7105269, size=5387 bytes
📝 Piece 1: offset=7110656, size=16384 bytes
📝 Piece 1: offset=7127040, size=0 bytes
📝 Piece 1: offset=7127040, size=10971 bytes
📝 Piece 1: offset=7138011, size=5413 bytes
📝 Piece 1: offset=7143424, size=16384 bytes
📝 Piece 1: offset=7159808, size=0 bytes
📝 Piece 1: offset=7159808, size=10945 bytes
📝 Piece 1: offset=7170753, size=5439 bytes
📝 Piece 0: offset=3538944, size=16384 bytes
📝 Piece 0: offset=3555328, size=0 bytes
📝 Piece 1: offset=7176192, size=16384 bytes
📝 Piece 1: offset=7192576, size=0 bytes
📝 Piece 0: offset=3588096, size=10427 bytes
📝 Piece 0: offset=3598523, size=5957 bytes
📝 Piece 0: offset=3620864, size=16384 bytes
📝 Piece 0: offset=3637248, size=0 bytes
📝 Piece 1: offset=7192576, size=10919 bytes
📝 Piece 1: offset=7203495, size=5465 bytes
📝 Piece 0: offset=3637248, size=10401 bytes
📝 Piece 0: offset=3647649, size=5983 bytes
📝 Piece 1: offset=7208960, size=16384 bytes
📝 Piece 1: offset=7225344, size=0 bytes
📝 Piece 1: offset=7225344, size=10893 bytes
📝 Piece 1: offset=7236237, size=5491 bytes
.📝 Piece 1: offset=7241728, size=16384 bytes
📝 Piece 0: offset=3604480, size=16384 bytes
📝 Piece 1: offset=7258112, size=0 bytes
📝 Piece 0: offset=3620864, size=0 bytes
📝 Piece 1: offset=7258112, size=10867 bytes
📝 Piece 1: offset=7268979, size=5517 bytes
📝 Piece 1: offset=7274496, size=16384 bytes
📝 Piece 1: offset=7290880, size=0 bytes
📝 Piece 0: offset=3653632, size=10375 bytes
📝 Piece 0: offset=3664007, size=6009 bytes
📝 Piece 1: offset=7290880, size=10841 bytes
📝 Piece 1: offset=7301721, size=5543 bytes
📝 Piece 0: offset=3686400, size=16384 bytes
📝 Piece 0: offset=3702784, size=0 bytes
📝 Piece 0: offset=3702784, size=10349 bytes
📝 Piece 0: offset=3713133, size=6035 bytes
📝 Piece 0: offset=3670016, size=16384 bytes
📝 Piece 0: offset=3686400, size=0 bytes
📝 Piece 1: offset=7307264, size=16384 bytes
📝 Piece 1: offset=7323648, size=0 bytes
📝 Piece 1: offset=7323648, size=10815 bytes
📝 Piece 1: offset=7334463, size=5569 bytes
📝 Piece 1: offset=7340032, size=16384 bytes
📝 Piece 1: offset=7356416, size=0 bytes
📝 Piece 1: offset=7356416, size=10789 bytes
📝 Piece 1: offset=7367205, size=5595 bytes
📝 Piece 1: offset=7372800, size=16384 bytes
📝 Piece 1: offset=7389184, size=0 bytes
📝 Piece 0: offset=3719168, size=10323 bytes
📝 Piece 0: offset=3729491, size=6061 bytes
📝 Piece 1: offset=7389184, size=10763 bytes
📝 Piece 1: offset=7399947, size=5621 bytes
📝 Piece 0: offset=3751936, size=16384 bytes
📝 Piece 0: offset=3768320, size=0 bytes
📝 Piece 0: offset=3768320, size=10297 bytes
📝 Piece 0: offset=3778617, size=6087 bytes
📝 Piece 1: offset=7405568, size=16384 bytes
📝 Piece 1: offset=7421952, size=0 bytes
📝 Piece 1: offset=7421952, size=10737 bytes
📝 Piece 1: offset=7432689, size=5647 bytes
📝 Piece 0: offset=3784704, size=16384 bytes
📝 Piece 0: offset=3801088, size=0 bytes
📝 Piece 1: offset=7438336, size=16384 bytes
📝 Piece 1: offset=7454720, size=0 bytes
📝 Piece 0: offset=3735552, size=10271 bytes
📝 Piece 0: offset=3745823, size=6113 bytes
📝 Piece 1: offset=7454720, size=10711 bytes
📝 Piece 1: offset=7465431, size=5673 bytes
📝 Piece 1: offset=7471104, size=16384 bytes
📝 Piece 1: offset=7487488, size=0 bytes
📝 Piece 1: offset=7487488, size=10685 bytes
📝 Piece 1: offset=7498173, size=5699 bytes
📝 Piece 0: offset=3817472, size=16384 bytes
📝 Piece 0: offset=3833856, size=0 bytes
📝 Piece 1: offset=7503872, size=16384 bytes
📝 Piece 1: offset=7520256, size=0 bytes
📝 Piece 0: offset=3833856, size=10245 bytes
📝 Piece 0: offset=3844101, size=6139 bytes
📝 Piece 0: offset=3850240, size=16384 bytes
📝 Piece 0: offset=3866624, size=0 bytes
📝 Piece 1: offset=7520256, size=10659 bytes
📝 Piece 1: offset=7530915, size=5725 bytes
📝 Piece 1: offset=7536640, size=16384 bytes
📝 Piece 1: offset=7553024, size=0 bytes
📝 Piece 1: offset=7553024, size=10633 bytes
📝 Piece 1: offset=7563657, size=5751 bytes
📝 Piece 0: offset=3801088, size=10219 bytes
📝 Piece 0: offset=3811307, size=6165 bytes
📝 Piece 1: offset=7569408, size=16384 bytes
📝 Piece 1: offset=7585792, size=0 bytes
📝 Piece 1: offset=7585792, size=10607 bytes
📝 Piece 1: offset=7596399, size=5777 bytes
📝 Piece 1: offset=7602176, size=16384 bytes
📝 Piece 1: offset=7618560, size=0 bytes
📝 Piece 0: offset=3883008, size=16384 bytes
📝 Piece 0: offset=3899392, size=0 bytes
📝 Piece 0: offset=3866624, size=10193 bytes
📝 Piece 0: offset=3876817, size=6191 bytes
📝 Piece 0: offset=3915776, size=16384 bytes
📝 Piece 0: offset=3932160, size=0 bytes
📝 Piece 1: offset=7618560, size=10581 bytes
📝 Piece 1: offset=7629141, size=5803 bytes
📝 Piece 1: offset=7634944, size=16384 bytes
📝 Piece 1: offset=7651328, size=0 bytes
📝 Piece 1: offset=7651328, size=10555 bytes
📝 Piece 1: offset=7661883, size=5829 bytes
📝 Piece 1: offset=7667712, size=16384 bytes
📝 Piece 1: offset=7684096, size=0 bytes
📝 Piece 1: offset=7684096, size=10529 bytes
📝 Piece 1: offset=7694625, size=5855 bytes
📝 Piece 0: offset=3899392, size=10167 bytes
📝 Piece 0: offset=3909559, size=6217 bytes
📝 Piece 0: offset=3948544, size=16384 bytes
📝 Piece 0: offset=3964928, size=0 bytes
📝 Piece 1: offset=7700480, size=16384 bytes
📝 Piece 1: offset=7716864, size=0 bytes
📝 Piece 0: offset=3964928, size=10141 bytes
📝 Piece 0: offset=3975069, size=6243 bytes
📝 Piece 0: offset=3981312, size=16384 bytes
📝 Piece 0: offset=3997696, size=0 bytes
📝 Piece 0: offset=3932160, size=10115 bytes
📝 Piece 0: offset=3942275, size=6269 bytes
📝 Piece 1: offset=7716864, size=10503 bytes
📝 Piece 1: offset=7727367, size=5881 bytes
📝 Piece 1: offset=7733248, size=16384 bytes
📝 Piece 1: offset=7749632, size=0 bytes
📝 Piece 1: offset=7749632, size=10477 bytes
📝 Piece 1: offset=7760109, size=5907 bytes
📝 Piece 1: offset=7766016, size=16384 bytes
📝 Piece 1: offset=7782400, size=0 bytes
📝 Piece 1: offset=7782400, size=10451 bytes
📝 Piece 1: offset=7792851, size=5933 bytes
📝 Piece 1: offset=7798784, size=16384 bytes
📝 Piece 1: offset=7815168, size=0 bytes
📝 Piece 0: offset=3997696, size=16384 bytes
📝 Piece 0: offset=4014080, size=0 bytes
📝 Piece 0: offset=4014080, size=10089 bytes
📝 Piece 0: offset=4024169, size=6295 bytes
📝 Piece 0: offset=4046848, size=16384 bytes
📝 Piece 0: offset=4063232, size=0 bytes
📝 Piece 0: offset=4030464, size=10063 bytes
📝 Piece 0: offset=4040527, size=6321 bytes
📝 Piece 0: offset=4079616, size=16384 bytes
📝 Piece 0: offset=4096000, size=0 bytes
📝 Piece 1: offset=7815168, size=10425 bytes
📝 Piece 1: offset=7825593, size=5959 bytes
📝 Piece 1: offset=7831552, size=16384 bytes
📝 Piece 1: offset=7847936, size=0 bytes
📝 Piece 1: offset=7847936, size=10399 bytes
📝 Piece 1: offset=7858335, size=5985 bytes
📝 Piece 1: offset=7864320, size=16384 bytes
📝 Piece 1: offset=7880704, size=0 bytes
📝 Piece 1: offset=7880704, size=10373 bytes
📝 Piece 1: offset=7891077, size=6011 bytes
📝 Piece 1: offset=7897088, size=16384 bytes
📝 Piece 1: offset=7913472, size=0 bytes
📝 Piece 0: offset=4096000, size=10037 bytes
📝 Piece 0: offset=4106037, size=6347 bytes
📝 Piece 0: offset=4112384, size=16384 bytes
📝 Piece 0: offset=4128768, size=0 bytes
📝 Piece 0: offset=4063232, size=10011 bytes
📝 Piece 0: offset=4073243, size=6373 bytes
📝 Piece 0: offset=4145152, size=16384 bytes
📝 Piece 0: offset=4161536, size=0 bytes
📝 Piece 1: offset=7913472, size=10347 bytes
📝 Piece 1: offset=7923819, size=6037 bytes
📝 Piece 1: offset=7929856, size=16384 bytes
📝 Piece 1: offset=7946240, size=0 bytes
📝 Piece 1: offset=7946240, size=10321 bytes
📝 Piece 1: offset=7956561, size=6063 bytes
📝 Piece 1: offset=7962624, size=16384 bytes
📝 Piece 1: offset=7979008, size=0 bytes
📝 Piece 1: offset=7979008, size=10295 bytes
📝 Piece 1: offset=7989303, size=6089 bytes
📝 Piece 1: offset=7995392, size=16384 bytes
📝 Piece 0: offset=4161536, size=9985 bytes
📝 Piece 1: offset=8011776, size=0 bytes
📝 Piece 0: offset=4171521, size=6399 bytes
📝 Piece 21762: offset=91276443648, size=16384 bytes
📝 Piece 21762: offset=91276460032, size=0 bytes
📝 Piece 1: offset=8011776, size=10269 bytes
📝 Piece 1: offset=8022045, size=6115 bytes
📝 Piece 0: offset=4177920, size=9959 bytes
📝 Piece 0: offset=4187879, size=6425 bytes
📝 Piece 0: offset=4128768, size=16384 bytes
📝 Piece 0: offset=4145152, size=0 bytes
📝 Piece 1: offset=8028160, size=16384 bytes
📝 Piece 1: offset=8044544, size=0 bytes
📝 Piece 1: offset=8044544, size=10243 bytes
📝 Piece 1: offset=8054787, size=6141 bytes
📝 Piece 1: offset=8060928, size=16384 bytes
📝 Piece 1: offset=8077312, size=0 bytes
📝 Piece 1: offset=8077312, size=10217 bytes
📝 Piece 1: offset=8087529, size=6167 bytes
📝 Piece 1: offset=8093696, size=16384 bytes
📝 Piece 1: offset=8110080, size=0 bytes
📝 Piece 1: offset=8110080, size=10191 bytes
📝 Piece 1: offset=8120271, size=6193 bytes
📝 Piece 1: offset=8126464, size=16384 bytes
📝 Piece 1: offset=8142848, size=0 bytes
📝 Piece 1: offset=8142848, size=10165 bytes
📝 Piece 1: offset=8153013, size=6219 bytes
📝 Piece 1: offset=8159232, size=16384 bytes
📝 Piece 1: offset=8175616, size=0 bytes
📝 Piece 1: offset=8175616, size=10139 bytes
📝 Piece 1: offset=8185755, size=6245 bytes
📝 Piece 1: offset=8192000, size=16384 bytes
📝 Piece 1: offset=8208384, size=0 bytes
📝 Piece 1: offset=8208384, size=10113 bytes
📝 Piece 1: offset=8218497, size=6271 bytes
📝 Piece 1: offset=8224768, size=16384 bytes
📝 Piece 1: offset=8241152, size=0 bytes
📝 Piece 1: offset=8241152, size=10087 bytes
📝 Piece 1: offset=8251239, size=6297 bytes
📝 Piece 1: offset=8257536, size=16384 bytes
📝 Piece 1: offset=8273920, size=0 bytes
📝 Piece 1: offset=8273920, size=10061 bytes
📝 Piece 1: offset=8283981, size=6323 bytes
📝 Piece 1: offset=8290304, size=16384 bytes
📝 Piece 1: offset=8306688, size=0 bytes
📝 Piece 1: offset=8306688, size=10035 bytes
📝 Piece 1: offset=8316723, size=6349 bytes
📝 Piece 1: offset=8323072, size=16384 bytes
📝 Piece 1: offset=8339456, size=0 bytes
📝 Piece 1: offset=8339456, size=10009 bytes
📝 Piece 1: offset=8349465, size=6375 bytes
📝 Piece 1: offset=8355840, size=16384 bytes
📝 Piece 1: offset=8372224, size=0 bytes
📝 Piece 1: offset=8372224, size=9983 bytes
📝 Piece 1: offset=8382207, size=6401 bytes
📝 Piece 3: offset=13631488, size=16384 bytes
📝 Piece 3: offset=13647872, size=0 bytes
📝 Piece 3: offset=13647872, size=12536 bytes
📝 Piece 3: offset=13660408, size=3848 bytes
.📝 Piece 3: offset=13664256, size=16384 bytes
📝 Piece 3: offset=13680640, size=0 bytes
📝 Piece 3: offset=13680640, size=12510 bytes
📝 Piece 3: offset=13693150, size=3874 bytes
📝 Piece 3: offset=13713408, size=16384 bytes
📝 Piece 3: offset=13729792, size=0 bytes
📝 Piece 3: offset=13697024, size=12484 bytes
📝 Piece 3: offset=13709508, size=3900 bytes
📝 Piece 3: offset=13729792, size=16384 bytes
📝 Piece 3: offset=13746176, size=0 bytes
📝 Piece 3: offset=13746176, size=12458 bytes
📝 Piece 3: offset=13758634, size=3926 bytes
📝 Piece 3: offset=13762560, size=16384 bytes
📝 Piece 3: offset=13778944, size=0 bytes
📝 Piece 3: offset=13778944, size=12432 bytes
📝 Piece 3: offset=13791376, size=3952 bytes
📝 Piece 3: offset=13795328, size=16384 bytes
📝 Piece 3: offset=13811712, size=0 bytes
📝 Piece 3: offset=13811712, size=12406 bytes
📝 Piece 3: offset=13824118, size=3978 bytes
📝 Piece 3: offset=13844480, size=16384 bytes
📝 Piece 3: offset=13860864, size=0 bytes
📝 Piece 3: offset=13828096, size=12380 bytes
📝 Piece 3: offset=13840476, size=4004 bytes
📝 Piece 3: offset=13860864, size=16384 bytes
📝 Piece 3: offset=13877248, size=0 bytes
📝 Piece 3: offset=13877248, size=12354 bytes
📝 Piece 3: offset=13889602, size=4030 bytes
.📝 Piece 3: offset=13893632, size=16384 bytes
📝 Piece 3: offset=13910016, size=0 bytes
📝 Piece 3: offset=13910016, size=12328 bytes
📝 Piece 3: offset=13922344, size=4056 bytes
📝 Piece 3: offset=13926400, size=16384 bytes
📝 Piece 3: offset=13942784, size=0 bytes
📝 Piece 3: offset=13959168, size=12302 bytes
📝 Piece 3: offset=13971470, size=4082 bytes
📝 Piece 3: offset=13942784, size=16384 bytes
📝 Piece 3: offset=13959168, size=0 bytes
📝 Piece 3: offset=13975552, size=12276 bytes
📝 Piece 3: offset=13987828, size=4108 bytes
📝 Piece 3: offset=13991936, size=16384 bytes
📝 Piece 3: offset=14008320, size=0 bytes
📝 Piece 3: offset=14024704, size=12250 bytes
📝 Piece 3: offset=14036954, size=4134 bytes
📝 Piece 3: offset=14008320, size=16384 bytes
📝 Piece 3: offset=14024704, size=0 bytes
📝 Piece 3: offset=14041088, size=12224 bytes
📝 Piece 3: offset=14053312, size=4160 bytes
📝 Piece 3: offset=14057472, size=16384 bytes
📝 Piece 3: offset=14073856, size=0 bytes
📝 Piece 3: offset=14090240, size=12198 bytes
📝 Piece 3: offset=14102438, size=4186 bytes
📝 Piece 3: offset=14073856, size=16384 bytes
📝 Piece 3: offset=14090240, size=0 bytes
📝 Piece 3: offset=14106624, size=12172 bytes
📝 Piece 3: offset=14118796, size=4212 bytes
📊 live: 0.00% (0 / 85.0Gi) [down speed: 0.22 MiB/s, eta: 111h 32m, up speed: 0.00 MiB/s]
.📝 Piece 3: offset=14123008, size=16384 bytes
📝 Piece 3: offset=14139392, size=0 bytes
📝 Piece 3: offset=14155776, size=12146 bytes
📝 Piece 3: offset=14167922, size=4238 bytes
📝 Piece 3: offset=14139392, size=16384 bytes
📝 Piece 3: offset=14155776, size=0 bytes
📝 Piece 3: offset=14172160, size=12120 bytes
📝 Piece 3: offset=14184280, size=4264 bytes
📝 Piece 3: offset=14188544, size=16384 bytes
📝 Piece 3: offset=14204928, size=0 bytes
📝 Piece 3: offset=14204928, size=12094 bytes
📝 Piece 3: offset=14217022, size=4290 bytes
📝 Piece 3: offset=14221312, size=16384 bytes
📝 Piece 3: offset=14237696, size=0 bytes
📝 Piece 3: offset=14237696, size=12068 bytes
📝 Piece 3: offset=14249764, size=4316 bytes
📝 Piece 3: offset=14254080, size=16384 bytes
📝 Piece 3: offset=14270464, size=0 bytes
📝 Piece 3: offset=14270464, size=12042 bytes
📝 Piece 3: offset=14282506, size=4342 bytes
📝 Piece 3: offset=14286848, size=16384 bytes
📝 Piece 3: offset=14303232, size=0 bytes
📝 Piece 3: offset=14303232, size=12016 bytes
📝 Piece 3: offset=14315248, size=4368 bytes
📝 Piece 3: offset=14336000, size=16384 bytes
📝 Piece 3: offset=14352384, size=0 bytes
📝 Piece 3: offset=14319616, size=11990 bytes
📝 Piece 3: offset=14331606, size=4394 bytes
📝 Piece 3: offset=14352384, size=16384 bytes
📝 Piece 3: offset=14368768, size=0 bytes
📝 Piece 3: offset=14368768, size=11964 bytes
📝 Piece 3: offset=14380732, size=4420 bytes
.📝 Piece 3: offset=14385152, size=16384 bytes
📝 Piece 3: offset=14401536, size=0 bytes
📝 Piece 3: offset=14417920, size=11938 bytes
📝 Piece 3: offset=14429858, size=4446 bytes
📝 Piece 3: offset=14401536, size=16384 bytes
📝 Piece 3: offset=14417920, size=0 bytes
📝 Piece 3: offset=14434304, size=11912 bytes
📝 Piece 3: offset=14446216, size=4472 bytes
📝 Piece 3: offset=14450688, size=16384 bytes
📝 Piece 3: offset=14467072, size=0 bytes
📝 Piece 3: offset=14467072, size=11886 bytes
📝 Piece 3: offset=14478958, size=4498 bytes
📝 Piece 3: offset=14483456, size=16384 bytes
📝 Piece 3: offset=14499840, size=0 bytes
📝 Piece 3: offset=14516224, size=11860 bytes
📝 Piece 3: offset=14528084, size=4524 bytes
📝 Piece 3: offset=14499840, size=16384 bytes
📝 Piece 3: offset=14516224, size=0 bytes
📝 Piece 3: offset=14532608, size=11834 bytes
📝 Piece 3: offset=14544442, size=4550 bytes
📝 Piece 3: offset=14548992, size=16384 bytes
📝 Piece 3: offset=14565376, size=0 bytes
📝 Piece 3: offset=14581760, size=11808 bytes
📝 Piece 3: offset=14593568, size=4576 bytes
📝 Piece 3: offset=14565376, size=16384 bytes
📝 Piece 3: offset=14581760, size=0 bytes
📝 Piece 3: offset=14598144, size=11782 bytes
📝 Piece 3: offset=14609926, size=4602 bytes
📝 Piece 3: offset=14630912, size=16384 bytes
📝 Piece 3: offset=14647296, size=0 bytes
📝 Piece 3: offset=14614528, size=11756 bytes
📝 Piece 3: offset=14626284, size=4628 bytes
📝 Piece 3: offset=14647296, size=16384 bytes
📝 Piece 3: offset=14663680, size=0 bytes
📝 Piece 3: offset=14663680, size=11730 bytes
📝 Piece 3: offset=14675410, size=4654 bytes
📝 Piece 3: offset=14696448, size=16384 bytes
📝 Piece 3: offset=14712832, size=0 bytes
.📝 Piece 3: offset=14680064, size=11704 bytes
📝 Piece 3: offset=14691768, size=4680 bytes
📝 Piece 3: offset=14712832, size=16384 bytes
📝 Piece 3: offset=14729216, size=0 bytes
📝 Piece 3: offset=14729216, size=11678 bytes
📝 Piece 3: offset=14740894, size=4706 bytes
📝 Piece 3: offset=14745600, size=16384 bytes
📝 Piece 3: offset=14761984, size=0 bytes
📝 Piece 3: offset=14761984, size=11652 bytes
📝 Piece 3: offset=14773636, size=4732 bytes
📝 Piece 3: offset=14778368, size=16384 bytes
📝 Piece 3: offset=14794752, size=0 bytes
📝 Piece 3: offset=14794752, size=11626 bytes
📝 Piece 3: offset=14806378, size=4758 bytes
📝 Piece 3: offset=14827520, size=16384 bytes
📝 Piece 3: offset=14843904, size=0 bytes
📝 Piece 3: offset=14811136, size=11600 bytes
📝 Piece 3: offset=14822736, size=4784 bytes
📝 Piece 3: offset=14843904, size=16384 bytes
📝 Piece 3: offset=14860288, size=0 bytes
📝 Piece 3: offset=14860288, size=11574 bytes
📝 Piece 3: offset=14871862, size=4810 bytes
📝 Piece 3: offset=14876672, size=16384 bytes
📝 Piece 3: offset=14893056, size=0 bytes
📝 Piece 0: offset=0, size=16384 bytes
📝 Piece 0: offset=16384, size=0 bytes
📝 Piece 0: offset=16384, size=13339 bytes
📝 Piece 0: offset=29723, size=3045 bytes
📝 Piece 3: offset=14893056, size=11548 bytes
📝 Piece 3: offset=14904604, size=4836 bytes
📝 Piece 3: offset=14909440, size=16384 bytes
📝 Piece 3: offset=14925824, size=0 bytes
📝 Piece 0: offset=32768, size=16384 bytes
📝 Piece 0: offset=49152, size=0 bytes
📝 Piece 0: offset=49152, size=13313 bytes
📝 Piece 0: offset=62465, size=3071 bytes
📝 Piece 0: offset=65536, size=16384 bytes
📝 Piece 0: offset=81920, size=0 bytes
📝 Piece 0: offset=81920, size=13287 bytes
📝 Piece 0: offset=95207, size=3097 bytes
📝 Piece 3: offset=14925824, size=11522 bytes
📝 Piece 3: offset=14937346, size=4862 bytes
📝 Piece 3: offset=14942208, size=16384 bytes
📝 Piece 3: offset=14958592, size=0 bytes
📝 Piece 0: offset=98304, size=16384 bytes
📝 Piece 0: offset=114688, size=0 bytes
📝 Piece 0: offset=114688, size=13261 bytes
📝 Piece 0: offset=127949, size=3123 bytes
📝 Piece 0: offset=131072, size=16384 bytes
📝 Piece 0: offset=147456, size=0 bytes
📝 Piece 0: offset=147456, size=13235 bytes
📝 Piece 0: offset=160691, size=3149 bytes
📝 Piece 0: offset=163840, size=16384 bytes
📝 Piece 3: offset=14958592, size=11496 bytes
📝 Piece 0: offset=180224, size=0 bytes
📝 Piece 3: offset=14970088, size=4888 bytes
📝 Piece 0: offset=180224, size=13209 bytes
📝 Piece 0: offset=193433, size=3175 bytes
📝 Piece 0: offset=196608, size=16384 bytes
📝 Piece 0: offset=212992, size=0 bytes
📝 Piece 3: offset=14974976, size=16384 bytes
📝 Piece 3: offset=14991360, size=0 bytes
📝 Piece 3: offset=15007744, size=11470 bytes
📝 Piece 3: offset=15019214, size=4914 bytes
📝 Piece 0: offset=212992, size=13183 bytes
📝 Piece 0: offset=226175, size=3201 bytes
📝 Piece 0: offset=229376, size=16384 bytes
📝 Piece 0: offset=245760, size=0 bytes
📝 Piece 0: offset=245760, size=13157 bytes
📝 Piece 0: offset=258917, size=3227 bytes
📝 Piece 0: offset=262144, size=16384 bytes
📝 Piece 0: offset=278528, size=0 bytes
📝 Piece 0: offset=278528, size=13131 bytes
📝 Piece 0: offset=291659, size=3253 bytes
📝 Piece 0: offset=294912, size=16384 bytes
📝 Piece 0: offset=311296, size=0 bytes
📝 Piece 0: offset=311296, size=13105 bytes
📝 Piece 0: offset=324401, size=3279 bytes
📝 Piece 0: offset=327680, size=16384 bytes
📝 Piece 0: offset=344064, size=0 bytes
📝 Piece 0: offset=344064, size=13079 bytes
📝 Piece 0: offset=357143, size=3305 bytes
📝 Piece 0: offset=360448, size=16384 bytes
📝 Piece 0: offset=376832, size=0 bytes
📝 Piece 0: offset=376832, size=13053 bytes
📝 Piece 0: offset=389885, size=3331 bytes
📝 Piece 0: offset=393216, size=16384 bytes
📝 Piece 0: offset=409600, size=0 bytes
📝 Piece 3: offset=14991360, size=16384 bytes
📝 Piece 3: offset=15007744, size=0 bytes
📝 Piece 0: offset=409600, size=13027 bytes
📝 Piece 0: offset=422627, size=3357 bytes
📝 Piece 0: offset=425984, size=16384 bytes
📝 Piece 0: offset=442368, size=0 bytes
📝 Piece 0: offset=442368, size=13001 bytes
📝 Piece 0: offset=455369, size=3383 bytes
📝 Piece 0: offset=458752, size=16384 bytes
📝 Piece 0: offset=475136, size=0 bytes
📝 Piece 0: offset=475136, size=12975 bytes
📝 Piece 0: offset=488111, size=3409 bytes
📝 Piece 0: offset=491520, size=16384 bytes
📝 Piece 0: offset=507904, size=0 bytes
📝 Piece 0: offset=507904, size=12949 bytes
📝 Piece 0: offset=520853, size=3435 bytes
📝 Piece 0: offset=524288, size=16384 bytes
📝 Piece 0: offset=540672, size=0 bytes
📝 Piece 0: offset=540672, size=12923 bytes
📝 Piece 0: offset=553595, size=3461 bytes
📝 Piece 3: offset=15024128, size=11444 bytes
📝 Piece 0: offset=557056, size=16384 bytes
📝 Piece 3: offset=15035572, size=4940 bytes
📝 Piece 0: offset=573440, size=0 bytes
📝 Piece 0: offset=573440, size=12897 bytes
📝 Piece 0: offset=586337, size=3487 bytes
📝 Piece 0: offset=589824, size=16384 bytes
📝 Piece 0: offset=606208, size=0 bytes
📝 Piece 0: offset=606208, size=12871 bytes
📝 Piece 0: offset=619079, size=3513 bytes
📝 Piece 0: offset=622592, size=16384 bytes
📝 Piece 0: offset=638976, size=0 bytes
📝 Piece 0: offset=638976, size=12845 bytes
📝 Piece 0: offset=651821, size=3539 bytes
📝 Piece 3: offset=15040512, size=16384 bytes
📝 Piece 3: offset=15056896, size=0 bytes
📝 Piece 0: offset=655360, size=16384 bytes
📝 Piece 0: offset=671744, size=0 bytes
📝 Piece 0: offset=671744, size=12819 bytes
📝 Piece 0: offset=684563, size=3565 bytes
📝 Piece 0: offset=688128, size=16384 bytes
📝 Piece 0: offset=704512, size=0 bytes
📝 Piece 0: offset=704512, size=12793 bytes
📝 Piece 0: offset=717305, size=3591 bytes
📝 Piece 0: offset=720896, size=16384 bytes
📝 Piece 0: offset=737280, size=0 bytes
📝 Piece 0: offset=737280, size=12767 bytes
📝 Piece 0: offset=750047, size=3617 bytes
📝 Piece 0: offset=753664, size=16384 bytes
📝 Piece 0: offset=770048, size=0 bytes
📝 Piece 0: offset=770048, size=12741 bytes
📝 Piece 0: offset=782789, size=3643 bytes
📝 Piece 0: offset=786432, size=16384 bytes
📝 Piece 0: offset=802816, size=0 bytes
📝 Piece 0: offset=802816, size=12715 bytes
📝 Piece 0: offset=815531, size=3669 bytes
📝 Piece 0: offset=819200, size=16384 bytes
📝 Piece 0: offset=835584, size=0 bytes
📝 Piece 0: offset=835584, size=12689 bytes
📝 Piece 0: offset=848273, size=3695 bytes
.📝 Piece 0: offset=851968, size=16384 bytes
📝 Piece 0: offset=868352, size=0 bytes
📝 Piece 0: offset=868352, size=12663 bytes
📝 Piece 0: offset=881015, size=3721 bytes
📝 Piece 0: offset=884736, size=16384 bytes
📝 Piece 0: offset=901120, size=0 bytes
📝 Piece 3: offset=15056896, size=11418 bytes
📝 Piece 3: offset=15068314, size=4966 bytes
📝 Piece 0: offset=901120, size=12637 bytes
📝 Piece 0: offset=913757, size=3747 bytes
📝 Piece 0: offset=917504, size=16384 bytes
📝 Piece 0: offset=933888, size=0 bytes
📝 Piece 0: offset=933888, size=12611 bytes
📝 Piece 0: offset=946499, size=3773 bytes
📝 Piece 0: offset=950272, size=16384 bytes
📝 Piece 0: offset=966656, size=0 bytes
📝 Piece 0: offset=966656, size=12585 bytes
📝 Piece 0: offset=979241, size=3799 bytes
📝 Piece 0: offset=983040, size=16384 bytes
📝 Piece 0: offset=999424, size=0 bytes
📝 Piece 0: offset=999424, size=12559 bytes
📝 Piece 0: offset=1011983, size=3825 bytes
📝 Piece 0: offset=1015808, size=16384 bytes
📝 Piece 0: offset=1032192, size=0 bytes
📝 Piece 0: offset=1032192, size=12533 bytes
📝 Piece 0: offset=1044725, size=3851 bytes
📝 Piece 0: offset=1048576, size=16384 bytes
📝 Piece 0: offset=1064960, size=0 bytes
📝 Piece 0: offset=1064960, size=12507 bytes
📝 Piece 0: offset=1077467, size=3877 bytes
📝 Piece 0: offset=1081344, size=16384 bytes
📝 Piece 0: offset=1097728, size=0 bytes
📝 Piece 0: offset=1097728, size=12481 bytes
📝 Piece 0: offset=1110209, size=3903 bytes
📝 Piece 0: offset=1114112, size=16384 bytes
📝 Piece 0: offset=1130496, size=0 bytes
📝 Piece 0: offset=1130496, size=12455 bytes
📝 Piece 0: offset=1142951, size=3929 bytes
📝 Piece 0: offset=1146880, size=16384 bytes
📝 Piece 0: offset=1163264, size=0 bytes
📝 Piece 0: offset=1163264, size=12429 bytes
📝 Piece 0: offset=1175693, size=3955 bytes
📝 Piece 0: offset=1179648, size=16384 bytes
📝 Piece 0: offset=1196032, size=0 bytes
📝 Piece 0: offset=1196032, size=12403 bytes
📝 Piece 0: offset=1208435, size=3981 bytes
📝 Piece 0: offset=1212416, size=16384 bytes
📝 Piece 0: offset=1228800, size=0 bytes
📝 Piece 0: offset=1228800, size=12377 bytes
📝 Piece 0: offset=1241177, size=4007 bytes
📝 Piece 0: offset=1245184, size=16384 bytes
📝 Piece 0: offset=1261568, size=0 bytes
📝 Piece 0: offset=1261568, size=12351 bytes
📝 Piece 0: offset=1273919, size=4033 bytes
📝 Piece 0: offset=1277952, size=16384 bytes
📝 Piece 0: offset=1294336, size=0 bytes
📝 Piece 0: offset=1294336, size=12325 bytes
📝 Piece 0: offset=1306661, size=4059 bytes
📝 Piece 0: offset=1310720, size=16384 bytes
📝 Piece 0: offset=1327104, size=0 bytes
📝 Piece 0: offset=1327104, size=12299 bytes
📝 Piece 0: offset=1339403, size=4085 bytes
📝 Piece 0: offset=1343488, size=16384 bytes
📝 Piece 0: offset=1359872, size=0 bytes
📝 Piece 0: offset=1359872, size=12273 bytes
📝 Piece 0: offset=1372145, size=4111 bytes
📝 Piece 0: offset=1376256, size=16384 bytes
📝 Piece 0: offset=1392640, size=0 bytes
📝 Piece 0: offset=1392640, size=12247 bytes
📝 Piece 0: offset=1404887, size=4137 bytes
📝 Piece 0: offset=1409024, size=16384 bytes
📝 Piece 0: offset=1425408, size=0 bytes
📝 Piece 0: offset=1425408, size=12221 bytes
📝 Piece 0: offset=1437629, size=4163 bytes
📝 Piece 0: offset=1441792, size=16384 bytes
📝 Piece 0: offset=1458176, size=0 bytes
📝 Piece 0: offset=1458176, size=12195 bytes
📝 Piece 0: offset=1470371, size=4189 bytes
📝 Piece 0: offset=1474560, size=16384 bytes
📝 Piece 0: offset=1490944, size=0 bytes
📝 Piece 0: offset=1490944, size=12169 bytes
📝 Piece 0: offset=1503113, size=4215 bytes
📝 Piece 0: offset=1507328, size=16384 bytes
📝 Piece 0: offset=1523712, size=0 bytes
📝 Piece 0: offset=1523712, size=12143 bytes
📝 Piece 0: offset=1535855, size=4241 bytes
📝 Piece 0: offset=1540096, size=16384 bytes
📝 Piece 0: offset=1556480, size=0 bytes
📝 Piece 0: offset=1556480, size=12117 bytes
📝 Piece 0: offset=1568597, size=4267 bytes
📝 Piece 0: offset=1572864, size=16384 bytes
📝 Piece 0: offset=1589248, size=0 bytes
📝 Piece 0: offset=1589248, size=12091 bytes
📝 Piece 0: offset=1601339, size=4293 bytes
📝 Piece 0: offset=1605632, size=16384 bytes
📝 Piece 0: offset=1622016, size=0 bytes
📝 Piece 0: offset=1622016, size=12065 bytes
📝 Piece 0: offset=1634081, size=4319 bytes
📝 Piece 0: offset=1638400, size=16384 bytes
📝 Piece 0: offset=1654784, size=0 bytes
📝 Piece 0: offset=1654784, size=12039 bytes
📝 Piece 0: offset=1666823, size=4345 bytes
📝 Piece 0: offset=1671168, size=16384 bytes
📝 Piece 0: offset=1687552, size=0 bytes
📝 Piece 3: offset=15073280, size=16384 bytes
📝 Piece 3: offset=15089664, size=0 bytes
📝 Piece 0: offset=1687552, size=12013 bytes
📝 Piece 0: offset=1699565, size=4371 bytes
📝 Piece 0: offset=1703936, size=16384 bytes
📝 Piece 0: offset=1720320, size=0 bytes
📝 Piece 0: offset=1720320, size=11987 bytes
📝 Piece 0: offset=1732307, size=4397 bytes
📝 Piece 0: offset=1736704, size=16384 bytes
📝 Piece 0: offset=1753088, size=0 bytes
📝 Piece 0: offset=1753088, size=11961 bytes
📝 Piece 0: offset=1765049, size=4423 bytes
📝 Piece 0: offset=1769472, size=16384 bytes
📝 Piece 0: offset=1785856, size=0 bytes
📝 Piece 0: offset=1785856, size=11935 bytes
📝 Piece 0: offset=1797791, size=4449 bytes
📝 Piece 3: offset=15089664, size=11392 bytes
📝 Piece 3: offset=15101056, size=4992 bytes
📝 Piece 3: offset=15122432, size=16384 bytes
📝 Piece 3: offset=15138816, size=0 bytes
📝 Piece 0: offset=1802240, size=16384 bytes
📝 Piece 0: offset=1818624, size=0 bytes
📝 Piece 0: offset=1818624, size=11909 bytes
📝 Piece 0: offset=1830533, size=4475 bytes
📝 Piece 0: offset=1835008, size=16384 bytes
📝 Piece 0: offset=1851392, size=0 bytes
📝 Piece 0: offset=1851392, size=11883 bytes
📝 Piece 0: offset=1863275, size=4501 bytes
📝 Piece 0: offset=1867776, size=16384 bytes
📝 Piece 0: offset=1884160, size=0 bytes
📝 Piece 0: offset=1884160, size=11857 bytes
📝 Piece 0: offset=1896017, size=4527 bytes
📝 Piece 0: offset=1900544, size=16384 bytes
📝 Piece 0: offset=1916928, size=0 bytes
📝 Piece 0: offset=1916928, size=11831 bytes
📝 Piece 0: offset=1928759, size=4553 bytes
📝 Piece 0: offset=1933312, size=16384 bytes
📝 Piece 0: offset=1949696, size=0 bytes
📝 Piece 0: offset=1949696, size=11805 bytes
📝 Piece 0: offset=1961501, size=4579 bytes
📝 Piece 0: offset=1966080, size=16384 bytes
📝 Piece 0: offset=1982464, size=0 bytes
📝 Piece 0: offset=1982464, size=11779 bytes
📝 Piece 0: offset=1994243, size=4605 bytes
📝 Piece 0: offset=1998848, size=16384 bytes
📝 Piece 0: offset=2015232, size=0 bytes
📝 Piece 0: offset=2015232, size=11753 bytes
📝 Piece 0: offset=2026985, size=4631 bytes
📝 Piece 0: offset=2031616, size=16384 bytes
📝 Piece 0: offset=2048000, size=0 bytes
📝 Piece 0: offset=2048000, size=11727 bytes
📝 Piece 0: offset=2059727, size=4657 bytes
📝 Piece 0: offset=2064384, size=16384 bytes
📝 Piece 0: offset=2080768, size=0 bytes
📝 Piece 0: offset=2080768, size=11701 bytes
📝 Piece 0: offset=2092469, size=4683 bytes
📝 Piece 0: offset=2097152, size=16384 bytes
📝 Piece 0: offset=2113536, size=0 bytes
📝 Piece 0: offset=2113536, size=11675 bytes
📝 Piece 0: offset=2125211, size=4709 bytes
📝 Piece 0: offset=2129920, size=16384 bytes
📝 Piece 0: offset=2146304, size=0 bytes
📝 Piece 0: offset=2146304, size=11649 bytes
📝 Piece 0: offset=2157953, size=4735 bytes
📝 Piece 0: offset=2162688, size=16384 bytes
📝 Piece 0: offset=2179072, size=0 bytes
📝 Piece 0: offset=2179072, size=11623 bytes
📝 Piece 0: offset=2190695, size=4761 bytes
📝 Piece 0: offset=2195456, size=16384 bytes
📝 Piece 0: offset=2211840, size=0 bytes
📝 Piece 0: offset=2211840, size=11597 bytes
📝 Piece 0: offset=2223437, size=4787 bytes
📝 Piece 0: offset=2228224, size=16384 bytes
📝 Piece 0: offset=2244608, size=0 bytes
📝 Piece 0: offset=2244608, size=11571 bytes
📝 Piece 0: offset=2256179, size=4813 bytes
📝 Piece 0: offset=2260992, size=16384 bytes
📝 Piece 0: offset=2277376, size=0 bytes
📝 Piece 0: offset=2277376, size=11545 bytes
📝 Piece 0: offset=2288921, size=4839 bytes
📝 Piece 0: offset=2293760, size=16384 bytes
📝 Piece 0: offset=2310144, size=0 bytes
📝 Piece 0: offset=2310144, size=11519 bytes
📝 Piece 0: offset=2321663, size=4865 bytes
📝 Piece 0: offset=2326528, size=16384 bytes
📝 Piece 0: offset=2342912, size=0 bytes
📝 Piece 0: offset=2342912, size=11493 bytes
📝 Piece 0: offset=2354405, size=4891 bytes
📝 Piece 0: offset=2359296, size=16384 bytes
📝 Piece 0: offset=2375680, size=0 bytes
📝 Piece 0: offset=2375680, size=11467 bytes
📝 Piece 0: offset=2387147, size=4917 bytes
📝 Piece 0: offset=2392064, size=16384 bytes
📝 Piece 0: offset=2408448, size=0 bytes
📝 Piece 0: offset=2408448, size=11441 bytes
📝 Piece 0: offset=2419889, size=4943 bytes
📝 Piece 0: offset=2424832, size=16384 bytes
📝 Piece 0: offset=2441216, size=0 bytes
📝 Piece 0: offset=2441216, size=11415 bytes
📝 Piece 0: offset=2452631, size=4969 bytes
📝 Piece 0: offset=2457600, size=16384 bytes
📝 Piece 0: offset=2473984, size=0 bytes
📝 Piece 0: offset=2473984, size=11389 bytes
📝 Piece 0: offset=2485373, size=4995 bytes
📝 Piece 0: offset=2490368, size=16384 bytes
📝 Piece 0: offset=2506752, size=0 bytes
📝 Piece 0: offset=2506752, size=11363 bytes
📝 Piece 0: offset=2518115, size=5021 bytes
📝 Piece 0: offset=2523136, size=16384 bytes
📝 Piece 0: offset=2539520, size=0 bytes
📝 Piece 0: offset=2539520, size=11337 bytes
📝 Piece 0: offset=2550857, size=5047 bytes
📝 Piece 0: offset=2555904, size=16384 bytes
📝 Piece 0: offset=2572288, size=0 bytes
📝 Piece 0: offset=2572288, size=11311 bytes
📝 Piece 0: offset=2583599, size=5073 bytes
📝 Piece 0: offset=2588672, size=16384 bytes
📝 Piece 0: offset=2605056, size=0 bytes
📝 Piece 0: offset=2605056, size=11285 bytes
📝 Piece 0: offset=2616341, size=5099 bytes
📝 Piece 0: offset=2621440, size=16384 bytes
📝 Piece 0: offset=2637824, size=0 bytes
📝 Piece 0: offset=2637824, size=11259 bytes
📝 Piece 0: offset=2649083, size=5125 bytes
📝 Piece 0: offset=2654208, size=16384 bytes
📝 Piece 0: offset=2670592, size=0 bytes
📝 Piece 0: offset=2670592, size=11233 bytes
📝 Piece 0: offset=2681825, size=5151 bytes
📝 Piece 0: offset=2686976, size=16384 bytes
📝 Piece 0: offset=2703360, size=0 bytes
📝 Piece 0: offset=2703360, size=11207 bytes
📝 Piece 0: offset=2714567, size=5177 bytes
📝 Piece 0: offset=2719744, size=16384 bytes
📝 Piece 0: offset=2736128, size=0 bytes
📝 Piece 0: offset=2736128, size=11181 bytes
📝 Piece 0: offset=2747309, size=5203 bytes
📝 Piece 0: offset=2752512, size=16384 bytes
📝 Piece 0: offset=2768896, size=0 bytes
📝 Piece 0: offset=2768896, size=11155 bytes
📝 Piece 0: offset=2780051, size=5229 bytes
📝 Piece 0: offset=2785280, size=16384 bytes
📝 Piece 0: offset=2801664, size=0 bytes
📝 Piece 0: offset=2801664, size=11129 bytes
📝 Piece 0: offset=2812793, size=5255 bytes
📝 Piece 0: offset=2818048, size=16384 bytes
📝 Piece 0: offset=2834432, size=0 bytes
📝 Piece 0: offset=2834432, size=11103 bytes
📝 Piece 0: offset=2845535, size=5281 bytes
📝 Piece 0: offset=2850816, size=16384 bytes
📝 Piece 0: offset=2867200, size=0 bytes
📝 Piece 0: offset=2867200, size=11077 bytes
📝 Piece 0: offset=2878277, size=5307 bytes
📝 Piece 0: offset=2883584, size=16384 bytes
📝 Piece 0: offset=2899968, size=0 bytes
📝 Piece 0: offset=2899968, size=11051 bytes
📝 Piece 0: offset=2911019, size=5333 bytes
📝 Piece 0: offset=2916352, size=16384 bytes
📝 Piece 0: offset=2932736, size=0 bytes
📝 Piece 0: offset=2932736, size=11025 bytes
📝 Piece 0: offset=2943761, size=5359 bytes
📝 Piece 0: offset=2949120, size=16384 bytes
📝 Piece 0: offset=2965504, size=0 bytes
📝 Piece 0: offset=2965504, size=10999 bytes
📝 Piece 0: offset=2976503, size=5385 bytes
📝 Piece 0: offset=2981888, size=16384 bytes
📝 Piece 0: offset=2998272, size=0 bytes
📝 Piece 0: offset=2998272, size=10973 bytes
📝 Piece 0: offset=3009245, size=5411 bytes
📝 Piece 0: offset=3014656, size=16384 bytes
📝 Piece 0: offset=3031040, size=0 bytes
📝 Piece 0: offset=3031040, size=10947 bytes
📝 Piece 0: offset=3041987, size=5437 bytes
📝 Piece 0: offset=3047424, size=16384 bytes
📝 Piece 0: offset=3063808, size=0 bytes
📝 Piece 0: offset=3063808, size=10921 bytes
📝 Piece 0: offset=3074729, size=5463 bytes
📝 Piece 0: offset=3080192, size=16384 bytes
📝 Piece 0: offset=3096576, size=0 bytes
📝 Piece 0: offset=3096576, size=10895 bytes
📝 Piece 0: offset=3107471, size=5489 bytes
📝 Piece 0: offset=3112960, size=16384 bytes
📝 Piece 0: offset=3129344, size=0 bytes
📝 Piece 0: offset=3129344, size=10869 bytes
📝 Piece 0: offset=3140213, size=5515 bytes
📝 Piece 0: offset=3145728, size=16384 bytes
📝 Piece 0: offset=3162112, size=0 bytes
📝 Piece 0: offset=3162112, size=10843 bytes
📝 Piece 0: offset=3172955, size=5541 bytes
📝 Piece 0: offset=3178496, size=16384 bytes
📝 Piece 0: offset=3194880, size=0 bytes
📝 Piece 0: offset=3194880, size=10817 bytes
📝 Piece 0: offset=3205697, size=5567 bytes
📝 Piece 0: offset=3211264, size=16384 bytes
📝 Piece 0: offset=3227648, size=0 bytes
📝 Piece 0: offset=3227648, size=10791 bytes
📝 Piece 0: offset=3238439, size=5593 bytes
📝 Piece 0: offset=3244032, size=16384 bytes
📝 Piece 0: offset=3260416, size=0 bytes
📝 Piece 0: offset=3260416, size=10765 bytes
📝 Piece 0: offset=3271181, size=5619 bytes
📝 Piece 0: offset=3276800, size=16384 bytes
📝 Piece 0: offset=3293184, size=0 bytes
📝 Piece 0: offset=3293184, size=10739 bytes
📝 Piece 0: offset=3303923, size=5645 bytes
📝 Piece 0: offset=3309568, size=16384 bytes
📝 Piece 0: offset=3325952, size=0 bytes
📝 Piece 0: offset=3325952, size=10713 bytes
📝 Piece 0: offset=3336665, size=5671 bytes
📝 Piece 0: offset=3342336, size=16384 bytes
📝 Piece 0: offset=3358720, size=0 bytes
📝 Piece 0: offset=3358720, size=10687 bytes
📝 Piece 0: offset=3369407, size=5697 bytes
📝 Piece 0: offset=3375104, size=16384 bytes
📝 Piece 0: offset=3391488, size=0 bytes
📝 Piece 0: offset=3391488, size=10661 bytes
📝 Piece 0: offset=3402149, size=5723 bytes
📝 Piece 0: offset=3407872, size=16384 bytes
📝 Piece 0: offset=3424256, size=0 bytes
📝 Piece 0: offset=3424256, size=10635 bytes
📝 Piece 0: offset=3434891, size=5749 bytes
📝 Piece 0: offset=3440640, size=16384 bytes
📝 Piece 0: offset=3457024, size=0 bytes
📝 Piece 0: offset=3457024, size=10609 bytes
📝 Piece 0: offset=3467633, size=5775 bytes
📝 Piece 0: offset=3473408, size=16384 bytes
📝 Piece 0: offset=3489792, size=0 bytes
📝 Piece 0: offset=3489792, size=10583 bytes
📝 Piece 0: offset=3500375, size=5801 bytes
📝 Piece 0: offset=3506176, size=16384 bytes
📝 Piece 0: offset=3522560, size=0 bytes
📝 Piece 0: offset=3522560, size=10557 bytes
📝 Piece 0: offset=3533117, size=5827 bytes
📝 Piece 0: offset=3538944, size=16384 bytes
📝 Piece 0: offset=3555328, size=0 bytes
📝 Piece 0: offset=3555328, size=10531 bytes
📝 Piece 0: offset=3565859, size=5853 bytes
📝 Piece 0: offset=3571712, size=16384 bytes
📝 Piece 0: offset=3588096, size=0 bytes
📝 Piece 0: offset=3588096, size=10505 bytes
📝 Piece 0: offset=3598601, size=5879 bytes
📝 Piece 0: offset=3604480, size=16384 bytes
📝 Piece 0: offset=3620864, size=0 bytes
📝 Piece 3: offset=15106048, size=11366 bytes
📝 Piece 3: offset=15117414, size=5018 bytes
📝 Piece 3: offset=15138816, size=16384 bytes
📝 Piece 3: offset=15155200, size=0 bytes
📝 Piece 0: offset=3620864, size=10479 bytes
📝 Piece 0: offset=3631343, size=5905 bytes
📝 Piece 0: offset=3637248, size=16384 bytes
📝 Piece 0: offset=3653632, size=0 bytes
📝 Piece 0: offset=3653632, size=10453 bytes
📝 Piece 0: offset=3664085, size=5931 bytes
📝 Piece 0: offset=3670016, size=16384 bytes
📝 Piece 0: offset=3686400, size=0 bytes
📝 Piece 0: offset=3686400, size=10427 bytes
📝 Piece 0: offset=3696827, size=5957 bytes
📝 Piece 0: offset=3702784, size=16384 bytes
📝 Piece 0: offset=3719168, size=0 bytes
📝 Piece 0: offset=3719168, size=10401 bytes
📝 Piece 0: offset=3729569, size=5983 bytes
📝 Piece 0: offset=3735552, size=16384 bytes
📝 Piece 0: offset=3751936, size=0 bytes
📝 Piece 0: offset=3751936, size=10375 bytes
📝 Piece 0: offset=3762311, size=6009 bytes
📝 Piece 0: offset=3768320, size=16384 bytes
📝 Piece 0: offset=3784704, size=0 bytes
📝 Piece 0: offset=3784704, size=10349 bytes
📝 Piece 0: offset=3795053, size=6035 bytes
📝 Piece 0: offset=3801088, size=16384 bytes
📝 Piece 0: offset=3817472, size=0 bytes
📝 Piece 0: offset=3817472, size=10323 bytes
📝 Piece 0: offset=3827795, size=6061 bytes
📝 Piece 0: offset=3833856, size=16384 bytes
📝 Piece 0: offset=3850240, size=0 bytes
📝 Piece 0: offset=3850240, size=10297 bytes
📝 Piece 0: offset=3860537, size=6087 bytes
📝 Piece 0: offset=3866624, size=16384 bytes
📝 Piece 0: offset=3883008, size=0 bytes
📝 Piece 0: offset=3883008, size=10271 bytes
📝 Piece 0: offset=3893279, size=6113 bytes
📝 Piece 0: offset=3899392, size=16384 bytes
📝 Piece 0: offset=3915776, size=0 bytes
📝 Piece 0: offset=3915776, size=10245 bytes
📝 Piece 0: offset=3926021, size=6139 bytes
📝 Piece 0: offset=3932160, size=16384 bytes
📝 Piece 0: offset=3948544, size=0 bytes
📝 Piece 0: offset=3948544, size=10219 bytes
📝 Piece 0: offset=3958763, size=6165 bytes
📝 Piece 0: offset=3964928, size=16384 bytes
📝 Piece 0: offset=3981312, size=0 bytes
📝 Piece 0: offset=3981312, size=10193 bytes
📝 Piece 0: offset=3991505, size=6191 bytes
📝 Piece 0: offset=3997696, size=16384 bytes
📝 Piece 0: offset=4014080, size=0 bytes
📝 Piece 0: offset=4014080, size=10167 bytes
📝 Piece 0: offset=4024247, size=6217 bytes
📝 Piece 0: offset=4030464, size=16384 bytes
📝 Piece 0: offset=4046848, size=0 bytes
📝 Piece 0: offset=4046848, size=10141 bytes
📝 Piece 0: offset=4056989, size=6243 bytes
📝 Piece 0: offset=4063232, size=16384 bytes
📝 Piece 0: offset=4079616, size=0 bytes
📝 Piece 0: offset=4079616, size=10115 bytes
📝 Piece 0: offset=4089731, size=6269 bytes
📝 Piece 0: offset=4096000, size=16384 bytes
📝 Piece 0: offset=4112384, size=0 bytes
📝 Piece 0: offset=4112384, size=10089 bytes
📝 Piece 0: offset=4122473, size=6295 bytes
📝 Piece 0: offset=4128768, size=16384 bytes
📝 Piece 0: offset=4145152, size=0 bytes
📝 Piece 0: offset=4145152, size=10063 bytes
📝 Piece 0: offset=4155215, size=6321 bytes
📝 Piece 0: offset=4161536, size=16384 bytes
📝 Piece 0: offset=4177920, size=0 bytes
📝 Piece 0: offset=4177920, size=10037 bytes
📝 Piece 0: offset=4187957, size=6347 bytes
📝 Piece 3: offset=15155200, size=11340 bytes
📝 Piece 3: offset=15166540, size=5044 bytes
📝 Piece 3: offset=15187968, size=16384 bytes
📝 Piece 3: offset=15204352, size=0 bytes
📝 Piece 3: offset=15171584, size=11314 bytes
📝 Piece 3: offset=15182898, size=5070 bytes
📝 Piece 3: offset=15204352, size=16384 bytes
📝 Piece 3: offset=15220736, size=0 bytes
📝 Piece 3: offset=15237120, size=11288 bytes
📝 Piece 3: offset=15248408, size=5096 bytes
📝 Piece 3: offset=15220736, size=16384 bytes
📝 Piece 3: offset=15237120, size=0 bytes
📝 Piece 3: offset=15253504, size=11262 bytes
📝 Piece 3: offset=15264766, size=5122 bytes
📝 Piece 3: offset=15269888, size=16384 bytes
📝 Piece 3: offset=15286272, size=0 bytes
📝 Piece 3: offset=15302656, size=11236 bytes
📝 Piece 3: offset=15313892, size=5148 bytes
📝 Piece 3: offset=15286272, size=16384 bytes
📝 Piece 3: offset=15302656, size=0 bytes
📝 Piece 3: offset=15319040, size=11210 bytes
📝 Piece 3: offset=15330250, size=5174 bytes
📝 Piece 3: offset=15335424, size=16384 bytes
📝 Piece 3: offset=15351808, size=0 bytes
📝 Piece 3: offset=15368192, size=11184 bytes
📝 Piece 3: offset=15379376, size=5200 bytes
📝 Piece 3: offset=15351808, size=16384 bytes
📝 Piece 3: offset=15368192, size=0 bytes
📝 Piece 3: offset=15384576, size=11158 bytes
📝 Piece 3: offset=15395734, size=5226 bytes
.📝 Piece 3: offset=15400960, size=16384 bytes
📝 Piece 3: offset=15417344, size=0 bytes
📝 Piece 3: offset=15417344, size=11132 bytes
📝 Piece 3: offset=15428476, size=5252 bytes
📝 Piece 3: offset=15433728, size=16384 bytes
📝 Piece 3: offset=15450112, size=0 bytes
📝 Piece 3: offset=15450112, size=11106 bytes
📝 Piece 3: offset=15461218, size=5278 bytes
📝 Piece 3: offset=15466496, size=16384 bytes
📝 Piece 3: offset=15482880, size=0 bytes
📝 Piece 3: offset=15482880, size=11080 bytes
📝 Piece 3: offset=15493960, size=5304 bytes
📝 Piece 3: offset=15515648, size=16384 bytes
📝 Piece 3: offset=15532032, size=0 bytes
📝 Piece 3: offset=15499264, size=11054 bytes
📝 Piece 3: offset=15510318, size=5330 bytes
📝 Piece 3: offset=15532032, size=16384 bytes
📝 Piece 3: offset=15548416, size=0 bytes
📝 Piece 3: offset=15564800, size=11028 bytes
📝 Piece 3: offset=15575828, size=5356 bytes
📝 Piece 3: offset=15548416, size=16384 bytes
📝 Piece 3: offset=15564800, size=0 bytes
📝 Piece 3: offset=15581184, size=11002 bytes
📝 Piece 3: offset=15592186, size=5382 bytes
📝 Piece 3: offset=15597568, size=16384 bytes
📝 Piece 3: offset=15613952, size=0 bytes
📝 Piece 3: offset=15613952, size=10976 bytes
📝 Piece 3: offset=15624928, size=5408 bytes
📝 Piece 3: offset=15630336, size=16384 bytes
📝 Piece 3: offset=15646720, size=0 bytes
📝 Piece 3: offset=15646720, size=10950 bytes
📝 Piece 3: offset=15657670, size=5434 bytes
📝 Piece 3: offset=15679488, size=16384 bytes
📝 Piece 3: offset=15695872, size=0 bytes
📝 Piece 3: offset=15695872, size=10924 bytes
📝 Piece 3: offset=15706796, size=5460 bytes
📝 Piece 3: offset=15663104, size=16384 bytes
📝 Piece 3: offset=15679488, size=0 bytes
📝 Piece 3: offset=15712256, size=10898 bytes
📝 Piece 3: offset=15723154, size=5486 bytes
📝 Piece 0: offset=0, size=16384 bytes
📝 Piece 0: offset=16384, size=0 bytes
📝 Piece 0: offset=16384, size=13377 bytes
📝 Piece 0: offset=29761, size=3007 bytes
📝 Piece 0: offset=32768, size=16384 bytes
📝 Piece 0: offset=49152, size=0 bytes
📝 Piece 0: offset=49152, size=13351 bytes
📝 Piece 0: offset=62503, size=3033 bytes
📝 Piece 0: offset=65536, size=16384 bytes
📝 Piece 0: offset=81920, size=0 bytes
📝 Piece 0: offset=81920, size=13325 bytes
📝 Piece 0: offset=95245, size=3059 bytes
📝 Piece 3: offset=15745024, size=16384 bytes
📝 Piece 3: offset=15761408, size=0 bytes
📝 Piece 0: offset=98304, size=16384 bytes
📝 Piece 0: offset=114688, size=0 bytes
📝 Piece 0: offset=114688, size=13299 bytes
📝 Piece 0: offset=127987, size=3085 bytes
📝 Piece 0: offset=131072, size=16384 bytes
📝 Piece 0: offset=147456, size=0 bytes
📝 Piece 0: offset=147456, size=13273 bytes
📝 Piece 0: offset=160729, size=3111 bytes
📝 Piece 0: offset=163840, size=16384 bytes
📝 Piece 0: offset=180224, size=0 bytes
📝 Piece 0: offset=180224, size=13247 bytes
📝 Piece 0: offset=193471, size=3137 bytes
📝 Piece 0: offset=196608, size=16384 bytes
📝 Piece 3: offset=15728640, size=10872 bytes
📝 Piece 0: offset=212992, size=0 bytes
📝 Piece 3: offset=15739512, size=5512 bytes
📝 Piece 3: offset=15761408, size=16384 bytes
📝 Piece 3: offset=15777792, size=0 bytes
📝 Piece 0: offset=212992, size=13221 bytes
📝 Piece 0: offset=226213, size=3163 bytes
📝 Piece 0: offset=229376, size=16384 bytes
📝 Piece 0: offset=245760, size=0 bytes
📝 Piece 0: offset=245760, size=13195 bytes
📝 Piece 0: offset=258955, size=3189 bytes
📝 Piece 0: offset=262144, size=16384 bytes
📝 Piece 0: offset=278528, size=0 bytes
📝 Piece 0: offset=278528, size=13169 bytes
📝 Piece 0: offset=291697, size=3215 bytes
📝 Piece 0: offset=294912, size=16384 bytes
📝 Piece 0: offset=311296, size=0 bytes
📝 Piece 0: offset=311296, size=13143 bytes
📝 Piece 0: offset=324439, size=3241 bytes
📝 Piece 0: offset=327680, size=16384 bytes
📝 Piece 0: offset=344064, size=0 bytes
📝 Piece 0: offset=344064, size=13117 bytes
📝 Piece 0: offset=357181, size=3267 bytes
📝 Piece 0: offset=360448, size=16384 bytes
📝 Piece 0: offset=376832, size=0 bytes
📝 Piece 0: offset=376832, size=13091 bytes
📝 Piece 0: offset=389923, size=3293 bytes
📝 Piece 0: offset=393216, size=16384 bytes
📝 Piece 0: offset=409600, size=0 bytes
📝 Piece 0: offset=409600, size=13065 bytes
📝 Piece 0: offset=422665, size=3319 bytes
📝 Piece 0: offset=425984, size=16384 bytes
📝 Piece 0: offset=442368, size=0 bytes
📝 Piece 3: offset=15777792, size=10846 bytes
📝 Piece 3: offset=15788638, size=5538 bytes
📝 Piece 0: offset=442368, size=13039 bytes
📝 Piece 0: offset=455407, size=3345 bytes
📝 Piece 0: offset=458752, size=16384 bytes
📝 Piece 0: offset=475136, size=0 bytes
📝 Piece 0: offset=475136, size=13013 bytes
📝 Piece 0: offset=488149, size=3371 bytes
📝 Piece 0: offset=491520, size=16384 bytes
📝 Piece 0: offset=507904, size=0 bytes
📝 Piece 0: offset=507904, size=12987 bytes
📝 Piece 0: offset=520891, size=3397 bytes
📝 Piece 0: offset=524288, size=16384 bytes
📝 Piece 0: offset=540672, size=0 bytes
📝 Piece 0: offset=540672, size=12961 bytes
📝 Piece 0: offset=553633, size=3423 bytes
📝 Piece 0: offset=557056, size=16384 bytes
📝 Piece 0: offset=573440, size=0 bytes
📝 Piece 0: offset=573440, size=12935 bytes
📝 Piece 0: offset=586375, size=3449 bytes
📝 Piece 0: offset=589824, size=16384 bytes
📝 Piece 0: offset=606208, size=0 bytes
📝 Piece 0: offset=606208, size=12909 bytes
📝 Piece 0: offset=619117, size=3475 bytes
📝 Piece 0: offset=622592, size=16384 bytes
📝 Piece 0: offset=638976, size=0 bytes
📝 Piece 0: offset=638976, size=12883 bytes
📝 Piece 0: offset=651859, size=3501 bytes
📝 Piece 0: offset=655360, size=16384 bytes
📝 Piece 0: offset=671744, size=0 bytes
📝 Piece 0: offset=671744, size=12857 bytes
📝 Piece 0: offset=684601, size=3527 bytes
📝 Piece 0: offset=688128, size=16384 bytes
📝 Piece 0: offset=704512, size=0 bytes
📝 Piece 0: offset=704512, size=12831 bytes
📝 Piece 0: offset=717343, size=3553 bytes
📝 Piece 0: offset=720896, size=16384 bytes
📝 Piece 0: offset=737280, size=0 bytes
📝 Piece 0: offset=737280, size=12805 bytes
📝 Piece 0: offset=750085, size=3579 bytes
📝 Piece 0: offset=753664, size=16384 bytes
📝 Piece 0: offset=770048, size=0 bytes
📝 Piece 0: offset=770048, size=12779 bytes
📝 Piece 0: offset=782827, size=3605 bytes
📝 Piece 0: offset=786432, size=16384 bytes
📝 Piece 0: offset=802816, size=0 bytes
📝 Piece 0: offset=802816, size=12753 bytes
📝 Piece 0: offset=815569, size=3631 bytes
📝 Piece 0: offset=819200, size=16384 bytes
📝 Piece 0: offset=835584, size=0 bytes
📝 Piece 0: offset=835584, size=12727 bytes
📝 Piece 0: offset=848311, size=3657 bytes
📝 Piece 0: offset=851968, size=16384 bytes
📝 Piece 0: offset=868352, size=0 bytes
📝 Piece 0: offset=868352, size=12701 bytes
📝 Piece 0: offset=881053, size=3683 bytes
📝 Piece 0: offset=884736, size=16384 bytes
📝 Piece 0: offset=901120, size=0 bytes
📝 Piece 0: offset=901120, size=12675 bytes
📝 Piece 0: offset=913795, size=3709 bytes
📝 Piece 0: offset=917504, size=16384 bytes
📝 Piece 0: offset=933888, size=0 bytes
📝 Piece 0: offset=933888, size=12649 bytes
📝 Piece 0: offset=946537, size=3735 bytes
📝 Piece 0: offset=950272, size=16384 bytes
📝 Piece 0: offset=966656, size=0 bytes
📝 Piece 0: offset=966656, size=12623 bytes
📝 Piece 0: offset=979279, size=3761 bytes
📝 Piece 0: offset=983040, size=16384 bytes
📝 Piece 0: offset=999424, size=0 bytes
📝 Piece 0: offset=999424, size=12597 bytes
📝 Piece 0: offset=1012021, size=3787 bytes
📝 Piece 0: offset=1015808, size=16384 bytes
📝 Piece 0: offset=1032192, size=0 bytes
📝 Piece 0: offset=1032192, size=12571 bytes
📝 Piece 0: offset=1044763, size=3813 bytes
📝 Piece 0: offset=1048576, size=16384 bytes
📝 Piece 3: offset=15810560, size=16384 bytes
📝 Piece 0: offset=1064960, size=0 bytes
📝 Piece 3: offset=15826944, size=0 bytes
📝 Piece 0: offset=1064960, size=12545 bytes
📝 Piece 0: offset=1077505, size=3839 bytes
📝 Piece 0: offset=1081344, size=16384 bytes
📝 Piece 0: offset=1097728, size=0 bytes
📝 Piece 0: offset=1097728, size=12519 bytes
📝 Piece 0: offset=1110247, size=3865 bytes
📝 Piece 0: offset=1114112, size=16384 bytes
📝 Piece 0: offset=1130496, size=0 bytes
📝 Piece 0: offset=1130496, size=12493 bytes
📝 Piece 0: offset=1142989, size=3891 bytes
📝 Piece 0: offset=1146880, size=16384 bytes
📝 Piece 0: offset=1163264, size=0 bytes
📝 Piece 0: offset=1163264, size=12467 bytes
📝 Piece 0: offset=1175731, size=3917 bytes
📝 Piece 0: offset=1179648, size=16384 bytes
📝 Piece 0: offset=1196032, size=0 bytes
📝 Piece 0: offset=1196032, size=12441 bytes
📝 Piece 0: offset=1208473, size=3943 bytes
📝 Piece 0: offset=1212416, size=16384 bytes
📝 Piece 0: offset=1228800, size=0 bytes
📝 Piece 0: offset=1228800, size=12415 bytes
📝 Piece 0: offset=1241215, size=3969 bytes
📝 Piece 0: offset=1245184, size=16384 bytes
📝 Piece 0: offset=1261568, size=0 bytes
📝 Piece 0: offset=1261568, size=12389 bytes
📝 Piece 0: offset=1273957, size=3995 bytes
📝 Piece 0: offset=1277952, size=16384 bytes
📝 Piece 0: offset=1294336, size=0 bytes
📝 Piece 0: offset=1294336, size=12363 bytes
📝 Piece 0: offset=1306699, size=4021 bytes
📝 Piece 0: offset=1310720, size=16384 bytes
📝 Piece 0: offset=1327104, size=0 bytes
📝 Piece 0: offset=1327104, size=12337 bytes
📝 Piece 0: offset=1339441, size=4047 bytes
📝 Piece 0: offset=1343488, size=16384 bytes
📝 Piece 0: offset=1359872, size=0 bytes
📝 Piece 0: offset=1359872, size=12311 bytes
📝 Piece 0: offset=1372183, size=4073 bytes
📝 Piece 3: offset=15794176, size=10820 bytes
📝 Piece 3: offset=15804996, size=5564 bytes
📝 Piece 0: offset=1376256, size=16384 bytes
📝 Piece 0: offset=1392640, size=0 bytes
📝 Piece 0: offset=1392640, size=12285 bytes
📝 Piece 0: offset=1404925, size=4099 bytes
📝 Piece 0: offset=1409024, size=16384 bytes
📝 Piece 0: offset=1425408, size=0 bytes
📝 Piece 0: offset=1425408, size=12259 bytes
📝 Piece 0: offset=1437667, size=4125 bytes
📝 Piece 0: offset=1441792, size=16384 bytes
📝 Piece 0: offset=1458176, size=0 bytes
📝 Piece 0: offset=1458176, size=12233 bytes
📝 Piece 0: offset=1470409, size=4151 bytes
📝 Piece 0: offset=1474560, size=16384 bytes
📝 Piece 0: offset=1490944, size=0 bytes
📝 Piece 0: offset=1490944, size=12207 bytes
📝 Piece 0: offset=1503151, size=4177 bytes
📝 Piece 0: offset=1507328, size=16384 bytes
📝 Piece 0: offset=1523712, size=0 bytes
📝 Piece 0: offset=1523712, size=12181 bytes
📝 Piece 0: offset=1535893, size=4203 bytes
📝 Piece 0: offset=1540096, size=16384 bytes
📝 Piece 0: offset=1556480, size=0 bytes
📝 Piece 0: offset=1556480, size=12155 bytes
📝 Piece 0: offset=1568635, size=4229 bytes
📝 Piece 0: offset=1572864, size=16384 bytes
📝 Piece 0: offset=1589248, size=0 bytes
📝 Piece 0: offset=1589248, size=12129 bytes
📝 Piece 0: offset=1601377, size=4255 bytes
📝 Piece 0: offset=1605632, size=16384 bytes
📝 Piece 0: offset=1622016, size=0 bytes
📝 Piece 0: offset=1622016, size=12103 bytes
📝 Piece 0: offset=1634119, size=4281 bytes
📝 Piece 3: offset=15826944, size=16384 bytes
📝 Piece 3: offset=15843328, size=0 bytes
📝 Piece 0: offset=1638400, size=16384 bytes
📝 Piece 0: offset=1654784, size=0 bytes
📝 Piece 0: offset=1654784, size=12077 bytes
📝 Piece 0: offset=1666861, size=4307 bytes
📝 Piece 0: offset=1671168, size=16384 bytes
📝 Piece 0: offset=1687552, size=0 bytes
📝 Piece 0: offset=1687552, size=12051 bytes
📝 Piece 0: offset=1699603, size=4333 bytes
📝 Piece 0: offset=1703936, size=16384 bytes
📝 Piece 0: offset=1720320, size=0 bytes
📝 Piece 0: offset=1720320, size=12025 bytes
📝 Piece 0: offset=1732345, size=4359 bytes
📝 Piece 0: offset=1736704, size=16384 bytes
📝 Piece 0: offset=1753088, size=0 bytes
📝 Piece 0: offset=1753088, size=11999 bytes
📝 Piece 0: offset=1765087, size=4385 bytes
📝 Piece 0: offset=1769472, size=16384 bytes
📝 Piece 0: offset=1785856, size=0 bytes
📝 Piece 0: offset=1785856, size=11973 bytes
📝 Piece 0: offset=1797829, size=4411 bytes
📝 Piece 0: offset=1802240, size=16384 bytes
📝 Piece 0: offset=1818624, size=0 bytes
📝 Piece 0: offset=1818624, size=11947 bytes
📝 Piece 0: offset=1830571, size=4437 bytes
📝 Piece 0: offset=1835008, size=16384 bytes
📝 Piece 0: offset=1851392, size=0 bytes
📝 Piece 0: offset=1851392, size=11921 bytes
📝 Piece 0: offset=1863313, size=4463 bytes
📝 Piece 0: offset=1867776, size=16384 bytes
📝 Piece 0: offset=1884160, size=0 bytes
📝 Piece 0: offset=1884160, size=11895 bytes
📝 Piece 0: offset=1896055, size=4489 bytes
📝 Piece 0: offset=1900544, size=16384 bytes
📝 Piece 0: offset=1916928, size=0 bytes
📝 Piece 0: offset=1916928, size=11869 bytes
📝 Piece 0: offset=1928797, size=4515 bytes
📝 Piece 0: offset=1933312, size=16384 bytes
📝 Piece 0: offset=1949696, size=0 bytes
📝 Piece 0: offset=1949696, size=11843 bytes
📝 Piece 0: offset=1961539, size=4541 bytes
📝 Piece 0: offset=1966080, size=16384 bytes
📝 Piece 0: offset=1982464, size=0 bytes
📝 Piece 0: offset=1982464, size=11817 bytes
📝 Piece 0: offset=1994281, size=4567 bytes
📝 Piece 0: offset=1998848, size=16384 bytes
📝 Piece 0: offset=2015232, size=0 bytes
📝 Piece 0: offset=2015232, size=11791 bytes
📝 Piece 0: offset=2027023, size=4593 bytes
📝 Piece 0: offset=2031616, size=16384 bytes
📝 Piece 0: offset=2048000, size=0 bytes
📝 Piece 0: offset=2048000, size=11765 bytes
📝 Piece 0: offset=2059765, size=4619 bytes
📝 Piece 0: offset=2064384, size=16384 bytes
📝 Piece 0: offset=2080768, size=0 bytes
📝 Piece 0: offset=2080768, size=11739 bytes
📝 Piece 0: offset=2092507, size=4645 bytes
📝 Piece 3: offset=15843328, size=10794 bytes
📝 Piece 0: offset=2097152, size=16384 bytes
📝 Piece 3: offset=15854122, size=5590 bytes
📝 Piece 0: offset=2113536, size=0 bytes
📝 Piece 0: offset=2113536, size=11713 bytes
📝 Piece 0: offset=2125249, size=4671 bytes
📝 Piece 0: offset=2129920, size=16384 bytes
📝 Piece 0: offset=2146304, size=0 bytes
📝 Piece 0: offset=2146304, size=11687 bytes
📝 Piece 0: offset=2157991, size=4697 bytes
📝 Piece 0: offset=2162688, size=16384 bytes
📝 Piece 0: offset=2179072, size=0 bytes
📝 Piece 0: offset=2179072, size=11661 bytes
📝 Piece 0: offset=2190733, size=4723 bytes
📝 Piece 0: offset=2195456, size=16384 bytes
📝 Piece 0: offset=2211840, size=0 bytes
📝 Piece 0: offset=2211840, size=11635 bytes
📝 Piece 0: offset=2223475, size=4749 bytes
📝 Piece 3: offset=15859712, size=16384 bytes
📝 Piece 3: offset=15876096, size=0 bytes
📊 live: 0.00% (0 / 85.0Gi) [down speed: 4.39 MiB/s, eta: 5h 30m, up speed: 0.00 MiB/s]
.📝 Piece 3: offset=15892480, size=10768 bytes
📝 Piece 3: offset=15903248, size=5616 bytes
📝 Piece 3: offset=15876096, size=16384 bytes
📝 Piece 3: offset=15892480, size=0 bytes
📝 Piece 3: offset=15908864, size=10742 bytes
📝 Piece 3: offset=15919606, size=5642 bytes
📝 Piece 3: offset=15941632, size=16384 bytes
📝 Piece 3: offset=15958016, size=0 bytes
📝 Piece 0: offset=2228224, size=16384 bytes
📝 Piece 3: offset=15925248, size=10716 bytes
📝 Piece 0: offset=2244608, size=0 bytes
📝 Piece 3: offset=15935964, size=5668 bytes
📝 Piece 0: offset=2244608, size=11609 bytes
📝 Piece 0: offset=2256217, size=4775 bytes
📝 Piece 0: offset=2260992, size=16384 bytes
📝 Piece 0: offset=2277376, size=0 bytes
📝 Piece 0: offset=2277376, size=11583 bytes
📝 Piece 0: offset=2288959, size=4801 bytes
📝 Piece 0: offset=2293760, size=16384 bytes
📝 Piece 0: offset=2310144, size=0 bytes
📝 Piece 0: offset=2310144, size=11557 bytes
📝 Piece 0: offset=2321701, size=4827 bytes
📝 Piece 0: offset=2326528, size=16384 bytes
📝 Piece 0: offset=2342912, size=0 bytes
📝 Piece 0: offset=2342912, size=11531 bytes
📝 Piece 0: offset=2354443, size=4853 bytes
📝 Piece 0: offset=2359296, size=16384 bytes
📝 Piece 0: offset=2375680, size=0 bytes
📝 Piece 0: offset=2375680, size=11505 bytes
📝 Piece 0: offset=2387185, size=4879 bytes
📝 Piece 0: offset=2392064, size=16384 bytes
📝 Piece 0: offset=2408448, size=0 bytes
📝 Piece 0: offset=2408448, size=11479 bytes
📝 Piece 0: offset=2419927, size=4905 bytes
📝 Piece 0: offset=2424832, size=16384 bytes
📝 Piece 0: offset=2441216, size=0 bytes
📝 Piece 0: offset=2441216, size=11453 bytes
📝 Piece 0: offset=2452669, size=4931 bytes
📝 Piece 0: offset=2457600, size=16384 bytes
📝 Piece 0: offset=2473984, size=0 bytes
📝 Piece 0: offset=2473984, size=11427 bytes
📝 Piece 0: offset=2485411, size=4957 bytes
📝 Piece 0: offset=2490368, size=16384 bytes
📝 Piece 0: offset=2506752, size=0 bytes
📝 Piece 0: offset=2506752, size=11401 bytes
📝 Piece 3: offset=15958016, size=16384 bytes
📝 Piece 3: offset=15974400, size=0 bytes
📝 Piece 0: offset=2518153, size=4983 bytes
📝 Piece 0: offset=2523136, size=16384 bytes
📝 Piece 0: offset=2539520, size=0 bytes
📝 Piece 0: offset=2539520, size=11375 bytes
📝 Piece 0: offset=2550895, size=5009 bytes
📝 Piece 0: offset=2555904, size=16384 bytes
📝 Piece 0: offset=2572288, size=0 bytes
📝 Piece 0: offset=2572288, size=11349 bytes
📝 Piece 0: offset=2583637, size=5035 bytes
📝 Piece 0: offset=2588672, size=16384 bytes
📝 Piece 0: offset=2605056, size=0 bytes
📝 Piece 0: offset=2605056, size=11323 bytes
📝 Piece 0: offset=2616379, size=5061 bytes
📝 Piece 0: offset=2621440, size=16384 bytes
📝 Piece 0: offset=2637824, size=0 bytes
📝 Piece 0: offset=2637824, size=11297 bytes
📝 Piece 0: offset=2649121, size=5087 bytes
📝 Piece 0: offset=2654208, size=16384 bytes
📝 Piece 0: offset=2670592, size=0 bytes
📝 Piece 0: offset=2670592, size=11271 bytes
📝 Piece 0: offset=2681863, size=5113 bytes
📝 Piece 0: offset=2686976, size=16384 bytes
📝 Piece 0: offset=2703360, size=0 bytes
📝 Piece 0: offset=2703360, size=11245 bytes
📝 Piece 0: offset=2714605, size=5139 bytes
📝 Piece 0: offset=2719744, size=16384 bytes
📝 Piece 0: offset=2736128, size=0 bytes
📝 Piece 0: offset=2736128, size=11219 bytes
📝 Piece 0: offset=2747347, size=5165 bytes
📝 Piece 0: offset=2752512, size=16384 bytes
📝 Piece 0: offset=2768896, size=0 bytes
📝 Piece 3: offset=15974400, size=10690 bytes
📝 Piece 3: offset=15985090, size=5694 bytes
📝 Piece 0: offset=2768896, size=11193 bytes
📝 Piece 0: offset=2780089, size=5191 bytes
📝 Piece 0: offset=2785280, size=16384 bytes
📝 Piece 0: offset=2801664, size=0 bytes
📝 Piece 0: offset=2801664, size=11167 bytes
📝 Piece 0: offset=2812831, size=5217 bytes
📝 Piece 0: offset=2818048, size=16384 bytes
📝 Piece 0: offset=2834432, size=0 bytes
📝 Piece 0: offset=2834432, size=11141 bytes
📝 Piece 0: offset=2845573, size=5243 bytes
📝 Piece 0: offset=2850816, size=16384 bytes
📝 Piece 0: offset=2867200, size=0 bytes
📝 Piece 0: offset=2867200, size=11115 bytes
📝 Piece 0: offset=2878315, size=5269 bytes
📝 Piece 0: offset=2883584, size=16384 bytes
📝 Piece 0: offset=2899968, size=0 bytes
📝 Piece 0: offset=2899968, size=11089 bytes
📝 Piece 0: offset=2911057, size=5295 bytes
📝 Piece 0: offset=2916352, size=16384 bytes
📝 Piece 0: offset=2932736, size=0 bytes
📝 Piece 0: offset=2932736, size=11063 bytes
📝 Piece 0: offset=2943799, size=5321 bytes
📝 Piece 0: offset=2949120, size=16384 bytes
📝 Piece 0: offset=2965504, size=0 bytes
📝 Piece 0: offset=2965504, size=11037 bytes
📝 Piece 0: offset=2976541, size=5347 bytes
📝 Piece 0: offset=2981888, size=16384 bytes
📝 Piece 0: offset=2998272, size=0 bytes
📝 Piece 0: offset=2998272, size=11011 bytes
📝 Piece 0: offset=3009283, size=5373 bytes
📝 Piece 0: offset=3014656, size=16384 bytes
📝 Piece 0: offset=3031040, size=0 bytes
📝 Piece 0: offset=3031040, size=10985 bytes
📝 Piece 0: offset=3042025, size=5399 bytes
📝 Piece 0: offset=3047424, size=16384 bytes
📝 Piece 0: offset=3063808, size=0 bytes
📝 Piece 0: offset=3063808, size=10959 bytes
📝 Piece 0: offset=3074767, size=5425 bytes
📝 Piece 0: offset=3080192, size=16384 bytes
📝 Piece 0: offset=3096576, size=0 bytes
📝 Piece 0: offset=3096576, size=10933 bytes
📝 Piece 0: offset=3107509, size=5451 bytes
📝 Piece 0: offset=3112960, size=16384 bytes
📝 Piece 0: offset=3129344, size=0 bytes
📝 Piece 0: offset=3129344, size=10907 bytes
📝 Piece 0: offset=3140251, size=5477 bytes
📝 Piece 0: offset=3145728, size=16384 bytes
📝 Piece 0: offset=3162112, size=0 bytes
📝 Piece 0: offset=3162112, size=10881 bytes
📝 Piece 0: offset=3172993, size=5503 bytes
📝 Piece 0: offset=3178496, size=16384 bytes
📝 Piece 0: offset=3194880, size=0 bytes
📝 Piece 0: offset=3194880, size=10855 bytes
📝 Piece 0: offset=3205735, size=5529 bytes
📝 Piece 0: offset=3211264, size=16384 bytes
📝 Piece 0: offset=3227648, size=0 bytes
📝 Piece 0: offset=3227648, size=10829 bytes
📝 Piece 0: offset=3238477, size=5555 bytes
📝 Piece 0: offset=3244032, size=16384 bytes
📝 Piece 0: offset=3260416, size=0 bytes
📝 Piece 0: offset=3260416, size=10803 bytes
📝 Piece 0: offset=3271219, size=5581 bytes
📝 Piece 0: offset=3276800, size=16384 bytes
📝 Piece 0: offset=3293184, size=0 bytes
📝 Piece 0: offset=3293184, size=10777 bytes
📝 Piece 0: offset=3303961, size=5607 bytes
📝 Piece 0: offset=3309568, size=16384 bytes
📝 Piece 0: offset=3325952, size=0 bytes
📝 Piece 0: offset=3325952, size=10751 bytes
📝 Piece 0: offset=3336703, size=5633 bytes
📝 Piece 0: offset=3342336, size=16384 bytes
📝 Piece 3: offset=16007168, size=16384 bytes
📝 Piece 3: offset=16023552, size=0 bytes
📝 Piece 0: offset=3358720, size=0 bytes
📝 Piece 0: offset=3358720, size=10725 bytes
📝 Piece 3: offset=15990784, size=10664 bytes
📝 Piece 3: offset=16001448, size=5720 bytes
📝 Piece 0: offset=3369445, size=5659 bytes
📝 Piece 0: offset=3375104, size=16384 bytes
📝 Piece 0: offset=3391488, size=0 bytes
📝 Piece 0: offset=3391488, size=10699 bytes
📝 Piece 0: offset=3402187, size=5685 bytes
📝 Piece 0: offset=3407872, size=16384 bytes
📝 Piece 0: offset=3424256, size=0 bytes
📝 Piece 0: offset=3424256, size=10673 bytes
📝 Piece 0: offset=3434929, size=5711 bytes
📝 Piece 0: offset=3440640, size=16384 bytes
📝 Piece 0: offset=3457024, size=0 bytes
📝 Piece 0: offset=3457024, size=10647 bytes
📝 Piece 0: offset=3467671, size=5737 bytes
📝 Piece 0: offset=3473408, size=16384 bytes
📝 Piece 0: offset=3489792, size=0 bytes
📝 Piece 0: offset=3489792, size=10621 bytes
📝 Piece 0: offset=3500413, size=5763 bytes
📝 Piece 0: offset=3506176, size=16384 bytes
📝 Piece 3: offset=16023552, size=16384 bytes
📝 Piece 0: offset=3522560, size=0 bytes
📝 Piece 3: offset=16039936, size=0 bytes
📝 Piece 0: offset=3522560, size=10595 bytes
📝 Piece 0: offset=3533155, size=5789 bytes
📝 Piece 0: offset=3538944, size=16384 bytes
📝 Piece 0: offset=3555328, size=0 bytes
📝 Piece 0: offset=3555328, size=10569 bytes
📝 Piece 0: offset=3565897, size=5815 bytes
📝 Piece 0: offset=3571712, size=16384 bytes
📝 Piece 0: offset=3588096, size=0 bytes
📝 Piece 0: offset=3588096, size=10543 bytes
📝 Piece 0: offset=3598639, size=5841 bytes
📝 Piece 0: offset=3604480, size=16384 bytes
📝 Piece 0: offset=3620864, size=0 bytes
📝 Piece 0: offset=3620864, size=10517 bytes
📝 Piece 0: offset=3631381, size=5867 bytes
📝 Piece 0: offset=3637248, size=16384 bytes
📝 Piece 0: offset=3653632, size=0 bytes
📝 Piece 0: offset=3653632, size=10491 bytes
📝 Piece 0: offset=3664123, size=5893 bytes
📝 Piece 3: offset=16056320, size=10638 bytes
📝 Piece 3: offset=16066958, size=5746 bytes
📝 Piece 0: offset=3670016, size=16384 bytes
📝 Piece 0: offset=3686400, size=0 bytes
📝 Piece 0: offset=3686400, size=10465 bytes
📝 Piece 0: offset=3696865, size=5919 bytes
📝 Piece 0: offset=3702784, size=16384 bytes
📝 Piece 0: offset=3719168, size=0 bytes
📝 Piece 0: offset=3719168, size=10439 bytes
📝 Piece 0: offset=3729607, size=5945 bytes
📝 Piece 0: offset=3735552, size=16384 bytes
📝 Piece 0: offset=3751936, size=0 bytes
📝 Piece 0: offset=3751936, size=10413 bytes
📝 Piece 0: offset=3762349, size=5971 bytes
📝 Piece 0: offset=3768320, size=16384 bytes
📝 Piece 0: offset=3784704, size=0 bytes
📝 Piece 0: offset=3784704, size=10387 bytes
📝 Piece 0: offset=3795091, size=5997 bytes
📝 Piece 0: offset=3801088, size=16384 bytes
📝 Piece 0: offset=3817472, size=0 bytes
📝 Piece 0: offset=3817472, size=10361 bytes
📝 Piece 0: offset=3827833, size=6023 bytes
📝 Piece 0: offset=3833856, size=16384 bytes
📝 Piece 0: offset=3850240, size=0 bytes
📝 Piece 0: offset=3850240, size=10335 bytes
📝 Piece 0: offset=3860575, size=6049 bytes
📝 Piece 0: offset=3866624, size=16384 bytes
📝 Piece 0: offset=3883008, size=0 bytes
📝 Piece 0: offset=3883008, size=10309 bytes
📝 Piece 0: offset=3893317, size=6075 bytes
📝 Piece 0: offset=3899392, size=16384 bytes
📝 Piece 0: offset=3915776, size=0 bytes
📝 Piece 0: offset=3915776, size=10283 bytes
📝 Piece 0: offset=3926059, size=6101 bytes
📝 Piece 0: offset=3932160, size=16384 bytes
📝 Piece 0: offset=3948544, size=0 bytes
📝 Piece 0: offset=3948544, size=10257 bytes
📝 Piece 0: offset=3958801, size=6127 bytes
📝 Piece 0: offset=3964928, size=16384 bytes
📝 Piece 0: offset=3981312, size=0 bytes
📝 Piece 0: offset=3981312, size=10231 bytes
📝 Piece 0: offset=3991543, size=6153 bytes
📝 Piece 0: offset=3997696, size=16384 bytes
📝 Piece 0: offset=4014080, size=0 bytes
📝 Piece 0: offset=4014080, size=10205 bytes
📝 Piece 0: offset=4024285, size=6179 bytes
📝 Piece 0: offset=4030464, size=16384 bytes
📝 Piece 0: offset=4046848, size=0 bytes
📝 Piece 0: offset=4046848, size=10179 bytes
📝 Piece 0: offset=4057027, size=6205 bytes
📝 Piece 0: offset=4063232, size=16384 bytes
📝 Piece 0: offset=4079616, size=0 bytes
📝 Piece 0: offset=4079616, size=10153 bytes
📝 Piece 0: offset=4089769, size=6231 bytes
📝 Piece 0: offset=4096000, size=16384 bytes
📝 Piece 0: offset=4112384, size=0 bytes
📝 Piece 0: offset=4112384, size=10127 bytes
📝 Piece 0: offset=4122511, size=6257 bytes
📝 Piece 0: offset=4128768, size=16384 bytes
📝 Piece 0: offset=4145152, size=0 bytes
📝 Piece 0: offset=4145152, size=10101 bytes
📝 Piece 0: offset=4155253, size=6283 bytes
📝 Piece 0: offset=4161536, size=16384 bytes
📝 Piece 0: offset=4177920, size=0 bytes
📝 Piece 0: offset=4177920, size=10075 bytes
📝 Piece 0: offset=4187995, size=6309 bytes
📝 Piece 3: offset=16039936, size=16384 bytes
📝 Piece 3: offset=16056320, size=0 bytes
📝 Piece 3: offset=16072704, size=10612 bytes
📝 Piece 3: offset=16083316, size=5772 bytes
📝 Piece 3: offset=16089088, size=16384 bytes
📝 Piece 3: offset=16105472, size=0 bytes
📝 Piece 3: offset=16105472, size=10586 bytes
📝 Piece 3: offset=16116058, size=5798 bytes
📝 Piece 3: offset=16121856, size=16384 bytes
📝 Piece 3: offset=16138240, size=0 bytes
📝 Piece 3: offset=16138240, size=10560 bytes
📝 Piece 3: offset=16148800, size=5824 bytes
📝 Piece 3: offset=16154624, size=16384 bytes
📝 Piece 3: offset=16171008, size=0 bytes
📝 Piece 3: offset=16187392, size=10534 bytes
📝 Piece 3: offset=16197926, size=5850 bytes
📝 Piece 3: offset=16171008, size=16384 bytes
📝 Piece 3: offset=16187392, size=0 bytes
📝 Piece 3: offset=16203776, size=10508 bytes
📝 Piece 3: offset=16214284, size=5876 bytes
📝 Piece 3: offset=16236544, size=16384 bytes
📝 Piece 3: offset=16252928, size=0 bytes
📝 Piece 3: offset=16220160, size=10482 bytes
📝 Piece 3: offset=16230642, size=5902 bytes
📝 Piece 3: offset=16252928, size=16384 bytes
📝 Piece 3: offset=16269312, size=0 bytes
📝 Piece 3: offset=16269312, size=10456 bytes
📝 Piece 3: offset=16279768, size=5928 bytes
📝 Piece 3: offset=16302080, size=16384 bytes
📝 Piece 3: offset=16318464, size=0 bytes
📝 Piece 3: offset=16285696, size=10430 bytes
📝 Piece 3: offset=16296126, size=5954 bytes
📝 Piece 3: offset=16318464, size=16384 bytes
📝 Piece 3: offset=16334848, size=0 bytes
📝 Piece 3: offset=16334848, size=10404 bytes
📝 Piece 3: offset=16345252, size=5980 bytes
📝 Piece 3: offset=16351232, size=16384 bytes
📝 Piece 3: offset=16367616, size=0 bytes
📝 Piece 3: offset=16384000, size=10378 bytes
📝 Piece 3: offset=16394378, size=6006 bytes
📝 Piece 3: offset=16367616, size=16384 bytes
📝 Piece 3: offset=16384000, size=0 bytes
📝 Piece 3: offset=16400384, size=10352 bytes
📝 Piece 3: offset=16410736, size=6032 bytes
📝 Piece 3: offset=16416768, size=16384 bytes
📝 Piece 3: offset=16433152, size=0 bytes
📝 Piece 3: offset=16449536, size=10326 bytes
📝 Piece 3: offset=16459862, size=6058 bytes
📝 Piece 3: offset=16433152, size=16384 bytes
📝 Piece 3: offset=16449536, size=0 bytes
📝 Piece 3: offset=16465920, size=10300 bytes
📝 Piece 3: offset=16476220, size=6084 bytes
📝 Piece 3: offset=16498688, size=16384 bytes
📝 Piece 3: offset=16515072, size=0 bytes
.📝 Piece 3: offset=16482304, size=10274 bytes
📝 Piece 3: offset=16492578, size=6110 bytes
📝 Piece 3: offset=16515072, size=16384 bytes
📝 Piece 3: offset=16531456, size=0 bytes
📝 Piece 3: offset=16531456, size=10248 bytes
📝 Piece 3: offset=16541704, size=6136 bytes
📝 Piece 3: offset=16547840, size=16384 bytes
📝 Piece 3: offset=16564224, size=0 bytes
📝 Piece 3: offset=16564224, size=10222 bytes
📝 Piece 3: offset=16574446, size=6162 bytes
📝 Piece 3: offset=16580608, size=16384 bytes
📝 Piece 3: offset=16596992, size=0 bytes
📝 Piece 3: offset=16596992, size=10196 bytes
📝 Piece 3: offset=16607188, size=6188 bytes
📝 Piece 3: offset=16613376, size=16384 bytes
📝 Piece 3: offset=16629760, size=0 bytes
📝 Piece 3: offset=16629760, size=10170 bytes
📝 Piece 3: offset=16639930, size=6214 bytes
📝 Piece 3: offset=16646144, size=16384 bytes
📝 Piece 3: offset=16662528, size=0 bytes
📝 Piece 3: offset=16678912, size=10144 bytes
📝 Piece 3: offset=16689056, size=6240 bytes
📝 Piece 3: offset=16662528, size=16384 bytes
📝 Piece 3: offset=16678912, size=0 bytes
📝 Piece 3: offset=16695296, size=10118 bytes
📝 Piece 3: offset=16705414, size=6266 bytes
📝 Piece 3: offset=16711680, size=16384 bytes
📝 Piece 3: offset=16728064, size=0 bytes
📝 Piece 3: offset=16728064, size=10092 bytes
📝 Piece 3: offset=16738156, size=6292 bytes
📝 Piece 3: offset=16744448, size=16384 bytes
📝 Piece 3: offset=16760832, size=0 bytes
📝 Piece 3: offset=16760832, size=10066 bytes
📝 Piece 3: offset=16770898, size=6318 bytes
...📝 Piece 0: offset=0, size=16384 bytes
📝 Piece 0: offset=16384, size=0 bytes
📝 Piece 0: offset=16384, size=13333 bytes
📝 Piece 0: offset=29717, size=3051 bytes
📝 Piece 0: offset=32768, size=16384 bytes
📝 Piece 0: offset=49152, size=0 bytes
📝 Piece 0: offset=49152, size=13307 bytes
📝 Piece 0: offset=62459, size=3077 bytes
📝 Piece 0: offset=65536, size=16384 bytes
📝 Piece 0: offset=81920, size=0 bytes
📝 Piece 0: offset=81920, size=13281 bytes
📝 Piece 0: offset=95201, size=3103 bytes
📝 Piece 0: offset=98304, size=16384 bytes
📝 Piece 0: offset=114688, size=0 bytes
📝 Piece 0: offset=114688, size=13255 bytes
📝 Piece 0: offset=127943, size=3129 bytes
📝 Piece 0: offset=131072, size=16384 bytes
📝 Piece 0: offset=147456, size=0 bytes
📝 Piece 0: offset=147456, size=13229 bytes
📝 Piece 0: offset=160685, size=3155 bytes
📝 Piece 0: offset=163840, size=16384 bytes
📝 Piece 0: offset=180224, size=0 bytes
📝 Piece 0: offset=180224, size=13203 bytes
📝 Piece 0: offset=193427, size=3181 bytes
📝 Piece 0: offset=196608, size=16384 bytes
📝 Piece 0: offset=212992, size=0 bytes
📝 Piece 0: offset=212992, size=13177 bytes
📝 Piece 0: offset=226169, size=3207 bytes
📝 Piece 0: offset=229376, size=16384 bytes
📝 Piece 0: offset=245760, size=0 bytes
📝 Piece 0: offset=245760, size=13151 bytes
📝 Piece 0: offset=258911, size=3233 bytes
📝 Piece 0: offset=262144, size=16384 bytes
📝 Piece 0: offset=278528, size=0 bytes
📝 Piece 0: offset=278528, size=13125 bytes
📝 Piece 0: offset=291653, size=3259 bytes
📝 Piece 0: offset=294912, size=16384 bytes
📝 Piece 0: offset=311296, size=0 bytes
📝 Piece 0: offset=311296, size=13099 bytes
📝 Piece 0: offset=324395, size=3285 bytes
📝 Piece 0: offset=327680, size=16384 bytes
📝 Piece 0: offset=344064, size=0 bytes
📝 Piece 0: offset=344064, size=13073 bytes
📝 Piece 0: offset=357137, size=3311 bytes
📝 Piece 0: offset=360448, size=16384 bytes
📝 Piece 0: offset=376832, size=0 bytes
📝 Piece 0: offset=376832, size=13047 bytes
📝 Piece 0: offset=389879, size=3337 bytes
📝 Piece 0: offset=393216, size=16384 bytes
📝 Piece 0: offset=409600, size=0 bytes
📝 Piece 0: offset=409600, size=13021 bytes
📝 Piece 0: offset=422621, size=3363 bytes
📝 Piece 0: offset=425984, size=16384 bytes
📝 Piece 0: offset=442368, size=0 bytes
📝 Piece 0: offset=442368, size=12995 bytes
📝 Piece 0: offset=455363, size=3389 bytes
📝 Piece 0: offset=458752, size=16384 bytes
📝 Piece 0: offset=475136, size=0 bytes
📝 Piece 0: offset=475136, size=12969 bytes
📝 Piece 0: offset=488105, size=3415 bytes
📝 Piece 0: offset=491520, size=16384 bytes
📝 Piece 0: offset=507904, size=0 bytes
📝 Piece 0: offset=507904, size=12943 bytes
📝 Piece 0: offset=520847, size=3441 bytes
📝 Piece 0: offset=524288, size=16384 bytes
📝 Piece 0: offset=540672, size=0 bytes
📝 Piece 0: offset=540672, size=12917 bytes
📝 Piece 0: offset=553589, size=3467 bytes
📝 Piece 0: offset=557056, size=16384 bytes
📝 Piece 0: offset=573440, size=0 bytes
📝 Piece 0: offset=573440, size=12891 bytes
📝 Piece 0: offset=586331, size=3493 bytes
📝 Piece 0: offset=589824, size=16384 bytes
📝 Piece 0: offset=606208, size=0 bytes
📝 Piece 0: offset=606208, size=12865 bytes
📝 Piece 0: offset=619073, size=3519 bytes
📝 Piece 0: offset=622592, size=16384 bytes
📝 Piece 0: offset=638976, size=0 bytes
📝 Piece 0: offset=638976, size=12839 bytes
📝 Piece 0: offset=651815, size=3545 bytes
📝 Piece 0: offset=655360, size=16384 bytes
📝 Piece 0: offset=671744, size=0 bytes
📝 Piece 0: offset=671744, size=12813 bytes
📝 Piece 0: offset=684557, size=3571 bytes
📝 Piece 0: offset=688128, size=16384 bytes
📝 Piece 0: offset=704512, size=0 bytes
📝 Piece 0: offset=704512, size=12787 bytes
📝 Piece 0: offset=717299, size=3597 bytes
📝 Piece 0: offset=720896, size=16384 bytes
📝 Piece 0: offset=737280, size=0 bytes
📝 Piece 0: offset=737280, size=12761 bytes
📝 Piece 0: offset=750041, size=3623 bytes
📝 Piece 0: offset=753664, size=16384 bytes
📝 Piece 0: offset=770048, size=0 bytes
📝 Piece 0: offset=770048, size=12735 bytes
📝 Piece 0: offset=782783, size=3649 bytes
📝 Piece 0: offset=786432, size=16384 bytes
📝 Piece 0: offset=802816, size=0 bytes
📝 Piece 0: offset=802816, size=12709 bytes
📝 Piece 0: offset=815525, size=3675 bytes
📝 Piece 0: offset=819200, size=16384 bytes
📝 Piece 0: offset=835584, size=0 bytes
📝 Piece 0: offset=835584, size=12683 bytes
📝 Piece 0: offset=848267, size=3701 bytes
📝 Piece 0: offset=851968, size=16384 bytes
📝 Piece 0: offset=868352, size=0 bytes
📝 Piece 0: offset=868352, size=12657 bytes
📝 Piece 0: offset=881009, size=3727 bytes
📝 Piece 0: offset=884736, size=16384 bytes
📝 Piece 0: offset=901120, size=0 bytes
📝 Piece 0: offset=901120, size=12631 bytes
📝 Piece 0: offset=913751, size=3753 bytes
📝 Piece 0: offset=917504, size=16384 bytes
📝 Piece 0: offset=933888, size=0 bytes
📝 Piece 0: offset=933888, size=12605 bytes
📝 Piece 0: offset=946493, size=3779 bytes
📝 Piece 0: offset=950272, size=16384 bytes
📝 Piece 0: offset=966656, size=0 bytes
📝 Piece 0: offset=966656, size=12579 bytes
📝 Piece 0: offset=979235, size=3805 bytes
📝 Piece 0: offset=983040, size=16384 bytes
📝 Piece 0: offset=999424, size=0 bytes
📝 Piece 0: offset=999424, size=12553 bytes
📝 Piece 0: offset=1011977, size=3831 bytes
📝 Piece 0: offset=1015808, size=16384 bytes
📝 Piece 0: offset=1032192, size=0 bytes
📝 Piece 0: offset=1032192, size=12527 bytes
📝 Piece 0: offset=1044719, size=3857 bytes
📝 Piece 0: offset=1048576, size=16384 bytes
📝 Piece 0: offset=1064960, size=0 bytes
📝 Piece 0: offset=1064960, size=12501 bytes
📝 Piece 0: offset=1077461, size=3883 bytes
📝 Piece 0: offset=1081344, size=16384 bytes
📝 Piece 0: offset=1097728, size=0 bytes
📝 Piece 0: offset=1097728, size=12475 bytes
📝 Piece 0: offset=1110203, size=3909 bytes
📝 Piece 0: offset=1114112, size=16384 bytes
📝 Piece 0: offset=1130496, size=0 bytes
📝 Piece 0: offset=1130496, size=12449 bytes
📝 Piece 0: offset=1142945, size=3935 bytes
📝 Piece 0: offset=1146880, size=16384 bytes
📝 Piece 0: offset=1163264, size=0 bytes
📝 Piece 0: offset=1163264, size=12423 bytes
📝 Piece 0: offset=1175687, size=3961 bytes
📝 Piece 0: offset=1179648, size=16384 bytes
📝 Piece 0: offset=1196032, size=0 bytes
📝 Piece 0: offset=1196032, size=12397 bytes
📝 Piece 0: offset=1208429, size=3987 bytes
📝 Piece 0: offset=1212416, size=16384 bytes
📝 Piece 0: offset=1228800, size=0 bytes
📝 Piece 0: offset=1228800, size=12371 bytes
📝 Piece 0: offset=1241171, size=4013 bytes
📝 Piece 0: offset=1245184, size=16384 bytes
📝 Piece 0: offset=1261568, size=0 bytes
📝 Piece 0: offset=1261568, size=12345 bytes
📝 Piece 0: offset=1273913, size=4039 bytes
📝 Piece 0: offset=1277952, size=16384 bytes
📝 Piece 0: offset=1294336, size=0 bytes
📝 Piece 0: offset=1294336, size=12319 bytes
📝 Piece 0: offset=1306655, size=4065 bytes
📝 Piece 0: offset=1310720, size=16384 bytes
📝 Piece 0: offset=1327104, size=0 bytes
📝 Piece 0: offset=1327104, size=12293 bytes
📝 Piece 0: offset=1339397, size=4091 bytes
📝 Piece 0: offset=1343488, size=16384 bytes
📝 Piece 0: offset=1359872, size=0 bytes
📝 Piece 0: offset=1359872, size=12267 bytes
📝 Piece 0: offset=1372139, size=4117 bytes
📝 Piece 0: offset=1376256, size=16384 bytes
📝 Piece 0: offset=1392640, size=0 bytes
📝 Piece 0: offset=1392640, size=12241 bytes
📝 Piece 0: offset=1404881, size=4143 bytes
📝 Piece 0: offset=1409024, size=16384 bytes
📝 Piece 0: offset=1425408, size=0 bytes
📝 Piece 0: offset=1425408, size=12215 bytes
📝 Piece 0: offset=1437623, size=4169 bytes
📝 Piece 0: offset=1441792, size=16384 bytes
📝 Piece 0: offset=1458176, size=0 bytes
📝 Piece 0: offset=1458176, size=12189 bytes
📝 Piece 0: offset=1470365, size=4195 bytes
📝 Piece 0: offset=1474560, size=16384 bytes
📝 Piece 0: offset=1490944, size=0 bytes
📝 Piece 0: offset=1490944, size=12163 bytes
📝 Piece 0: offset=1503107, size=4221 bytes
📝 Piece 0: offset=1507328, size=16384 bytes
📝 Piece 0: offset=1523712, size=0 bytes
📝 Piece 0: offset=1523712, size=12137 bytes
📝 Piece 0: offset=1535849, size=4247 bytes
📝 Piece 0: offset=1540096, size=16384 bytes
📝 Piece 0: offset=1556480, size=0 bytes
📝 Piece 0: offset=1556480, size=12111 bytes
📝 Piece 0: offset=1568591, size=4273 bytes
📝 Piece 0: offset=1572864, size=16384 bytes
📝 Piece 0: offset=1589248, size=0 bytes
📝 Piece 0: offset=1589248, size=12085 bytes
📝 Piece 0: offset=1601333, size=4299 bytes
📝 Piece 0: offset=1605632, size=16384 bytes
📝 Piece 0: offset=1622016, size=0 bytes
📝 Piece 0: offset=1622016, size=12059 bytes
📝 Piece 0: offset=1634075, size=4325 bytes
📝 Piece 0: offset=1638400, size=16384 bytes
📝 Piece 0: offset=1654784, size=0 bytes
📝 Piece 0: offset=1654784, size=12033 bytes
📝 Piece 0: offset=1666817, size=4351 bytes
📝 Piece 0: offset=1671168, size=16384 bytes
📝 Piece 0: offset=1687552, size=0 bytes
📝 Piece 0: offset=1687552, size=12007 bytes
📝 Piece 0: offset=1699559, size=4377 bytes
📝 Piece 0: offset=1703936, size=16384 bytes
📝 Piece 0: offset=1720320, size=0 bytes
📝 Piece 0: offset=1720320, size=11981 bytes
📝 Piece 0: offset=1732301, size=4403 bytes
📝 Piece 0: offset=1736704, size=16384 bytes
📝 Piece 0: offset=1753088, size=0 bytes
📝 Piece 0: offset=1753088, size=11955 bytes
📝 Piece 0: offset=1765043, size=4429 bytes
📝 Piece 0: offset=1769472, size=16384 bytes
📝 Piece 0: offset=1785856, size=0 bytes
📝 Piece 0: offset=1785856, size=11929 bytes
📝 Piece 0: offset=1797785, size=4455 bytes
📝 Piece 0: offset=1802240, size=16384 bytes
📝 Piece 0: offset=1818624, size=0 bytes
📝 Piece 0: offset=1818624, size=11903 bytes
📝 Piece 0: offset=1830527, size=4481 bytes
📝 Piece 0: offset=1835008, size=16384 bytes
📝 Piece 0: offset=1851392, size=0 bytes
📝 Piece 0: offset=1851392, size=11877 bytes
📝 Piece 0: offset=1863269, size=4507 bytes
📝 Piece 0: offset=1867776, size=16384 bytes
📝 Piece 0: offset=1884160, size=0 bytes
📝 Piece 0: offset=1884160, size=11851 bytes
📝 Piece 0: offset=1896011, size=4533 bytes
📝 Piece 0: offset=1900544, size=16384 bytes
📝 Piece 0: offset=1916928, size=0 bytes
📝 Piece 0: offset=1916928, size=11825 bytes
📝 Piece 0: offset=1928753, size=4559 bytes
📝 Piece 0: offset=1933312, size=16384 bytes
📝 Piece 0: offset=1949696, size=0 bytes
📝 Piece 0: offset=1949696, size=11799 bytes
📝 Piece 0: offset=1961495, size=4585 bytes
📝 Piece 0: offset=1966080, size=16384 bytes
📝 Piece 0: offset=1982464, size=0 bytes
📝 Piece 0: offset=1982464, size=11773 bytes
📝 Piece 0: offset=1994237, size=4611 bytes
📝 Piece 0: offset=1998848, size=16384 bytes
📝 Piece 0: offset=2015232, size=0 bytes
📝 Piece 0: offset=2015232, size=11747 bytes
📝 Piece 0: offset=2026979, size=4637 bytes
📝 Piece 0: offset=2031616, size=16384 bytes
📝 Piece 0: offset=2048000, size=0 bytes
📝 Piece 0: offset=2048000, size=11721 bytes
📝 Piece 0: offset=2059721, size=4663 bytes
📝 Piece 0: offset=2064384, size=16384 bytes
📝 Piece 0: offset=2080768, size=0 bytes
📝 Piece 0: offset=2080768, size=11695 bytes
📝 Piece 0: offset=2092463, size=4689 bytes
📝 Piece 0: offset=2097152, size=16384 bytes
📝 Piece 0: offset=2113536, size=0 bytes
📝 Piece 0: offset=2113536, size=11669 bytes
📝 Piece 0: offset=2125205, size=4715 bytes
📝 Piece 0: offset=2129920, size=16384 bytes
📝 Piece 0: offset=2146304, size=0 bytes
📝 Piece 0: offset=2146304, size=11643 bytes
📝 Piece 0: offset=2157947, size=4741 bytes
📝 Piece 0: offset=2162688, size=16384 bytes
📝 Piece 0: offset=2179072, size=0 bytes
📝 Piece 0: offset=2179072, size=11617 bytes
📝 Piece 0: offset=2190689, size=4767 bytes
📝 Piece 0: offset=2195456, size=16384 bytes
📝 Piece 0: offset=2211840, size=0 bytes
📝 Piece 0: offset=2211840, size=11591 bytes
📝 Piece 0: offset=2223431, size=4793 bytes
📝 Piece 0: offset=2228224, size=16384 bytes
📝 Piece 0: offset=2244608, size=0 bytes
📝 Piece 0: offset=2244608, size=11565 bytes
📝 Piece 0: offset=2256173, size=4819 bytes
📝 Piece 0: offset=2260992, size=16384 bytes
📝 Piece 0: offset=2277376, size=0 bytes
📝 Piece 0: offset=2277376, size=11539 bytes
📝 Piece 0: offset=2288915, size=4845 bytes
📝 Piece 0: offset=2293760, size=16384 bytes
📝 Piece 0: offset=2310144, size=0 bytes
📝 Piece 0: offset=2310144, size=11513 bytes
📝 Piece 0: offset=2321657, size=4871 bytes
📝 Piece 0: offset=2326528, size=16384 bytes
📝 Piece 0: offset=2342912, size=0 bytes
📝 Piece 0: offset=2342912, size=11487 bytes
📝 Piece 0: offset=2354399, size=4897 bytes
📝 Piece 0: offset=2359296, size=16384 bytes
📝 Piece 0: offset=2375680, size=0 bytes
📝 Piece 0: offset=2375680, size=11461 bytes
📝 Piece 0: offset=2387141, size=4923 bytes
📝 Piece 0: offset=2392064, size=16384 bytes
📝 Piece 0: offset=2408448, size=0 bytes
📝 Piece 0: offset=2408448, size=11435 bytes
📝 Piece 0: offset=2419883, size=4949 bytes
📝 Piece 0: offset=2424832, size=16384 bytes
📝 Piece 0: offset=2441216, size=0 bytes
📝 Piece 0: offset=2441216, size=11409 bytes
📝 Piece 0: offset=2452625, size=4975 bytes
📝 Piece 0: offset=2457600, size=16384 bytes
📝 Piece 0: offset=2473984, size=0 bytes
📝 Piece 0: offset=2473984, size=11383 bytes
📝 Piece 0: offset=2485367, size=5001 bytes
📝 Piece 0: offset=2490368, size=16384 bytes
📝 Piece 0: offset=2506752, size=0 bytes
📝 Piece 0: offset=2506752, size=11357 bytes
📝 Piece 0: offset=2518109, size=5027 bytes
📝 Piece 0: offset=2523136, size=16384 bytes
📝 Piece 0: offset=2539520, size=0 bytes
📝 Piece 0: offset=2539520, size=11331 bytes
📝 Piece 0: offset=2550851, size=5053 bytes
📝 Piece 0: offset=2555904, size=16384 bytes
📝 Piece 0: offset=2572288, size=0 bytes
📝 Piece 0: offset=2572288, size=11305 bytes
📝 Piece 0: offset=2583593, size=5079 bytes
📝 Piece 0: offset=2588672, size=16384 bytes
📝 Piece 0: offset=2605056, size=0 bytes
📝 Piece 0: offset=2605056, size=11279 bytes
📝 Piece 0: offset=2616335, size=5105 bytes
📝 Piece 0: offset=2621440, size=16384 bytes
📝 Piece 0: offset=2637824, size=0 bytes
📝 Piece 0: offset=2637824, size=11253 bytes
📝 Piece 0: offset=2649077, size=5131 bytes
📝 Piece 0: offset=2654208, size=16384 bytes
📝 Piece 0: offset=2670592, size=0 bytes
📝 Piece 0: offset=2670592, size=11227 bytes
📝 Piece 0: offset=2681819, size=5157 bytes
📝 Piece 0: offset=2686976, size=16384 bytes
📝 Piece 0: offset=2703360, size=0 bytes
📝 Piece 0: offset=2703360, size=11201 bytes
📝 Piece 0: offset=2714561, size=5183 bytes
📝 Piece 0: offset=2719744, size=16384 bytes
📝 Piece 0: offset=2736128, size=0 bytes
📝 Piece 0: offset=2736128, size=11175 bytes
📝 Piece 0: offset=2747303, size=5209 bytes
📝 Piece 0: offset=2752512, size=16384 bytes
📝 Piece 0: offset=2768896, size=0 bytes
📝 Piece 0: offset=2768896, size=11149 bytes
📝 Piece 0: offset=2780045, size=5235 bytes
📝 Piece 0: offset=2785280, size=16384 bytes
📝 Piece 0: offset=2801664, size=0 bytes
📝 Piece 0: offset=2801664, size=11123 bytes
📝 Piece 0: offset=2812787, size=5261 bytes
📝 Piece 0: offset=2818048, size=16384 bytes
📝 Piece 0: offset=2834432, size=0 bytes
📝 Piece 0: offset=2834432, size=11097 bytes
📝 Piece 0: offset=2845529, size=5287 bytes
📝 Piece 0: offset=2850816, size=16384 bytes
📝 Piece 0: offset=2867200, size=0 bytes
📝 Piece 0: offset=2867200, size=11071 bytes
📝 Piece 0: offset=2878271, size=5313 bytes
📝 Piece 0: offset=2883584, size=16384 bytes
📝 Piece 0: offset=2899968, size=0 bytes
📝 Piece 0: offset=2899968, size=11045 bytes
📝 Piece 0: offset=2911013, size=5339 bytes
📝 Piece 0: offset=2916352, size=16384 bytes
📝 Piece 0: offset=2932736, size=0 bytes
📝 Piece 0: offset=2932736, size=11019 bytes
📝 Piece 0: offset=2943755, size=5365 bytes
📝 Piece 0: offset=2949120, size=16384 bytes
📝 Piece 0: offset=2965504, size=0 bytes
📝 Piece 0: offset=2965504, size=10993 bytes
📝 Piece 0: offset=2976497, size=5391 bytes
📝 Piece 0: offset=2981888, size=16384 bytes
📝 Piece 0: offset=2998272, size=0 bytes
📝 Piece 0: offset=2998272, size=10967 bytes
📝 Piece 0: offset=3009239, size=5417 bytes
📝 Piece 0: offset=3014656, size=16384 bytes
📝 Piece 0: offset=3031040, size=0 bytes
📝 Piece 0: offset=3031040, size=10941 bytes
📝 Piece 0: offset=3041981, size=5443 bytes
📝 Piece 0: offset=3047424, size=16384 bytes
📝 Piece 0: offset=3063808, size=0 bytes
📝 Piece 0: offset=3063808, size=10915 bytes
📝 Piece 0: offset=3074723, size=5469 bytes
📝 Piece 0: offset=3080192, size=16384 bytes
📝 Piece 0: offset=3096576, size=0 bytes
📝 Piece 0: offset=3096576, size=10889 bytes
📝 Piece 0: offset=3107465, size=5495 bytes
📝 Piece 0: offset=3112960, size=16384 bytes
📝 Piece 0: offset=3129344, size=0 bytes
📝 Piece 0: offset=3129344, size=10863 bytes
📝 Piece 0: offset=3140207, size=5521 bytes
📝 Piece 0: offset=3145728, size=16384 bytes
📝 Piece 0: offset=3162112, size=0 bytes
📝 Piece 0: offset=3162112, size=10837 bytes
📝 Piece 0: offset=3172949, size=5547 bytes
📝 Piece 0: offset=3178496, size=16384 bytes
📝 Piece 0: offset=3194880, size=0 bytes
📝 Piece 0: offset=3194880, size=10811 bytes
📝 Piece 0: offset=3205691, size=5573 bytes
📝 Piece 0: offset=3211264, size=16384 bytes
📝 Piece 0: offset=3227648, size=0 bytes
📝 Piece 0: offset=3227648, size=10785 bytes
📝 Piece 0: offset=3238433, size=5599 bytes
📝 Piece 0: offset=3244032, size=16384 bytes
📝 Piece 0: offset=3260416, size=0 bytes
📝 Piece 0: offset=3260416, size=10759 bytes
📝 Piece 0: offset=3271175, size=5625 bytes
📝 Piece 0: offset=3276800, size=16384 bytes
📝 Piece 0: offset=3293184, size=0 bytes
📝 Piece 0: offset=3293184, size=10660 bytes
📝 Piece 0: offset=3303844, size=5724 bytes
📝 Piece 0: offset=3309568, size=16384 bytes
📝 Piece 0: offset=3325952, size=0 bytes
📝 Piece 0: offset=3342336, size=10634 bytes
📝 Piece 0: offset=3352970, size=5750 bytes
📝 Piece 0: offset=3358720, size=16384 bytes
📝 Piece 0: offset=3375104, size=0 bytes
📝 Piece 0: offset=3325952, size=10608 bytes
📝 Piece 0: offset=3336560, size=5776 bytes
📝 Piece 0: offset=3375104, size=16384 bytes
📝 Piece 0: offset=3391488, size=0 bytes
📝 Piece 0: offset=3391488, size=10582 bytes
📝 Piece 0: offset=3402070, size=5802 bytes
📝 Piece 0: offset=3407872, size=16384 bytes
📝 Piece 0: offset=3424256, size=0 bytes
📝 Piece 0: offset=3424256, size=10556 bytes
📝 Piece 0: offset=3434812, size=5828 bytes
📝 Piece 0: offset=3440640, size=16384 bytes
📝 Piece 0: offset=3457024, size=0 bytes
📝 Piece 0: offset=3457024, size=10530 bytes
📝 Piece 0: offset=3467554, size=5854 bytes
📝 Piece 0: offset=3473408, size=16384 bytes
📝 Piece 0: offset=3489792, size=0 bytes
📝 Piece 0: offset=3489792, size=10504 bytes
📝 Piece 0: offset=3500296, size=5880 bytes
📝 Piece 0: offset=3522560, size=16384 bytes
📝 Piece 0: offset=3538944, size=0 bytes
📝 Piece 0: offset=3538944, size=10478 bytes
📝 Piece 0: offset=3549422, size=5906 bytes
📝 Piece 0: offset=3506176, size=16384 bytes
📝 Piece 0: offset=3522560, size=0 bytes
📝 Piece 0: offset=3555328, size=10452 bytes
📝 Piece 0: offset=3565780, size=5932 bytes
📝 Piece 0: offset=3571712, size=16384 bytes
📝 Piece 0: offset=3588096, size=0 bytes
📝 Piece 0: offset=3588096, size=10426 bytes
📝 Piece 0: offset=3598522, size=5958 bytes
📝 Piece 0: offset=3604480, size=16384 bytes
📝 Piece 0: offset=3620864, size=0 bytes
📝 Piece 0: offset=3653632, size=10400 bytes
📝 Piece 0: offset=3664032, size=5984 bytes
📝 Piece 0: offset=3670016, size=16384 bytes
📝 Piece 0: offset=3686400, size=0 bytes
📝 Piece 0: offset=3620864, size=10374 bytes
📝 Piece 0: offset=3631238, size=6010 bytes
📝 Piece 0: offset=3686400, size=16384 bytes
📝 Piece 0: offset=3702784, size=0 bytes
📝 Piece 0: offset=3702784, size=10348 bytes
📝 Piece 0: offset=3713132, size=6036 bytes
📝 Piece 0: offset=3719168, size=16384 bytes
📝 Piece 0: offset=3735552, size=0 bytes
📝 Piece 0: offset=3735552, size=10322 bytes
📝 Piece 0: offset=3745874, size=6062 bytes
📝 Piece 0: offset=3768320, size=16384 bytes
📝 Piece 0: offset=3784704, size=0 bytes
📝 Piece 0: offset=3784704, size=10296 bytes
📝 Piece 0: offset=3795000, size=6088 bytes
📝 Piece 0: offset=3801088, size=16384 bytes
📝 Piece 0: offset=3817472, size=0 bytes
📝 Piece 0: offset=3637248, size=10270 bytes
📝 Piece 0: offset=3647518, size=6114 bytes
📝 Piece 0: offset=3751936, size=16384 bytes
📝 Piece 0: offset=3768320, size=0 bytes
📝 Piece 0: offset=3817472, size=10244 bytes
📝 Piece 0: offset=3827716, size=6140 bytes
📝 Piece 0: offset=3833856, size=16384 bytes
📝 Piece 0: offset=3850240, size=0 bytes
📝 Piece 0: offset=3850240, size=10218 bytes
📝 Piece 0: offset=3860458, size=6166 bytes
📝 Piece 0: offset=3866624, size=16384 bytes
📝 Piece 0: offset=3883008, size=0 bytes
📝 Piece 0: offset=3883008, size=10192 bytes
📝 Piece 0: offset=3893200, size=6192 bytes
📝 Piece 0: offset=3899392, size=16384 bytes
📝 Piece 0: offset=3915776, size=0 bytes
📝 Piece 0: offset=3915776, size=10166 bytes
📝 Piece 0: offset=3925942, size=6218 bytes
📝 Piece 0: offset=3932160, size=16384 bytes
📝 Piece 0: offset=3948544, size=0 bytes
📝 Piece 0: offset=3948544, size=10140 bytes
📝 Piece 0: offset=3958684, size=6244 bytes
📝 Piece 0: offset=3981312, size=16384 bytes
📝 Piece 0: offset=3997696, size=0 bytes
📝 Piece 0: offset=3997696, size=10114 bytes
📝 Piece 0: offset=4007810, size=6270 bytes
📝 Piece 0: offset=4014080, size=16384 bytes
📝 Piece 0: offset=4030464, size=0 bytes
📝 Piece 0: offset=3964928, size=10088 bytes
📝 Piece 0: offset=3975016, size=6296 bytes
📝 Piece 0: offset=4030464, size=16384 bytes
📝 Piece 0: offset=4046848, size=0 bytes
📝 Piece 0: offset=4046848, size=10062 bytes
📝 Piece 0: offset=4056910, size=6322 bytes
📝 Piece 0: offset=4063232, size=16384 bytes
📝 Piece 0: offset=4079616, size=0 bytes
📝 Piece 0: offset=4096000, size=10036 bytes
📝 Piece 0: offset=4106036, size=6348 bytes
📝 Piece 0: offset=4112384, size=16384 bytes
📝 Piece 0: offset=4128768, size=0 bytes
📝 Piece 0: offset=4079616, size=10010 bytes
📝 Piece 0: offset=4089626, size=6374 bytes
📝 Piece 0: offset=4128768, size=16384 bytes
📝 Piece 0: offset=4145152, size=0 bytes
📝 Piece 0: offset=4145152, size=9984 bytes
📝 Piece 0: offset=4155136, size=6400 bytes
📝 Piece 0: offset=4177920, size=16384 bytes
📝 Piece 1: offset=4194304, size=0 bytes
📝 Piece 0: offset=4161536, size=9958 bytes
📝 Piece 0: offset=4171494, size=6426 bytes
📊 live: 0.00% (0 / 85.0Gi) [down speed: 2.12 MiB/s, eta: 11h 23m, up speed: 0.00 MiB/s]
....📝 Piece 0: offset=0, size=16384 bytes
📝 Piece 0: offset=16384, size=0 bytes
📝 Piece 0: offset=16384, size=13444 bytes
📝 Piece 0: offset=29828, size=2940 bytes
📝 Piece 0: offset=32768, size=16384 bytes
📝 Piece 0: offset=49152, size=0 bytes
📝 Piece 0: offset=49152, size=13418 bytes
📝 Piece 0: offset=62570, size=2966 bytes
📝 Piece 0: offset=65536, size=16384 bytes
📝 Piece 0: offset=81920, size=0 bytes
📝 Piece 0: offset=81920, size=13392 bytes
📝 Piece 0: offset=95312, size=2992 bytes
📝 Piece 0: offset=98304, size=16384 bytes
📝 Piece 0: offset=114688, size=0 bytes
📝 Piece 0: offset=114688, size=13366 bytes
📝 Piece 0: offset=128054, size=3018 bytes
📝 Piece 0: offset=131072, size=16384 bytes
📝 Piece 0: offset=147456, size=0 bytes
📝 Piece 0: offset=147456, size=13340 bytes
📝 Piece 0: offset=160796, size=3044 bytes
📝 Piece 0: offset=163840, size=16384 bytes
📝 Piece 0: offset=180224, size=0 bytes
📝 Piece 0: offset=180224, size=13314 bytes
📝 Piece 0: offset=193538, size=3070 bytes
📝 Piece 0: offset=196608, size=16384 bytes
📝 Piece 0: offset=212992, size=0 bytes
📝 Piece 0: offset=212992, size=13288 bytes
📝 Piece 0: offset=226280, size=3096 bytes
📝 Piece 0: offset=229376, size=16384 bytes
📝 Piece 0: offset=245760, size=0 bytes
📝 Piece 0: offset=245760, size=13262 bytes
📝 Piece 0: offset=259022, size=3122 bytes
📝 Piece 0: offset=262144, size=16384 bytes
📝 Piece 0: offset=278528, size=0 bytes
📝 Piece 0: offset=278528, size=13236 bytes
📝 Piece 0: offset=291764, size=3148 bytes
📝 Piece 0: offset=294912, size=16384 bytes
📝 Piece 0: offset=311296, size=0 bytes
📝 Piece 0: offset=311296, size=13210 bytes
📝 Piece 0: offset=324506, size=3174 bytes
📝 Piece 0: offset=327680, size=16384 bytes
📝 Piece 0: offset=344064, size=0 bytes
📝 Piece 0: offset=344064, size=13184 bytes
📝 Piece 0: offset=357248, size=3200 bytes
📝 Piece 0: offset=360448, size=16384 bytes
📝 Piece 0: offset=376832, size=0 bytes
📝 Piece 0: offset=376832, size=13158 bytes
📝 Piece 0: offset=389990, size=3226 bytes
📝 Piece 0: offset=393216, size=16384 bytes
📝 Piece 0: offset=409600, size=0 bytes
📝 Piece 0: offset=409600, size=13132 bytes
📝 Piece 0: offset=422732, size=3252 bytes
📝 Piece 0: offset=425984, size=16384 bytes
📝 Piece 0: offset=442368, size=0 bytes
📝 Piece 0: offset=442368, size=13106 bytes
📝 Piece 0: offset=455474, size=3278 bytes
📝 Piece 0: offset=458752, size=16384 bytes
📝 Piece 0: offset=475136, size=0 bytes
📝 Piece 0: offset=475136, size=13080 bytes
📝 Piece 0: offset=488216, size=3304 bytes
📝 Piece 0: offset=491520, size=16384 bytes
📝 Piece 0: offset=507904, size=0 bytes
📝 Piece 0: offset=507904, size=13054 bytes
📝 Piece 0: offset=520958, size=3330 bytes
📝 Piece 0: offset=524288, size=16384 bytes
📝 Piece 0: offset=540672, size=0 bytes
📝 Piece 0: offset=540672, size=13028 bytes
📝 Piece 0: offset=553700, size=3356 bytes
📝 Piece 0: offset=557056, size=16384 bytes
📝 Piece 0: offset=573440, size=0 bytes
📝 Piece 0: offset=573440, size=13002 bytes
📝 Piece 0: offset=586442, size=3382 bytes
📝 Piece 0: offset=589824, size=16384 bytes
📝 Piece 0: offset=606208, size=0 bytes
📝 Piece 0: offset=606208, size=12976 bytes
📝 Piece 0: offset=619184, size=3408 bytes
📝 Piece 0: offset=622592, size=16384 bytes
📝 Piece 0: offset=638976, size=0 bytes
📝 Piece 0: offset=638976, size=12950 bytes
📝 Piece 0: offset=651926, size=3434 bytes
📝 Piece 0: offset=655360, size=16384 bytes
📝 Piece 0: offset=671744, size=0 bytes
📝 Piece 0: offset=671744, size=12924 bytes
📝 Piece 0: offset=684668, size=3460 bytes
📝 Piece 0: offset=688128, size=16384 bytes
📝 Piece 0: offset=704512, size=0 bytes
📝 Piece 0: offset=704512, size=12898 bytes
📝 Piece 0: offset=717410, size=3486 bytes
📝 Piece 0: offset=720896, size=16384 bytes
📝 Piece 0: offset=737280, size=0 bytes
📝 Piece 0: offset=737280, size=12872 bytes
📝 Piece 0: offset=750152, size=3512 bytes
📝 Piece 0: offset=753664, size=16384 bytes
📝 Piece 0: offset=770048, size=0 bytes
📝 Piece 0: offset=770048, size=12846 bytes
📝 Piece 0: offset=782894, size=3538 bytes
📝 Piece 0: offset=786432, size=16384 bytes
📝 Piece 0: offset=802816, size=0 bytes
📝 Piece 0: offset=802816, size=12820 bytes
📝 Piece 0: offset=815636, size=3564 bytes
📝 Piece 0: offset=819200, size=16384 bytes
📝 Piece 0: offset=835584, size=0 bytes
📝 Piece 0: offset=835584, size=12794 bytes
📝 Piece 0: offset=848378, size=3590 bytes
📝 Piece 0: offset=851968, size=16384 bytes
📝 Piece 0: offset=868352, size=0 bytes
📝 Piece 0: offset=868352, size=12768 bytes
📝 Piece 0: offset=881120, size=3616 bytes
📝 Piece 0: offset=884736, size=16384 bytes
📝 Piece 0: offset=901120, size=0 bytes
📝 Piece 0: offset=901120, size=12742 bytes
📝 Piece 0: offset=913862, size=3642 bytes
📝 Piece 0: offset=917504, size=16384 bytes
📝 Piece 0: offset=933888, size=0 bytes
📝 Piece 0: offset=933888, size=12716 bytes
📝 Piece 0: offset=946604, size=3668 bytes
📝 Piece 0: offset=950272, size=16384 bytes
📝 Piece 0: offset=966656, size=0 bytes
📝 Piece 0: offset=966656, size=12690 bytes
📝 Piece 0: offset=979346, size=3694 bytes
📝 Piece 0: offset=983040, size=16384 bytes
📝 Piece 0: offset=999424, size=0 bytes
📝 Piece 0: offset=999424, size=12664 bytes
📝 Piece 0: offset=1012088, size=3720 bytes
📝 Piece 0: offset=1015808, size=16384 bytes
📝 Piece 0: offset=1032192, size=0 bytes
📝 Piece 0: offset=1032192, size=12638 bytes
📝 Piece 0: offset=1044830, size=3746 bytes
📝 Piece 0: offset=1048576, size=16384 bytes
📝 Piece 0: offset=1064960, size=0 bytes
📝 Piece 0: offset=1064960, size=12612 bytes
📝 Piece 0: offset=1077572, size=3772 bytes
📝 Piece 0: offset=1081344, size=16384 bytes
📝 Piece 0: offset=1097728, size=0 bytes
📝 Piece 0: offset=1097728, size=12586 bytes
📝 Piece 0: offset=1110314, size=3798 bytes
📝 Piece 0: offset=1114112, size=16384 bytes
📝 Piece 0: offset=1130496, size=0 bytes
📝 Piece 0: offset=1130496, size=12560 bytes
📝 Piece 0: offset=1143056, size=3824 bytes
📝 Piece 0: offset=1146880, size=16384 bytes
📝 Piece 0: offset=1163264, size=0 bytes
📝 Piece 0: offset=1163264, size=12534 bytes
📝 Piece 0: offset=1175798, size=3850 bytes
📝 Piece 0: offset=1179648, size=16384 bytes
📝 Piece 0: offset=1196032, size=0 bytes
📝 Piece 0: offset=1196032, size=12508 bytes
📝 Piece 0: offset=1208540, size=3876 bytes
📝 Piece 0: offset=1212416, size=16384 bytes
📝 Piece 0: offset=1228800, size=0 bytes
📝 Piece 0: offset=1228800, size=12482 bytes
📝 Piece 0: offset=1241282, size=3902 bytes
📝 Piece 0: offset=1245184, size=16384 bytes
📝 Piece 0: offset=1261568, size=0 bytes
📝 Piece 0: offset=1261568, size=12456 bytes
📝 Piece 0: offset=1274024, size=3928 bytes
📝 Piece 0: offset=1277952, size=16384 bytes
📝 Piece 0: offset=1294336, size=0 bytes
📝 Piece 0: offset=1294336, size=12430 bytes
📝 Piece 0: offset=1306766, size=3954 bytes
📝 Piece 0: offset=1310720, size=16384 bytes
📝 Piece 0: offset=1327104, size=0 bytes
📝 Piece 0: offset=1327104, size=12404 bytes
📝 Piece 0: offset=1339508, size=3980 bytes
📝 Piece 0: offset=1343488, size=16384 bytes
📝 Piece 0: offset=1359872, size=0 bytes
📝 Piece 0: offset=1359872, size=12378 bytes
📝 Piece 0: offset=1372250, size=4006 bytes
📝 Piece 0: offset=1376256, size=16384 bytes
📝 Piece 0: offset=1392640, size=0 bytes
📝 Piece 0: offset=1392640, size=12352 bytes
📝 Piece 0: offset=1404992, size=4032 bytes
.📝 Piece 0: offset=1409024, size=16384 bytes
📝 Piece 0: offset=1425408, size=0 bytes
📝 Piece 0: offset=1425408, size=12326 bytes
📝 Piece 0: offset=1437734, size=4058 bytes
📝 Piece 0: offset=1441792, size=16384 bytes
📝 Piece 0: offset=1458176, size=0 bytes
📝 Piece 0: offset=1458176, size=12300 bytes
📝 Piece 0: offset=1470476, size=4084 bytes
📝 Piece 0: offset=1474560, size=16384 bytes
📝 Piece 0: offset=1490944, size=0 bytes
📝 Piece 0: offset=1490944, size=12274 bytes
📝 Piece 0: offset=1503218, size=4110 bytes
📝 Piece 0: offset=1507328, size=16384 bytes
📝 Piece 0: offset=1523712, size=0 bytes
📝 Piece 0: offset=1523712, size=12248 bytes
📝 Piece 0: offset=1535960, size=4136 bytes
📝 Piece 0: offset=1540096, size=16384 bytes
📝 Piece 0: offset=1556480, size=0 bytes
📝 Piece 0: offset=1556480, size=12222 bytes
📝 Piece 0: offset=1568702, size=4162 bytes
📝 Piece 0: offset=1572864, size=16384 bytes
📝 Piece 0: offset=1589248, size=0 bytes
📝 Piece 0: offset=1589248, size=12196 bytes
📝 Piece 0: offset=1601444, size=4188 bytes
📝 Piece 0: offset=1605632, size=16384 bytes
📝 Piece 0: offset=1622016, size=0 bytes
📝 Piece 0: offset=1622016, size=12170 bytes
📝 Piece 0: offset=1634186, size=4214 bytes
📝 Piece 0: offset=1638400, size=16384 bytes
📝 Piece 0: offset=1654784, size=0 bytes
📝 Piece 0: offset=1654784, size=12144 bytes
📝 Piece 0: offset=1666928, size=4240 bytes
📝 Piece 0: offset=1671168, size=16384 bytes
📝 Piece 0: offset=1687552, size=0 bytes
📝 Piece 0: offset=1687552, size=12118 bytes
📝 Piece 0: offset=1699670, size=4266 bytes
📝 Piece 0: offset=1703936, size=16384 bytes
📝 Piece 0: offset=1720320, size=0 bytes
📝 Piece 0: offset=1720320, size=12092 bytes
📝 Piece 0: offset=1732412, size=4292 bytes
📝 Piece 0: offset=1736704, size=16384 bytes
📝 Piece 0: offset=1753088, size=0 bytes
📝 Piece 0: offset=1753088, size=12066 bytes
📝 Piece 0: offset=1765154, size=4318 bytes
📝 Piece 0: offset=1769472, size=16384 bytes
📝 Piece 0: offset=1785856, size=0 bytes
📝 Piece 0: offset=1785856, size=12040 bytes
📝 Piece 0: offset=1797896, size=4344 bytes
📝 Piece 0: offset=1802240, size=16384 bytes
📝 Piece 0: offset=1818624, size=0 bytes
📝 Piece 0: offset=1818624, size=12014 bytes
📝 Piece 0: offset=1830638, size=4370 bytes
📝 Piece 0: offset=1835008, size=16384 bytes
📝 Piece 0: offset=1851392, size=0 bytes
📝 Piece 0: offset=1851392, size=11988 bytes
📝 Piece 0: offset=1863380, size=4396 bytes
📝 Piece 0: offset=1867776, size=16384 bytes
📝 Piece 0: offset=1884160, size=0 bytes
📝 Piece 0: offset=1884160, size=11962 bytes
📝 Piece 0: offset=1896122, size=4422 bytes
📝 Piece 0: offset=1900544, size=16384 bytes
📝 Piece 0: offset=1916928, size=0 bytes
📝 Piece 0: offset=1916928, size=11936 bytes
📝 Piece 0: offset=1928864, size=4448 bytes
📝 Piece 0: offset=1933312, size=16384 bytes
📝 Piece 0: offset=1949696, size=0 bytes
📝 Piece 0: offset=1949696, size=11910 bytes
📝 Piece 0: offset=1961606, size=4474 bytes
📝 Piece 0: offset=1966080, size=16384 bytes
📝 Piece 0: offset=1982464, size=0 bytes
📝 Piece 0: offset=1982464, size=11884 bytes
📝 Piece 0: offset=1994348, size=4500 bytes
📝 Piece 0: offset=1998848, size=16384 bytes
📝 Piece 0: offset=2015232, size=0 bytes
📝 Piece 0: offset=2015232, size=11858 bytes
📝 Piece 0: offset=2027090, size=4526 bytes
📝 Piece 0: offset=2031616, size=16384 bytes
📝 Piece 0: offset=2048000, size=0 bytes
📝 Piece 0: offset=2048000, size=11832 bytes
📝 Piece 0: offset=2059832, size=4552 bytes
📝 Piece 0: offset=2064384, size=16384 bytes
📝 Piece 0: offset=2080768, size=0 bytes
📝 Piece 0: offset=2080768, size=11806 bytes
📝 Piece 0: offset=2092574, size=4578 bytes
📝 Piece 0: offset=2097152, size=16384 bytes
📝 Piece 0: offset=2113536, size=0 bytes
📝 Piece 0: offset=2113536, size=11780 bytes
📝 Piece 0: offset=2125316, size=4604 bytes
📝 Piece 0: offset=2129920, size=16384 bytes
📝 Piece 0: offset=2146304, size=0 bytes
📝 Piece 0: offset=2146304, size=11754 bytes
📝 Piece 0: offset=2158058, size=4630 bytes
📝 Piece 0: offset=2162688, size=16384 bytes
📝 Piece 0: offset=2179072, size=0 bytes
📝 Piece 0: offset=2179072, size=11728 bytes
📝 Piece 0: offset=2190800, size=4656 bytes
📝 Piece 0: offset=2195456, size=16384 bytes
📝 Piece 0: offset=2211840, size=0 bytes
📝 Piece 0: offset=2211840, size=11702 bytes
📝 Piece 0: offset=2223542, size=4682 bytes
📝 Piece 0: offset=2228224, size=16384 bytes
📝 Piece 0: offset=2244608, size=0 bytes
📝 Piece 0: offset=2244608, size=11676 bytes
📝 Piece 0: offset=2256284, size=4708 bytes
📝 Piece 0: offset=2260992, size=16384 bytes
📝 Piece 0: offset=2277376, size=0 bytes
📝 Piece 0: offset=2277376, size=11650 bytes
📝 Piece 0: offset=2289026, size=4734 bytes
📝 Piece 0: offset=2293760, size=16384 bytes
📝 Piece 0: offset=2310144, size=0 bytes
📝 Piece 0: offset=2310144, size=11624 bytes
📝 Piece 0: offset=2321768, size=4760 bytes
📝 Piece 0: offset=2326528, size=16384 bytes
📝 Piece 0: offset=2342912, size=0 bytes
📝 Piece 0: offset=2342912, size=11598 bytes
📝 Piece 0: offset=2354510, size=4786 bytes
📝 Piece 0: offset=2359296, size=16384 bytes
📝 Piece 0: offset=2375680, size=0 bytes
📝 Piece 0: offset=2375680, size=11572 bytes
📝 Piece 0: offset=2387252, size=4812 bytes
📝 Piece 0: offset=2392064, size=16384 bytes
📝 Piece 0: offset=2408448, size=0 bytes
📝 Piece 0: offset=2408448, size=11546 bytes
📝 Piece 0: offset=2419994, size=4838 bytes
📝 Piece 0: offset=2424832, size=16384 bytes
📝 Piece 0: offset=2441216, size=0 bytes
📝 Piece 0: offset=2441216, size=11520 bytes
📝 Piece 0: offset=2452736, size=4864 bytes
📝 Piece 0: offset=2457600, size=16384 bytes
📝 Piece 0: offset=2473984, size=0 bytes
📝 Piece 0: offset=2473984, size=11494 bytes
📝 Piece 0: offset=2485478, size=4890 bytes
📝 Piece 0: offset=2490368, size=16384 bytes
📝 Piece 0: offset=2506752, size=0 bytes
📝 Piece 0: offset=2506752, size=11468 bytes
📝 Piece 0: offset=2518220, size=4916 bytes
📝 Piece 0: offset=2523136, size=16384 bytes
📝 Piece 0: offset=2539520, size=0 bytes
📝 Piece 0: offset=2539520, size=11442 bytes
📝 Piece 0: offset=2550962, size=4942 bytes
📝 Piece 0: offset=2555904, size=16384 bytes
📝 Piece 0: offset=2572288, size=0 bytes
📝 Piece 0: offset=2572288, size=11416 bytes
📝 Piece 0: offset=2583704, size=4968 bytes
📝 Piece 0: offset=2588672, size=16384 bytes
📝 Piece 0: offset=2605056, size=0 bytes
📝 Piece 0: offset=2605056, size=11390 bytes
📝 Piece 0: offset=2616446, size=4994 bytes
📝 Piece 0: offset=2621440, size=16384 bytes
📝 Piece 0: offset=2637824, size=0 bytes
📝 Piece 0: offset=2637824, size=11364 bytes
📝 Piece 0: offset=2649188, size=5020 bytes
📝 Piece 0: offset=2654208, size=16384 bytes
📝 Piece 0: offset=2670592, size=0 bytes
📝 Piece 0: offset=2670592, size=11338 bytes
📝 Piece 0: offset=2681930, size=5046 bytes
📝 Piece 0: offset=2686976, size=16384 bytes
📝 Piece 0: offset=2703360, size=0 bytes
📝 Piece 0: offset=2703360, size=11312 bytes
📝 Piece 0: offset=2714672, size=5072 bytes
📝 Piece 0: offset=2719744, size=16384 bytes
📝 Piece 0: offset=2736128, size=0 bytes
📝 Piece 0: offset=2736128, size=11286 bytes
📝 Piece 0: offset=2747414, size=5098 bytes
📝 Piece 0: offset=2752512, size=16384 bytes
📝 Piece 0: offset=2768896, size=0 bytes
📝 Piece 0: offset=2768896, size=11260 bytes
📝 Piece 0: offset=2780156, size=5124 bytes
📝 Piece 0: offset=2785280, size=16384 bytes
📝 Piece 0: offset=2801664, size=0 bytes
📝 Piece 0: offset=2801664, size=11234 bytes
📝 Piece 0: offset=2812898, size=5150 bytes
📝 Piece 0: offset=2818048, size=16384 bytes
📝 Piece 0: offset=2834432, size=0 bytes
📝 Piece 0: offset=2834432, size=11208 bytes
📝 Piece 0: offset=2845640, size=5176 bytes
📝 Piece 0: offset=2850816, size=16384 bytes
📝 Piece 0: offset=2867200, size=0 bytes
📝 Piece 0: offset=2867200, size=11182 bytes
📝 Piece 0: offset=2878382, size=5202 bytes
📝 Piece 0: offset=2883584, size=16384 bytes
📝 Piece 0: offset=2899968, size=0 bytes
📝 Piece 0: offset=2899968, size=11156 bytes
📝 Piece 0: offset=2911124, size=5228 bytes
📝 Piece 0: offset=2916352, size=16384 bytes
📝 Piece 0: offset=2932736, size=0 bytes
📝 Piece 0: offset=2932736, size=11130 bytes
📝 Piece 0: offset=2943866, size=5254 bytes
📝 Piece 0: offset=2949120, size=16384 bytes
📝 Piece 0: offset=2965504, size=0 bytes
📝 Piece 0: offset=2965504, size=11104 bytes
📝 Piece 0: offset=2976608, size=5280 bytes
📝 Piece 0: offset=2981888, size=16384 bytes
📝 Piece 0: offset=2998272, size=0 bytes
📝 Piece 0: offset=2998272, size=11078 bytes
📝 Piece 0: offset=3009350, size=5306 bytes
📝 Piece 0: offset=3014656, size=16384 bytes
📝 Piece 0: offset=3031040, size=0 bytes
📝 Piece 0: offset=3031040, size=11052 bytes
📝 Piece 0: offset=3042092, size=5332 bytes
📝 Piece 0: offset=3047424, size=16384 bytes
📝 Piece 0: offset=3063808, size=0 bytes
📝 Piece 0: offset=3063808, size=11026 bytes
📝 Piece 0: offset=3074834, size=5358 bytes
📝 Piece 0: offset=3080192, size=16384 bytes
📝 Piece 0: offset=3096576, size=0 bytes
📝 Piece 0: offset=3096576, size=11000 bytes
📝 Piece 0: offset=3107576, size=5384 bytes
📝 Piece 0: offset=3112960, size=16384 bytes
📝 Piece 0: offset=3129344, size=0 bytes
📝 Piece 0: offset=3129344, size=10974 bytes
📝 Piece 0: offset=3140318, size=5410 bytes
📝 Piece 0: offset=3145728, size=16384 bytes
📝 Piece 0: offset=3162112, size=0 bytes
📝 Piece 0: offset=3162112, size=10948 bytes
📝 Piece 0: offset=3173060, size=5436 bytes
📝 Piece 0: offset=3178496, size=16384 bytes
📝 Piece 0: offset=3194880, size=0 bytes
📝 Piece 0: offset=3194880, size=10922 bytes
📝 Piece 0: offset=3205802, size=5462 bytes
📝 Piece 0: offset=3211264, size=16384 bytes
📝 Piece 0: offset=3227648, size=0 bytes
📝 Piece 0: offset=3227648, size=10896 bytes
📝 Piece 0: offset=3238544, size=5488 bytes
📝 Piece 0: offset=3244032, size=16384 bytes
📝 Piece 0: offset=3260416, size=0 bytes
📝 Piece 0: offset=3260416, size=10870 bytes
📝 Piece 0: offset=3271286, size=5514 bytes
📝 Piece 0: offset=3276800, size=16384 bytes
📝 Piece 0: offset=3293184, size=0 bytes
📝 Piece 0: offset=3293184, size=10844 bytes
📝 Piece 0: offset=3304028, size=5540 bytes
📝 Piece 0: offset=3309568, size=16384 bytes
📝 Piece 0: offset=3325952, size=0 bytes
📝 Piece 0: offset=3325952, size=10818 bytes
📝 Piece 0: offset=3336770, size=5566 bytes
📝 Piece 0: offset=3342336, size=16384 bytes
📝 Piece 0: offset=3358720, size=0 bytes
📝 Piece 0: offset=3358720, size=10792 bytes
📝 Piece 0: offset=3369512, size=5592 bytes
📝 Piece 0: offset=3375104, size=16384 bytes
📝 Piece 0: offset=3391488, size=0 bytes
📝 Piece 0: offset=3391488, size=10766 bytes
📝 Piece 0: offset=3402254, size=5618 bytes
📝 Piece 0: offset=3407872, size=16384 bytes
📝 Piece 0: offset=3424256, size=0 bytes
📝 Piece 0: offset=3424256, size=10740 bytes
📝 Piece 0: offset=3434996, size=5644 bytes
📝 Piece 0: offset=3440640, size=16384 bytes
📝 Piece 0: offset=3457024, size=0 bytes
📝 Piece 0: offset=3457024, size=10714 bytes
📝 Piece 0: offset=3467738, size=5670 bytes
📝 Piece 0: offset=3473408, size=16384 bytes
📝 Piece 0: offset=3489792, size=0 bytes
📝 Piece 0: offset=3489792, size=10688 bytes
📝 Piece 0: offset=3500480, size=5696 bytes
📝 Piece 0: offset=3506176, size=16384 bytes
📝 Piece 0: offset=3522560, size=0 bytes
📝 Piece 0: offset=3522560, size=10662 bytes
📝 Piece 0: offset=3533222, size=5722 bytes
📝 Piece 0: offset=3538944, size=16384 bytes
📝 Piece 0: offset=3555328, size=0 bytes
📝 Piece 0: offset=3555328, size=10636 bytes
📝 Piece 0: offset=3565964, size=5748 bytes
📝 Piece 0: offset=3571712, size=16384 bytes
📝 Piece 0: offset=3588096, size=0 bytes
📝 Piece 0: offset=3588096, size=10610 bytes
📝 Piece 0: offset=3598706, size=5774 bytes
📝 Piece 0: offset=3604480, size=16384 bytes
📝 Piece 0: offset=3620864, size=0 bytes
📝 Piece 0: offset=3620864, size=10584 bytes
📝 Piece 0: offset=3631448, size=5800 bytes
📝 Piece 0: offset=3637248, size=16384 bytes
📝 Piece 0: offset=3653632, size=0 bytes
📝 Piece 0: offset=3653632, size=10558 bytes
📝 Piece 0: offset=3664190, size=5826 bytes
📝 Piece 0: offset=3670016, size=16384 bytes
📝 Piece 0: offset=3686400, size=0 bytes
📝 Piece 0: offset=3686400, size=10532 bytes
📝 Piece 0: offset=3696932, size=5852 bytes
📝 Piece 0: offset=3702784, size=16384 bytes
📝 Piece 0: offset=3719168, size=0 bytes
📝 Piece 0: offset=3719168, size=10506 bytes
📝 Piece 0: offset=3729674, size=5878 bytes
📝 Piece 0: offset=3735552, size=16384 bytes
📝 Piece 0: offset=3751936, size=0 bytes
📝 Piece 0: offset=3751936, size=10480 bytes
📝 Piece 0: offset=3762416, size=5904 bytes
📝 Piece 0: offset=3768320, size=16384 bytes
📝 Piece 0: offset=3784704, size=0 bytes
📝 Piece 0: offset=3784704, size=10454 bytes
📝 Piece 0: offset=3795158, size=5930 bytes
📝 Piece 0: offset=3801088, size=16384 bytes
📝 Piece 0: offset=3817472, size=0 bytes
📝 Piece 0: offset=3817472, size=10428 bytes
📝 Piece 0: offset=3827900, size=5956 bytes
📝 Piece 0: offset=3833856, size=16384 bytes
📝 Piece 0: offset=3850240, size=0 bytes
📝 Piece 0: offset=3850240, size=10402 bytes
📝 Piece 0: offset=3860642, size=5982 bytes
📝 Piece 0: offset=3866624, size=16384 bytes
📝 Piece 0: offset=3883008, size=0 bytes
📝 Piece 0: offset=3883008, size=10376 bytes
📝 Piece 0: offset=3893384, size=6008 bytes
📝 Piece 0: offset=3899392, size=16384 bytes
📝 Piece 0: offset=3915776, size=0 bytes
📝 Piece 0: offset=3915776, size=10350 bytes
📝 Piece 0: offset=3926126, size=6034 bytes
📝 Piece 0: offset=3932160, size=16384 bytes
📝 Piece 0: offset=3948544, size=0 bytes
📝 Piece 0: offset=3948544, size=10324 bytes
📝 Piece 0: offset=3958868, size=6060 bytes
📝 Piece 0: offset=3964928, size=16384 bytes
📝 Piece 0: offset=3981312, size=0 bytes
📝 Piece 0: offset=3981312, size=10298 bytes
📝 Piece 0: offset=3991610, size=6086 bytes
📝 Piece 0: offset=3997696, size=16384 bytes
📝 Piece 0: offset=4014080, size=0 bytes
📝 Piece 0: offset=4014080, size=10272 bytes
📝 Piece 0: offset=4024352, size=6112 bytes
📝 Piece 0: offset=4030464, size=16384 bytes
📝 Piece 0: offset=4046848, size=0 bytes
📝 Piece 0: offset=4046848, size=10246 bytes
📝 Piece 0: offset=4057094, size=6138 bytes
📝 Piece 0: offset=4063232, size=16384 bytes
📝 Piece 0: offset=4079616, size=0 bytes
📝 Piece 0: offset=4079616, size=10220 bytes
📝 Piece 0: offset=4089836, size=6164 bytes
📝 Piece 0: offset=4096000, size=16384 bytes
📝 Piece 0: offset=4112384, size=0 bytes
📝 Piece 0: offset=4112384, size=10194 bytes
📝 Piece 0: offset=4122578, size=6190 bytes
📝 Piece 0: offset=4128768, size=16384 bytes
📝 Piece 0: offset=4145152, size=0 bytes
📝 Piece 0: offset=4145152, size=10168 bytes
📝 Piece 0: offset=4155320, size=6216 bytes
📝 Piece 0: offset=4161536, size=16384 bytes
📝 Piece 0: offset=4177920, size=0 bytes
📝 Piece 0: offset=4177920, size=10142 bytes
📝 Piece 0: offset=4188062, size=6242 bytes
📊 live: 0.00% (0 / 85.0Gi) [down speed: 0.00 MiB/s, up speed: 0.00 MiB/s]
..📝 Piece 0: offset=0, size=16384 bytes
📝 Piece 0: offset=16384, size=0 bytes
📝 Piece 0: offset=16384, size=13357 bytes
📝 Piece 0: offset=29741, size=3027 bytes
📝 Piece 0: offset=32768, size=16384 bytes
📝 Piece 0: offset=49152, size=0 bytes
📝 Piece 0: offset=49152, size=13331 bytes
📝 Piece 0: offset=62483, size=3053 bytes
📝 Piece 0: offset=65536, size=16384 bytes
📝 Piece 0: offset=81920, size=0 bytes
📝 Piece 0: offset=81920, size=13305 bytes
📝 Piece 0: offset=95225, size=3079 bytes
📝 Piece 0: offset=98304, size=16384 bytes
📝 Piece 0: offset=114688, size=0 bytes
📝 Piece 0: offset=114688, size=13279 bytes
📝 Piece 0: offset=127967, size=3105 bytes
📝 Piece 0: offset=131072, size=16384 bytes
📝 Piece 0: offset=147456, size=0 bytes
📝 Piece 0: offset=147456, size=13253 bytes
📝 Piece 0: offset=160709, size=3131 bytes
📝 Piece 0: offset=163840, size=16384 bytes
📝 Piece 0: offset=180224, size=0 bytes
📝 Piece 0: offset=180224, size=13227 bytes
📝 Piece 0: offset=193451, size=3157 bytes
📝 Piece 0: offset=196608, size=16384 bytes
📝 Piece 0: offset=212992, size=0 bytes
📝 Piece 0: offset=212992, size=13201 bytes
📝 Piece 0: offset=226193, size=3183 bytes
📝 Piece 0: offset=229376, size=16384 bytes
📝 Piece 0: offset=245760, size=0 bytes
📝 Piece 0: offset=245760, size=13175 bytes
📝 Piece 0: offset=258935, size=3209 bytes
📝 Piece 0: offset=262144, size=16384 bytes
📝 Piece 0: offset=278528, size=0 bytes
📝 Piece 0: offset=278528, size=13149 bytes
📝 Piece 0: offset=291677, size=3235 bytes
📝 Piece 0: offset=294912, size=16384 bytes
📝 Piece 0: offset=311296, size=0 bytes
📝 Piece 0: offset=311296, size=13123 bytes
📝 Piece 0: offset=324419, size=3261 bytes
📝 Piece 0: offset=327680, size=16384 bytes
📝 Piece 0: offset=344064, size=0 bytes
📝 Piece 0: offset=344064, size=13097 bytes
📝 Piece 0: offset=357161, size=3287 bytes
📝 Piece 0: offset=360448, size=16384 bytes
📝 Piece 0: offset=376832, size=0 bytes
📝 Piece 0: offset=376832, size=13071 bytes
📝 Piece 0: offset=389903, size=3313 bytes
📝 Piece 0: offset=393216, size=16384 bytes
📝 Piece 0: offset=409600, size=0 bytes
📝 Piece 0: offset=409600, size=13045 bytes
📝 Piece 0: offset=422645, size=3339 bytes
📝 Piece 0: offset=425984, size=16384 bytes
📝 Piece 0: offset=442368, size=0 bytes
📝 Piece 0: offset=442368, size=13019 bytes
📝 Piece 0: offset=455387, size=3365 bytes
📝 Piece 0: offset=458752, size=16384 bytes
📝 Piece 0: offset=475136, size=0 bytes
📝 Piece 0: offset=475136, size=12993 bytes
📝 Piece 0: offset=488129, size=3391 bytes
📝 Piece 0: offset=491520, size=16384 bytes
📝 Piece 0: offset=507904, size=0 bytes
📝 Piece 0: offset=507904, size=12967 bytes
📝 Piece 0: offset=520871, size=3417 bytes
📝 Piece 0: offset=524288, size=16384 bytes
📝 Piece 0: offset=540672, size=0 bytes
📝 Piece 0: offset=540672, size=12941 bytes
📝 Piece 0: offset=553613, size=3443 bytes
📝 Piece 0: offset=557056, size=16384 bytes
📝 Piece 0: offset=573440, size=0 bytes
📝 Piece 0: offset=573440, size=12915 bytes
📝 Piece 0: offset=586355, size=3469 bytes
📝 Piece 0: offset=589824, size=16384 bytes
📝 Piece 0: offset=606208, size=0 bytes
📝 Piece 0: offset=606208, size=12889 bytes
📝 Piece 0: offset=619097, size=3495 bytes
📝 Piece 0: offset=622592, size=16384 bytes
📝 Piece 0: offset=638976, size=0 bytes
📝 Piece 0: offset=638976, size=12863 bytes
📝 Piece 0: offset=651839, size=3521 bytes
📝 Piece 0: offset=655360, size=16384 bytes
📝 Piece 0: offset=671744, size=0 bytes
📝 Piece 0: offset=671744, size=12837 bytes
📝 Piece 0: offset=684581, size=3547 bytes
📝 Piece 0: offset=688128, size=16384 bytes
📝 Piece 0: offset=704512, size=0 bytes
📝 Piece 0: offset=704512, size=12811 bytes
📝 Piece 0: offset=717323, size=3573 bytes
📝 Piece 0: offset=720896, size=16384 bytes
📝 Piece 0: offset=737280, size=0 bytes
📝 Piece 0: offset=737280, size=12785 bytes
📝 Piece 0: offset=750065, size=3599 bytes
📝 Piece 0: offset=753664, size=16384 bytes
📝 Piece 0: offset=770048, size=0 bytes
📝 Piece 0: offset=770048, size=12759 bytes
📝 Piece 0: offset=782807, size=3625 bytes
📝 Piece 0: offset=786432, size=16384 bytes
📝 Piece 0: offset=802816, size=0 bytes
📝 Piece 0: offset=802816, size=12733 bytes
📝 Piece 0: offset=815549, size=3651 bytes
📝 Piece 0: offset=819200, size=16384 bytes
📝 Piece 0: offset=835584, size=0 bytes
📝 Piece 0: offset=835584, size=12707 bytes
📝 Piece 0: offset=848291, size=3677 bytes
📝 Piece 0: offset=851968, size=16384 bytes
📝 Piece 0: offset=868352, size=0 bytes
📝 Piece 0: offset=868352, size=12681 bytes
📝 Piece 0: offset=881033, size=3703 bytes
📝 Piece 0: offset=884736, size=16384 bytes
📝 Piece 0: offset=901120, size=0 bytes
📝 Piece 0: offset=901120, size=12655 bytes
📝 Piece 0: offset=913775, size=3729 bytes
📝 Piece 0: offset=917504, size=16384 bytes
📝 Piece 0: offset=933888, size=0 bytes
📝 Piece 0: offset=933888, size=12629 bytes
📝 Piece 0: offset=946517, size=3755 bytes
📝 Piece 0: offset=950272, size=16384 bytes
📝 Piece 0: offset=966656, size=0 bytes
📝 Piece 0: offset=966656, size=12603 bytes
📝 Piece 0: offset=979259, size=3781 bytes
📝 Piece 0: offset=983040, size=16384 bytes
📝 Piece 0: offset=999424, size=0 bytes
📝 Piece 0: offset=999424, size=12577 bytes
📝 Piece 0: offset=1012001, size=3807 bytes
📝 Piece 0: offset=1015808, size=16384 bytes
📝 Piece 0: offset=1032192, size=0 bytes
📝 Piece 0: offset=1032192, size=12551 bytes
📝 Piece 0: offset=1044743, size=3833 bytes
📝 Piece 0: offset=1048576, size=16384 bytes
📝 Piece 0: offset=1064960, size=0 bytes
📝 Piece 0: offset=1064960, size=12525 bytes
📝 Piece 0: offset=1077485, size=3859 bytes
📝 Piece 0: offset=1081344, size=16384 bytes
📝 Piece 0: offset=1097728, size=0 bytes
📝 Piece 0: offset=1097728, size=12499 bytes
📝 Piece 0: offset=1110227, size=3885 bytes
📝 Piece 0: offset=1114112, size=16384 bytes
📝 Piece 0: offset=1130496, size=0 bytes
📝 Piece 0: offset=1130496, size=12473 bytes
📝 Piece 0: offset=1142969, size=3911 bytes
📝 Piece 0: offset=1146880, size=16384 bytes
📝 Piece 0: offset=1163264, size=0 bytes
📝 Piece 0: offset=1163264, size=12447 bytes
📝 Piece 0: offset=1175711, size=3937 bytes
📝 Piece 0: offset=1179648, size=16384 bytes
📝 Piece 0: offset=1196032, size=0 bytes
📝 Piece 0: offset=1196032, size=12421 bytes
📝 Piece 0: offset=1208453, size=3963 bytes
📝 Piece 0: offset=1212416, size=16384 bytes
📝 Piece 0: offset=1228800, size=0 bytes
📝 Piece 0: offset=1228800, size=12395 bytes
📝 Piece 0: offset=1241195, size=3989 bytes
📝 Piece 0: offset=1245184, size=16384 bytes
📝 Piece 0: offset=1261568, size=0 bytes
📝 Piece 0: offset=1261568, size=12369 bytes
📝 Piece 0: offset=1273937, size=4015 bytes
📝 Piece 0: offset=1277952, size=16384 bytes
📝 Piece 0: offset=1294336, size=0 bytes
📝 Piece 0: offset=1294336, size=12343 bytes
📝 Piece 0: offset=1306679, size=4041 bytes
📝 Piece 0: offset=1310720, size=16384 bytes
📝 Piece 0: offset=1327104, size=0 bytes
📝 Piece 0: offset=1327104, size=12317 bytes
📝 Piece 0: offset=1339421, size=4067 bytes
📝 Piece 0: offset=1343488, size=16384 bytes
📝 Piece 0: offset=1359872, size=0 bytes
📝 Piece 0: offset=1359872, size=12291 bytes
📝 Piece 0: offset=1372163, size=4093 bytes
📝 Piece 0: offset=1376256, size=16384 bytes
📝 Piece 0: offset=1392640, size=0 bytes
📝 Piece 0: offset=1392640, size=12265 bytes
📝 Piece 0: offset=1404905, size=4119 bytes
📝 Piece 0: offset=1409024, size=16384 bytes
📝 Piece 0: offset=1425408, size=0 bytes
📝 Piece 0: offset=1425408, size=12239 bytes
📝 Piece 0: offset=1437647, size=4145 bytes
📝 Piece 0: offset=1441792, size=16384 bytes
📝 Piece 0: offset=1458176, size=0 bytes
📝 Piece 0: offset=1458176, size=12213 bytes
📝 Piece 0: offset=1470389, size=4171 bytes
📝 Piece 0: offset=1474560, size=16384 bytes
📝 Piece 0: offset=1490944, size=0 bytes
📝 Piece 0: offset=1490944, size=12187 bytes
📝 Piece 0: offset=1503131, size=4197 bytes
📝 Piece 0: offset=1507328, size=16384 bytes
📝 Piece 0: offset=1523712, size=0 bytes
📝 Piece 0: offset=1523712, size=12161 bytes
📝 Piece 0: offset=1535873, size=4223 bytes
📝 Piece 0: offset=1540096, size=16384 bytes
📝 Piece 0: offset=1556480, size=0 bytes
📝 Piece 0: offset=1556480, size=12135 bytes
📝 Piece 0: offset=1568615, size=4249 bytes
📝 Piece 0: offset=1572864, size=16384 bytes
📝 Piece 0: offset=1589248, size=0 bytes
📝 Piece 0: offset=1589248, size=12109 bytes
📝 Piece 0: offset=1601357, size=4275 bytes
📝 Piece 0: offset=1605632, size=16384 bytes
📝 Piece 0: offset=1622016, size=0 bytes
📝 Piece 0: offset=1622016, size=12083 bytes
📝 Piece 0: offset=1634099, size=4301 bytes
📝 Piece 0: offset=1638400, size=16384 bytes
📝 Piece 0: offset=1654784, size=0 bytes
📝 Piece 0: offset=1654784, size=12057 bytes
📝 Piece 0: offset=1666841, size=4327 bytes
📝 Piece 0: offset=1671168, size=16384 bytes
📝 Piece 0: offset=1687552, size=0 bytes
📝 Piece 0: offset=1687552, size=12031 bytes
📝 Piece 0: offset=1699583, size=4353 bytes
📝 Piece 0: offset=1703936, size=16384 bytes
📝 Piece 0: offset=1720320, size=0 bytes
📝 Piece 0: offset=1720320, size=12005 bytes
📝 Piece 0: offset=1732325, size=4379 bytes
📝 Piece 0: offset=1736704, size=16384 bytes
📝 Piece 0: offset=1753088, size=0 bytes
📝 Piece 0: offset=1753088, size=11979 bytes
📝 Piece 0: offset=1765067, size=4405 bytes
📝 Piece 0: offset=1769472, size=16384 bytes
📝 Piece 0: offset=1785856, size=0 bytes
📝 Piece 0: offset=1785856, size=11953 bytes
📝 Piece 0: offset=1797809, size=4431 bytes
📝 Piece 0: offset=1802240, size=16384 bytes
📝 Piece 0: offset=1818624, size=0 bytes
📝 Piece 0: offset=1818624, size=11927 bytes
📝 Piece 0: offset=1830551, size=4457 bytes
📝 Piece 0: offset=1835008, size=16384 bytes
📝 Piece 0: offset=1851392, size=0 bytes
📝 Piece 0: offset=1851392, size=11901 bytes
📝 Piece 0: offset=1863293, size=4483 bytes
📝 Piece 0: offset=1867776, size=16384 bytes
📝 Piece 0: offset=1884160, size=0 bytes
📝 Piece 0: offset=1884160, size=11875 bytes
📝 Piece 0: offset=1896035, size=4509 bytes
📝 Piece 0: offset=1900544, size=16384 bytes
📝 Piece 0: offset=1916928, size=0 bytes
📝 Piece 0: offset=1916928, size=11849 bytes
📝 Piece 0: offset=1928777, size=4535 bytes
📝 Piece 0: offset=1933312, size=16384 bytes
📝 Piece 0: offset=1949696, size=0 bytes
📝 Piece 0: offset=1949696, size=11823 bytes
📝 Piece 0: offset=1961519, size=4561 bytes
📝 Piece 0: offset=1966080, size=16384 bytes
📝 Piece 0: offset=1982464, size=0 bytes
📝 Piece 0: offset=1982464, size=11797 bytes
📝 Piece 0: offset=1994261, size=4587 bytes
📝 Piece 0: offset=1998848, size=16384 bytes
📝 Piece 0: offset=2015232, size=0 bytes
📝 Piece 0: offset=2015232, size=11771 bytes
📝 Piece 0: offset=2027003, size=4613 bytes
📝 Piece 0: offset=2031616, size=16384 bytes
📝 Piece 0: offset=2048000, size=0 bytes
📝 Piece 0: offset=2048000, size=11745 bytes
📝 Piece 0: offset=2059745, size=4639 bytes
📝 Piece 0: offset=2064384, size=16384 bytes
📝 Piece 0: offset=2080768, size=0 bytes
📝 Piece 0: offset=2080768, size=11719 bytes
📝 Piece 0: offset=2092487, size=4665 bytes
📝 Piece 0: offset=2097152, size=16384 bytes
📝 Piece 0: offset=2113536, size=0 bytes
📝 Piece 0: offset=2113536, size=11693 bytes
📝 Piece 0: offset=2125229, size=4691 bytes
📝 Piece 0: offset=2129920, size=16384 bytes
📝 Piece 0: offset=2146304, size=0 bytes
📝 Piece 0: offset=2146304, size=11667 bytes
📝 Piece 0: offset=2157971, size=4717 bytes
📝 Piece 0: offset=2162688, size=16384 bytes
📝 Piece 0: offset=2179072, size=0 bytes
📝 Piece 0: offset=2179072, size=11641 bytes
📝 Piece 0: offset=2190713, size=4743 bytes
📝 Piece 0: offset=2195456, size=16384 bytes
📝 Piece 0: offset=2211840, size=0 bytes
📝 Piece 0: offset=2211840, size=11615 bytes
📝 Piece 0: offset=2223455, size=4769 bytes
📝 Piece 0: offset=2228224, size=16384 bytes
📝 Piece 0: offset=2244608, size=0 bytes
📝 Piece 0: offset=2244608, size=11589 bytes
📝 Piece 0: offset=2256197, size=4795 bytes
📝 Piece 0: offset=2260992, size=16384 bytes
📝 Piece 0: offset=2277376, size=0 bytes
📝 Piece 0: offset=2277376, size=11563 bytes
📝 Piece 0: offset=2288939, size=4821 bytes
📝 Piece 0: offset=2293760, size=16384 bytes
📝 Piece 0: offset=2310144, size=0 bytes
📝 Piece 0: offset=2310144, size=11537 bytes
📝 Piece 0: offset=2321681, size=4847 bytes
📝 Piece 0: offset=2326528, size=16384 bytes
📝 Piece 0: offset=2342912, size=0 bytes
📝 Piece 0: offset=2342912, size=11511 bytes
📝 Piece 0: offset=2354423, size=4873 bytes
📝 Piece 0: offset=2359296, size=16384 bytes
📝 Piece 0: offset=2375680, size=0 bytes
📝 Piece 0: offset=2375680, size=11485 bytes
📝 Piece 0: offset=2387165, size=4899 bytes
📝 Piece 0: offset=2392064, size=16384 bytes
📝 Piece 0: offset=2408448, size=0 bytes
📝 Piece 0: offset=2408448, size=11459 bytes
📝 Piece 0: offset=2419907, size=4925 bytes
📝 Piece 0: offset=2424832, size=16384 bytes
📝 Piece 0: offset=2441216, size=0 bytes
📝 Piece 0: offset=2441216, size=11433 bytes
📝 Piece 0: offset=2452649, size=4951 bytes
📝 Piece 0: offset=2457600, size=16384 bytes
📝 Piece 0: offset=2473984, size=0 bytes
📝 Piece 0: offset=2473984, size=11407 bytes
📝 Piece 0: offset=2485391, size=4977 bytes
📝 Piece 0: offset=2490368, size=16384 bytes
📝 Piece 0: offset=2506752, size=0 bytes
📝 Piece 0: offset=2506752, size=11381 bytes
📝 Piece 0: offset=2518133, size=5003 bytes
📝 Piece 0: offset=2523136, size=16384 bytes
📝 Piece 0: offset=2539520, size=0 bytes
📝 Piece 0: offset=2539520, size=11355 bytes
📝 Piece 0: offset=2550875, size=5029 bytes
📝 Piece 0: offset=2555904, size=16384 bytes
📝 Piece 0: offset=2572288, size=0 bytes
📝 Piece 0: offset=2572288, size=11329 bytes
📝 Piece 0: offset=2583617, size=5055 bytes
📝 Piece 0: offset=2588672, size=16384 bytes
📝 Piece 0: offset=2605056, size=0 bytes
📝 Piece 0: offset=2605056, size=11303 bytes
📝 Piece 0: offset=2616359, size=5081 bytes
📝 Piece 0: offset=2621440, size=16384 bytes
📝 Piece 0: offset=2637824, size=0 bytes
📝 Piece 0: offset=2637824, size=11277 bytes
📝 Piece 0: offset=2649101, size=5107 bytes
📝 Piece 0: offset=2654208, size=16384 bytes
📝 Piece 0: offset=2670592, size=0 bytes
📝 Piece 0: offset=2670592, size=11251 bytes
📝 Piece 0: offset=2681843, size=5133 bytes
📝 Piece 0: offset=2686976, size=16384 bytes
📝 Piece 0: offset=2703360, size=0 bytes
📝 Piece 0: offset=2703360, size=11225 bytes
📝 Piece 0: offset=2714585, size=5159 bytes
📝 Piece 0: offset=2719744, size=16384 bytes
📝 Piece 0: offset=2736128, size=0 bytes
📝 Piece 0: offset=2736128, size=11199 bytes
📝 Piece 0: offset=2747327, size=5185 bytes
📝 Piece 0: offset=2752512, size=16384 bytes
📝 Piece 0: offset=2768896, size=0 bytes
📝 Piece 0: offset=2768896, size=11173 bytes
📝 Piece 0: offset=2780069, size=5211 bytes
📝 Piece 0: offset=2785280, size=16384 bytes
📝 Piece 0: offset=2801664, size=0 bytes
📝 Piece 0: offset=2801664, size=11147 bytes
📝 Piece 0: offset=2812811, size=5237 bytes
📝 Piece 0: offset=2818048, size=16384 bytes
📝 Piece 0: offset=2834432, size=0 bytes
📝 Piece 0: offset=2834432, size=11121 bytes
📝 Piece 0: offset=2845553, size=5263 bytes
📝 Piece 0: offset=2850816, size=16384 bytes
📝 Piece 0: offset=2867200, size=0 bytes
📝 Piece 0: offset=2867200, size=11095 bytes
📝 Piece 0: offset=2878295, size=5289 bytes
📝 Piece 0: offset=2883584, size=16384 bytes
📝 Piece 0: offset=2899968, size=0 bytes
📝 Piece 0: offset=2899968, size=11069 bytes
📝 Piece 0: offset=2911037, size=5315 bytes
📝 Piece 0: offset=2916352, size=16384 bytes
📝 Piece 0: offset=2932736, size=0 bytes
📝 Piece 0: offset=2932736, size=11043 bytes
📝 Piece 0: offset=2943779, size=5341 bytes
📝 Piece 0: offset=2949120, size=16384 bytes
📝 Piece 0: offset=2965504, size=0 bytes
📝 Piece 0: offset=2965504, size=11017 bytes
📝 Piece 0: offset=2976521, size=5367 bytes
📝 Piece 0: offset=2981888, size=16384 bytes
📝 Piece 0: offset=2998272, size=0 bytes
📝 Piece 0: offset=2998272, size=10991 bytes
📝 Piece 0: offset=3009263, size=5393 bytes
📝 Piece 0: offset=3014656, size=16384 bytes
📝 Piece 0: offset=3031040, size=0 bytes
📝 Piece 0: offset=3031040, size=10965 bytes
📝 Piece 0: offset=3042005, size=5419 bytes
📝 Piece 0: offset=3047424, size=16384 bytes
📝 Piece 0: offset=3063808, size=0 bytes
📝 Piece 0: offset=3063808, size=10939 bytes
📝 Piece 0: offset=3074747, size=5445 bytes
📝 Piece 0: offset=3080192, size=16384 bytes
📝 Piece 0: offset=3096576, size=0 bytes
📝 Piece 0: offset=3096576, size=10913 bytes
📝 Piece 0: offset=3107489, size=5471 bytes
📝 Piece 0: offset=3112960, size=16384 bytes
📝 Piece 0: offset=3129344, size=0 bytes
📝 Piece 0: offset=3129344, size=10887 bytes
📝 Piece 0: offset=3140231, size=5497 bytes
📝 Piece 0: offset=3145728, size=16384 bytes
📝 Piece 0: offset=3162112, size=0 bytes
📝 Piece 0: offset=3162112, size=10861 bytes
📝 Piece 0: offset=3172973, size=5523 bytes
📝 Piece 0: offset=3178496, size=16384 bytes
📝 Piece 0: offset=3194880, size=0 bytes
📝 Piece 0: offset=3194880, size=10835 bytes
📝 Piece 0: offset=3205715, size=5549 bytes
📝 Piece 0: offset=3211264, size=16384 bytes
📝 Piece 0: offset=3227648, size=0 bytes
📝 Piece 0: offset=3227648, size=10809 bytes
📝 Piece 0: offset=3238457, size=5575 bytes
📝 Piece 0: offset=3244032, size=16384 bytes
📝 Piece 0: offset=3260416, size=0 bytes
📝 Piece 0: offset=3260416, size=10783 bytes
📝 Piece 0: offset=3271199, size=5601 bytes
📝 Piece 0: offset=3276800, size=16384 bytes
📝 Piece 0: offset=3293184, size=0 bytes
📝 Piece 0: offset=3293184, size=10757 bytes
📝 Piece 0: offset=3303941, size=5627 bytes
📝 Piece 0: offset=3309568, size=16384 bytes
📝 Piece 0: offset=3325952, size=0 bytes
📝 Piece 0: offset=3325952, size=10731 bytes
📝 Piece 0: offset=3336683, size=5653 bytes
📝 Piece 0: offset=3342336, size=16384 bytes
📝 Piece 0: offset=3358720, size=0 bytes
📝 Piece 0: offset=3358720, size=10705 bytes
📝 Piece 0: offset=3369425, size=5679 bytes
📝 Piece 0: offset=3375104, size=16384 bytes
📝 Piece 0: offset=3391488, size=0 bytes
📝 Piece 0: offset=3391488, size=10679 bytes
📝 Piece 0: offset=3402167, size=5705 bytes
📝 Piece 0: offset=3407872, size=16384 bytes
📝 Piece 0: offset=3424256, size=0 bytes
📝 Piece 0: offset=3424256, size=10653 bytes
📝 Piece 0: offset=3434909, size=5731 bytes
📝 Piece 0: offset=3440640, size=16384 bytes
📝 Piece 0: offset=3457024, size=0 bytes
📝 Piece 0: offset=3457024, size=10627 bytes
📝 Piece 0: offset=3467651, size=5757 bytes
📝 Piece 0: offset=3473408, size=16384 bytes
📝 Piece 0: offset=3489792, size=0 bytes
📝 Piece 0: offset=3489792, size=10601 bytes
📝 Piece 0: offset=3500393, size=5783 bytes
📝 Piece 0: offset=3506176, size=16384 bytes
📝 Piece 0: offset=3522560, size=0 bytes
📝 Piece 0: offset=3522560, size=10575 bytes
📝 Piece 0: offset=3533135, size=5809 bytes
📝 Piece 0: offset=3538944, size=16384 bytes
📝 Piece 0: offset=3555328, size=0 bytes
📝 Piece 0: offset=3555328, size=10549 bytes
📝 Piece 0: offset=3565877, size=5835 bytes
📝 Piece 0: offset=3571712, size=16384 bytes
📝 Piece 0: offset=3588096, size=0 bytes
📝 Piece 0: offset=3588096, size=10523 bytes
📝 Piece 0: offset=3598619, size=5861 bytes
📝 Piece 0: offset=3604480, size=16384 bytes
📝 Piece 0: offset=3620864, size=0 bytes
📝 Piece 0: offset=3620864, size=10497 bytes
📝 Piece 0: offset=3631361, size=5887 bytes
📝 Piece 0: offset=3637248, size=16384 bytes
📝 Piece 0: offset=3653632, size=0 bytes
📝 Piece 0: offset=3653632, size=10471 bytes
📝 Piece 0: offset=3664103, size=5913 bytes
📝 Piece 0: offset=3670016, size=16384 bytes
📝 Piece 0: offset=3686400, size=0 bytes
📝 Piece 0: offset=3686400, size=10445 bytes
📝 Piece 0: offset=3696845, size=5939 bytes
📝 Piece 0: offset=3702784, size=16384 bytes
📝 Piece 0: offset=3719168, size=0 bytes
📝 Piece 0: offset=3719168, size=10419 bytes
📝 Piece 0: offset=3729587, size=5965 bytes
📝 Piece 0: offset=3735552, size=16384 bytes
📝 Piece 0: offset=3751936, size=0 bytes
📝 Piece 0: offset=3751936, size=10393 bytes
📝 Piece 0: offset=3762329, size=5991 bytes
📝 Piece 0: offset=3768320, size=16384 bytes
📝 Piece 0: offset=3784704, size=0 bytes
📝 Piece 0: offset=3784704, size=10367 bytes
📝 Piece 0: offset=3795071, size=6017 bytes
📝 Piece 0: offset=3801088, size=16384 bytes
📝 Piece 0: offset=3817472, size=0 bytes
📝 Piece 0: offset=3817472, size=10341 bytes
📝 Piece 0: offset=3827813, size=6043 bytes
📝 Piece 0: offset=3833856, size=16384 bytes
📝 Piece 0: offset=3850240, size=0 bytes
📝 Piece 0: offset=3850240, size=10315 bytes
📝 Piece 0: offset=3860555, size=6069 bytes
📝 Piece 0: offset=3866624, size=16384 bytes
📝 Piece 0: offset=3883008, size=0 bytes
📝 Piece 0: offset=3883008, size=10289 bytes
📝 Piece 0: offset=3893297, size=6095 bytes
📝 Piece 0: offset=3899392, size=16384 bytes
📝 Piece 0: offset=3915776, size=0 bytes
📝 Piece 0: offset=3915776, size=10263 bytes
📝 Piece 0: offset=3926039, size=6121 bytes
📝 Piece 0: offset=3932160, size=16384 bytes
📝 Piece 0: offset=3948544, size=0 bytes
📝 Piece 0: offset=3948544, size=10237 bytes
📝 Piece 0: offset=3958781, size=6147 bytes
📝 Piece 0: offset=3964928, size=16384 bytes
📝 Piece 0: offset=3981312, size=0 bytes
📝 Piece 0: offset=3981312, size=10211 bytes
📝 Piece 0: offset=3991523, size=6173 bytes
📝 Piece 0: offset=3997696, size=16384 bytes
📝 Piece 0: offset=4014080, size=0 bytes
📝 Piece 0: offset=4014080, size=10185 bytes
📝 Piece 0: offset=4024265, size=6199 bytes
📝 Piece 0: offset=4030464, size=16384 bytes
📝 Piece 0: offset=4046848, size=0 bytes
📝 Piece 0: offset=4046848, size=10159 bytes
📝 Piece 0: offset=4057007, size=6225 bytes
📝 Piece 0: offset=4063232, size=16384 bytes
📝 Piece 0: offset=4079616, size=0 bytes
📝 Piece 0: offset=4079616, size=10133 bytes
📝 Piece 0: offset=4089749, size=6251 bytes
📝 Piece 0: offset=4096000, size=16384 bytes
📝 Piece 0: offset=4112384, size=0 bytes
📝 Piece 0: offset=4112384, size=10107 bytes
📝 Piece 0: offset=4122491, size=6277 bytes
📝 Piece 0: offset=4128768, size=16384 bytes
📝 Piece 0: offset=4145152, size=0 bytes
📝 Piece 0: offset=4145152, size=10081 bytes
📝 Piece 0: offset=4155233, size=6303 bytes
📝 Piece 0: offset=4161536, size=16384 bytes
📝 Piece 0: offset=4177920, size=0 bytes
📝 Piece 0: offset=4177920, size=10055 bytes
📝 Piece 0: offset=4187975, size=6329 bytes
...📊 live: 0.00% (0 / 85.0Gi) [down speed: 0.00 MiB/s, up speed: 0.00 MiB/s]
...📝 Piece 0: offset=0, size=16384 bytes
📝 Piece 0: offset=16384, size=0 bytes
📝 Piece 0: offset=16384, size=13339 bytes
📝 Piece 0: offset=29723, size=3045 bytes
📝 Piece 0: offset=32768, size=16384 bytes
📝 Piece 0: offset=49152, size=0 bytes
📝 Piece 0: offset=49152, size=13313 bytes
📝 Piece 0: offset=62465, size=3071 bytes
📝 Piece 0: offset=65536, size=16384 bytes
📝 Piece 0: offset=81920, size=0 bytes
📝 Piece 0: offset=81920, size=13287 bytes
📝 Piece 0: offset=95207, size=3097 bytes
📝 Piece 0: offset=98304, size=16384 bytes
📝 Piece 0: offset=114688, size=0 bytes
📝 Piece 0: offset=114688, size=13261 bytes
📝 Piece 0: offset=127949, size=3123 bytes
📝 Piece 0: offset=131072, size=16384 bytes
📝 Piece 0: offset=147456, size=0 bytes
📝 Piece 0: offset=147456, size=13235 bytes
📝 Piece 0: offset=160691, size=3149 bytes
📝 Piece 0: offset=163840, size=16384 bytes
📝 Piece 0: offset=180224, size=0 bytes
📝 Piece 0: offset=180224, size=13209 bytes
📝 Piece 0: offset=193433, size=3175 bytes
📝 Piece 0: offset=196608, size=16384 bytes
📝 Piece 0: offset=212992, size=0 bytes
📝 Piece 0: offset=212992, size=13183 bytes
📝 Piece 0: offset=226175, size=3201 bytes
📝 Piece 0: offset=229376, size=16384 bytes
📝 Piece 0: offset=245760, size=0 bytes
📝 Piece 0: offset=245760, size=13157 bytes
📝 Piece 0: offset=258917, size=3227 bytes
📝 Piece 0: offset=262144, size=16384 bytes
📝 Piece 0: offset=278528, size=0 bytes
📝 Piece 0: offset=278528, size=13131 bytes
📝 Piece 0: offset=291659, size=3253 bytes
📝 Piece 0: offset=294912, size=16384 bytes
📝 Piece 0: offset=311296, size=0 bytes
📝 Piece 0: offset=311296, size=13105 bytes
📝 Piece 0: offset=324401, size=3279 bytes
📝 Piece 0: offset=327680, size=16384 bytes
📝 Piece 0: offset=344064, size=0 bytes
📝 Piece 0: offset=344064, size=13079 bytes
📝 Piece 0: offset=357143, size=3305 bytes
📝 Piece 0: offset=360448, size=16384 bytes
📝 Piece 0: offset=376832, size=0 bytes
📝 Piece 0: offset=376832, size=13053 bytes
📝 Piece 0: offset=389885, size=3331 bytes
📝 Piece 0: offset=393216, size=16384 bytes
📝 Piece 0: offset=409600, size=0 bytes
📝 Piece 0: offset=409600, size=13027 bytes
📝 Piece 0: offset=422627, size=3357 bytes
📝 Piece 0: offset=425984, size=16384 bytes
📝 Piece 0: offset=442368, size=0 bytes
📝 Piece 0: offset=442368, size=13001 bytes
📝 Piece 0: offset=455369, size=3383 bytes
📝 Piece 0: offset=458752, size=16384 bytes
📝 Piece 0: offset=475136, size=0 bytes
📝 Piece 0: offset=475136, size=12975 bytes
📝 Piece 0: offset=488111, size=3409 bytes
📝 Piece 0: offset=491520, size=16384 bytes
📝 Piece 0: offset=507904, size=0 bytes
📝 Piece 0: offset=507904, size=12949 bytes
📝 Piece 0: offset=520853, size=3435 bytes
📝 Piece 0: offset=524288, size=16384 bytes
📝 Piece 0: offset=540672, size=0 bytes
📝 Piece 0: offset=540672, size=12923 bytes
📝 Piece 0: offset=553595, size=3461 bytes
📝 Piece 0: offset=557056, size=16384 bytes
📝 Piece 0: offset=573440, size=0 bytes
📝 Piece 0: offset=573440, size=12897 bytes
📝 Piece 0: offset=586337, size=3487 bytes
📝 Piece 0: offset=589824, size=16384 bytes
📝 Piece 0: offset=606208, size=0 bytes
📝 Piece 0: offset=606208, size=12871 bytes
📝 Piece 0: offset=619079, size=3513 bytes
📝 Piece 0: offset=622592, size=16384 bytes
📝 Piece 0: offset=638976, size=0 bytes
📝 Piece 0: offset=638976, size=12845 bytes
📝 Piece 0: offset=651821, size=3539 bytes
📝 Piece 0: offset=655360, size=16384 bytes
📝 Piece 0: offset=671744, size=0 bytes
📝 Piece 0: offset=671744, size=12819 bytes
📝 Piece 0: offset=684563, size=3565 bytes
📝 Piece 0: offset=688128, size=16384 bytes
📝 Piece 0: offset=704512, size=0 bytes
📝 Piece 0: offset=704512, size=12793 bytes
📝 Piece 0: offset=717305, size=3591 bytes
📝 Piece 0: offset=720896, size=16384 bytes
📝 Piece 0: offset=737280, size=0 bytes
📝 Piece 0: offset=737280, size=12767 bytes
📝 Piece 0: offset=750047, size=3617 bytes
📝 Piece 0: offset=753664, size=16384 bytes
📝 Piece 0: offset=770048, size=0 bytes
📝 Piece 0: offset=770048, size=12741 bytes
📝 Piece 0: offset=782789, size=3643 bytes
📝 Piece 0: offset=786432, size=16384 bytes
📝 Piece 0: offset=802816, size=0 bytes
📝 Piece 0: offset=802816, size=12715 bytes
📝 Piece 0: offset=815531, size=3669 bytes
📝 Piece 0: offset=819200, size=16384 bytes
📝 Piece 0: offset=835584, size=0 bytes
📝 Piece 0: offset=835584, size=12689 bytes
📝 Piece 0: offset=848273, size=3695 bytes
📝 Piece 0: offset=851968, size=16384 bytes
📝 Piece 0: offset=868352, size=0 bytes
📝 Piece 0: offset=868352, size=12663 bytes
📝 Piece 0: offset=881015, size=3721 bytes
.📝 Piece 0: offset=884736, size=16384 bytes
📝 Piece 0: offset=901120, size=0 bytes
📝 Piece 0: offset=901120, size=12637 bytes
📝 Piece 0: offset=913757, size=3747 bytes
📝 Piece 0: offset=917504, size=16384 bytes
📝 Piece 0: offset=933888, size=0 bytes
📝 Piece 0: offset=933888, size=12611 bytes
📝 Piece 0: offset=946499, size=3773 bytes
📝 Piece 0: offset=950272, size=16384 bytes
📝 Piece 0: offset=966656, size=0 bytes
📝 Piece 0: offset=966656, size=12585 bytes
📝 Piece 0: offset=979241, size=3799 bytes
📝 Piece 0: offset=983040, size=16384 bytes
📝 Piece 0: offset=999424, size=0 bytes
📝 Piece 0: offset=999424, size=12559 bytes
📝 Piece 0: offset=1011983, size=3825 bytes
📝 Piece 0: offset=1015808, size=16384 bytes
📝 Piece 0: offset=1032192, size=0 bytes
📝 Piece 0: offset=1032192, size=12533 bytes
📝 Piece 0: offset=1044725, size=3851 bytes
📝 Piece 0: offset=1048576, size=16384 bytes
📝 Piece 0: offset=1064960, size=0 bytes
📝 Piece 0: offset=1064960, size=12507 bytes
📝 Piece 0: offset=1077467, size=3877 bytes
📝 Piece 0: offset=1081344, size=16384 bytes
📝 Piece 0: offset=1097728, size=0 bytes
📝 Piece 0: offset=1097728, size=12481 bytes
📝 Piece 0: offset=1110209, size=3903 bytes
📝 Piece 0: offset=1114112, size=16384 bytes
📝 Piece 0: offset=1130496, size=0 bytes
📝 Piece 0: offset=1130496, size=12455 bytes
📝 Piece 0: offset=1142951, size=3929 bytes
📝 Piece 0: offset=1146880, size=16384 bytes
📝 Piece 0: offset=1163264, size=0 bytes
📝 Piece 0: offset=1163264, size=12429 bytes
📝 Piece 0: offset=1175693, size=3955 bytes
📝 Piece 0: offset=1179648, size=16384 bytes
📝 Piece 0: offset=1196032, size=0 bytes
📝 Piece 0: offset=1196032, size=12403 bytes
📝 Piece 0: offset=1208435, size=3981 bytes
📝 Piece 0: offset=1212416, size=16384 bytes
📝 Piece 0: offset=1228800, size=0 bytes
📝 Piece 0: offset=1228800, size=12377 bytes
📝 Piece 0: offset=1241177, size=4007 bytes
📝 Piece 0: offset=1245184, size=16384 bytes
📝 Piece 0: offset=1261568, size=0 bytes
📝 Piece 0: offset=1261568, size=12351 bytes
📝 Piece 0: offset=1273919, size=4033 bytes
📝 Piece 0: offset=1277952, size=16384 bytes
📝 Piece 0: offset=1294336, size=0 bytes
📝 Piece 0: offset=1294336, size=12325 bytes
📝 Piece 0: offset=1306661, size=4059 bytes
📝 Piece 0: offset=1310720, size=16384 bytes
📝 Piece 0: offset=1327104, size=0 bytes
📝 Piece 0: offset=1327104, size=12299 bytes
📝 Piece 0: offset=1339403, size=4085 bytes
📝 Piece 0: offset=1343488, size=16384 bytes
📝 Piece 0: offset=1359872, size=0 bytes
📝 Piece 0: offset=1359872, size=12273 bytes
📝 Piece 0: offset=1372145, size=4111 bytes
📝 Piece 0: offset=1376256, size=16384 bytes
📝 Piece 0: offset=1392640, size=0 bytes
📝 Piece 0: offset=1392640, size=12247 bytes
📝 Piece 0: offset=1404887, size=4137 bytes
📝 Piece 0: offset=1409024, size=16384 bytes
📝 Piece 0: offset=1425408, size=0 bytes
📝 Piece 0: offset=1425408, size=12221 bytes
📝 Piece 0: offset=1437629, size=4163 bytes
📝 Piece 0: offset=1441792, size=16384 bytes
📝 Piece 0: offset=1458176, size=0 bytes
📝 Piece 0: offset=1458176, size=12195 bytes
📝 Piece 0: offset=1470371, size=4189 bytes
📝 Piece 0: offset=1474560, size=16384 bytes
📝 Piece 0: offset=1490944, size=0 bytes
📝 Piece 0: offset=1490944, size=12169 bytes
📝 Piece 0: offset=1503113, size=4215 bytes
📝 Piece 0: offset=1507328, size=16384 bytes
📝 Piece 0: offset=1523712, size=0 bytes
📝 Piece 0: offset=1523712, size=12143 bytes
📝 Piece 0: offset=1535855, size=4241 bytes
📝 Piece 0: offset=1540096, size=16384 bytes
📝 Piece 0: offset=1556480, size=0 bytes
📝 Piece 0: offset=1556480, size=12117 bytes
📝 Piece 0: offset=1568597, size=4267 bytes
📝 Piece 0: offset=1572864, size=16384 bytes
📝 Piece 0: offset=1589248, size=0 bytes
📝 Piece 0: offset=1589248, size=12091 bytes
📝 Piece 0: offset=1601339, size=4293 bytes
📝 Piece 0: offset=1605632, size=16384 bytes
📝 Piece 0: offset=1622016, size=0 bytes
📝 Piece 0: offset=1622016, size=12065 bytes
📝 Piece 0: offset=1634081, size=4319 bytes
📝 Piece 0: offset=1638400, size=16384 bytes
📝 Piece 0: offset=1654784, size=0 bytes
📝 Piece 0: offset=1654784, size=12039 bytes
📝 Piece 0: offset=1666823, size=4345 bytes
📝 Piece 0: offset=1671168, size=16384 bytes
📝 Piece 0: offset=1687552, size=0 bytes
📝 Piece 0: offset=1687552, size=12013 bytes
📝 Piece 0: offset=1699565, size=4371 bytes
📝 Piece 0: offset=1703936, size=16384 bytes
📝 Piece 0: offset=1720320, size=0 bytes
📝 Piece 0: offset=1720320, size=11987 bytes
📝 Piece 0: offset=1732307, size=4397 bytes
📝 Piece 0: offset=1736704, size=16384 bytes
📝 Piece 0: offset=1753088, size=0 bytes
📝 Piece 0: offset=1753088, size=11961 bytes
📝 Piece 0: offset=1765049, size=4423 bytes
📝 Piece 0: offset=1769472, size=16384 bytes
📝 Piece 0: offset=1785856, size=0 bytes
📝 Piece 0: offset=1785856, size=11935 bytes
📝 Piece 0: offset=1797791, size=4449 bytes
📝 Piece 0: offset=1802240, size=16384 bytes
📝 Piece 0: offset=1818624, size=0 bytes
📝 Piece 0: offset=1818624, size=11909 bytes
📝 Piece 0: offset=1830533, size=4475 bytes
📝 Piece 0: offset=1835008, size=16384 bytes
📝 Piece 0: offset=1851392, size=0 bytes
📝 Piece 0: offset=1851392, size=11883 bytes
📝 Piece 0: offset=1863275, size=4501 bytes
📝 Piece 0: offset=1867776, size=16384 bytes
📝 Piece 0: offset=1884160, size=0 bytes
📝 Piece 0: offset=1884160, size=11857 bytes
📝 Piece 0: offset=1896017, size=4527 bytes
📝 Piece 0: offset=1900544, size=16384 bytes
📝 Piece 0: offset=1916928, size=0 bytes
📝 Piece 0: offset=1916928, size=11831 bytes
📝 Piece 0: offset=1928759, size=4553 bytes
📝 Piece 0: offset=1933312, size=16384 bytes
📝 Piece 0: offset=1949696, size=0 bytes
📝 Piece 0: offset=1949696, size=11805 bytes
📝 Piece 0: offset=1961501, size=4579 bytes
📝 Piece 0: offset=1966080, size=16384 bytes
📝 Piece 0: offset=1982464, size=0 bytes
📝 Piece 0: offset=1982464, size=11779 bytes
📝 Piece 0: offset=1994243, size=4605 bytes
📝 Piece 0: offset=1998848, size=16384 bytes
📝 Piece 0: offset=2015232, size=0 bytes
📝 Piece 0: offset=2015232, size=11753 bytes
📝 Piece 0: offset=2026985, size=4631 bytes
📝 Piece 0: offset=2031616, size=16384 bytes
📝 Piece 0: offset=2048000, size=0 bytes
📝 Piece 0: offset=2048000, size=11727 bytes
📝 Piece 0: offset=2059727, size=4657 bytes
📝 Piece 0: offset=2064384, size=16384 bytes
📝 Piece 0: offset=2080768, size=0 bytes
📝 Piece 0: offset=2080768, size=11701 bytes
📝 Piece 0: offset=2092469, size=4683 bytes
📝 Piece 0: offset=2097152, size=16384 bytes
📝 Piece 0: offset=2113536, size=0 bytes
📝 Piece 0: offset=2113536, size=11675 bytes
📝 Piece 0: offset=2125211, size=4709 bytes
📝 Piece 0: offset=2129920, size=16384 bytes
📝 Piece 0: offset=2146304, size=0 bytes
📝 Piece 0: offset=2146304, size=11649 bytes
📝 Piece 0: offset=2157953, size=4735 bytes
📝 Piece 0: offset=2162688, size=16384 bytes
📝 Piece 0: offset=2179072, size=0 bytes
📝 Piece 0: offset=2179072, size=11623 bytes
📝 Piece 0: offset=2190695, size=4761 bytes
📝 Piece 0: offset=2195456, size=16384 bytes
📝 Piece 0: offset=2211840, size=0 bytes
📝 Piece 0: offset=2211840, size=11597 bytes
📝 Piece 0: offset=2223437, size=4787 bytes
📝 Piece 0: offset=2228224, size=16384 bytes
📝 Piece 0: offset=2244608, size=0 bytes
📝 Piece 0: offset=2244608, size=11571 bytes
📝 Piece 0: offset=2256179, size=4813 bytes
📝 Piece 0: offset=2260992, size=16384 bytes
📝 Piece 0: offset=2277376, size=0 bytes
📝 Piece 0: offset=2277376, size=11545 bytes
📝 Piece 0: offset=2288921, size=4839 bytes
📝 Piece 0: offset=2293760, size=16384 bytes
📝 Piece 0: offset=2310144, size=0 bytes
📝 Piece 0: offset=2310144, size=11519 bytes
📝 Piece 0: offset=2321663, size=4865 bytes
📝 Piece 0: offset=2326528, size=16384 bytes
📝 Piece 0: offset=2342912, size=0 bytes
📝 Piece 0: offset=2342912, size=11493 bytes
📝 Piece 0: offset=2354405, size=4891 bytes
📝 Piece 0: offset=2359296, size=16384 bytes
📝 Piece 0: offset=2375680, size=0 bytes
📝 Piece 0: offset=2375680, size=11467 bytes
📝 Piece 0: offset=2387147, size=4917 bytes
📝 Piece 0: offset=2392064, size=16384 bytes
📝 Piece 0: offset=2408448, size=0 bytes
📝 Piece 0: offset=2408448, size=11441 bytes
📝 Piece 0: offset=2419889, size=4943 bytes
📝 Piece 0: offset=2424832, size=16384 bytes
📝 Piece 0: offset=2441216, size=0 bytes
📝 Piece 0: offset=2441216, size=11415 bytes
📝 Piece 0: offset=2452631, size=4969 bytes
📝 Piece 0: offset=2457600, size=16384 bytes
📝 Piece 0: offset=2473984, size=0 bytes
📝 Piece 0: offset=2473984, size=11389 bytes
📝 Piece 0: offset=2485373, size=4995 bytes
📝 Piece 0: offset=2490368, size=16384 bytes
📝 Piece 0: offset=2506752, size=0 bytes
📝 Piece 0: offset=2506752, size=11363 bytes
📝 Piece 0: offset=2518115, size=5021 bytes
📝 Piece 0: offset=2523136, size=16384 bytes
📝 Piece 0: offset=2539520, size=0 bytes
📝 Piece 0: offset=2539520, size=11337 bytes
📝 Piece 0: offset=2550857, size=5047 bytes
📝 Piece 0: offset=2555904, size=16384 bytes
📝 Piece 0: offset=2572288, size=0 bytes
📝 Piece 0: offset=2572288, size=11311 bytes
📝 Piece 0: offset=2583599, size=5073 bytes
📝 Piece 0: offset=2588672, size=16384 bytes
📝 Piece 0: offset=2605056, size=0 bytes
📝 Piece 0: offset=2605056, size=11285 bytes
📝 Piece 0: offset=2616341, size=5099 bytes
📝 Piece 0: offset=2621440, size=16384 bytes
📝 Piece 0: offset=2637824, size=0 bytes
📝 Piece 0: offset=2637824, size=11259 bytes
📝 Piece 0: offset=2649083, size=5125 bytes
📝 Piece 0: offset=2654208, size=16384 bytes
📝 Piece 0: offset=2670592, size=0 bytes
📝 Piece 0: offset=2670592, size=11233 bytes
📝 Piece 0: offset=2681825, size=5151 bytes
📝 Piece 0: offset=2686976, size=16384 bytes
📝 Piece 0: offset=2703360, size=0 bytes
📝 Piece 0: offset=2703360, size=11207 bytes
📝 Piece 0: offset=2714567, size=5177 bytes
📝 Piece 0: offset=2719744, size=16384 bytes
📝 Piece 0: offset=2736128, size=0 bytes
📝 Piece 0: offset=2736128, size=11181 bytes
📝 Piece 0: offset=2747309, size=5203 bytes
📝 Piece 0: offset=2752512, size=16384 bytes
📝 Piece 0: offset=2768896, size=0 bytes
📝 Piece 0: offset=2768896, size=11155 bytes
📝 Piece 0: offset=2780051, size=5229 bytes
📝 Piece 0: offset=2785280, size=16384 bytes
📝 Piece 0: offset=2801664, size=0 bytes
📝 Piece 0: offset=2801664, size=11129 bytes
📝 Piece 0: offset=2812793, size=5255 bytes
📝 Piece 0: offset=2818048, size=16384 bytes
📝 Piece 0: offset=2834432, size=0 bytes
📝 Piece 0: offset=2834432, size=11103 bytes
📝 Piece 0: offset=2845535, size=5281 bytes
📝 Piece 0: offset=2850816, size=16384 bytes
📝 Piece 0: offset=2867200, size=0 bytes
📝 Piece 0: offset=2867200, size=11077 bytes
📝 Piece 0: offset=2878277, size=5307 bytes
📝 Piece 0: offset=2883584, size=16384 bytes
📝 Piece 0: offset=2899968, size=0 bytes
📝 Piece 0: offset=2899968, size=11051 bytes
📝 Piece 0: offset=2911019, size=5333 bytes
📝 Piece 0: offset=2916352, size=16384 bytes
📝 Piece 0: offset=2932736, size=0 bytes
📝 Piece 0: offset=2932736, size=11025 bytes
📝 Piece 0: offset=2943761, size=5359 bytes
📝 Piece 0: offset=2949120, size=16384 bytes
📝 Piece 0: offset=2965504, size=0 bytes
📝 Piece 0: offset=2965504, size=10999 bytes
📝 Piece 0: offset=2976503, size=5385 bytes
📝 Piece 0: offset=2981888, size=16384 bytes
📝 Piece 0: offset=2998272, size=0 bytes
📝 Piece 0: offset=2998272, size=10973 bytes
📝 Piece 0: offset=3009245, size=5411 bytes
📝 Piece 0: offset=3014656, size=16384 bytes
📝 Piece 0: offset=3031040, size=0 bytes
📝 Piece 0: offset=3031040, size=10947 bytes
📝 Piece 0: offset=3041987, size=5437 bytes
📝 Piece 0: offset=3047424, size=16384 bytes
📝 Piece 0: offset=3063808, size=0 bytes
📝 Piece 0: offset=3063808, size=10921 bytes
📝 Piece 0: offset=3074729, size=5463 bytes
📝 Piece 0: offset=3080192, size=16384 bytes
📝 Piece 0: offset=3096576, size=0 bytes
📝 Piece 0: offset=3096576, size=10895 bytes
📝 Piece 0: offset=3107471, size=5489 bytes
📝 Piece 0: offset=3112960, size=16384 bytes
📝 Piece 0: offset=3129344, size=0 bytes
📝 Piece 0: offset=3129344, size=10869 bytes
📝 Piece 0: offset=3140213, size=5515 bytes
📝 Piece 0: offset=3145728, size=16384 bytes
📝 Piece 0: offset=3162112, size=0 bytes
📝 Piece 0: offset=3162112, size=10843 bytes
📝 Piece 0: offset=3172955, size=5541 bytes
📝 Piece 0: offset=3178496, size=16384 bytes
📝 Piece 0: offset=3194880, size=0 bytes
📝 Piece 0: offset=3194880, size=10817 bytes
📝 Piece 0: offset=3205697, size=5567 bytes
📝 Piece 0: offset=3211264, size=16384 bytes
📝 Piece 0: offset=3227648, size=0 bytes
📝 Piece 0: offset=3227648, size=10791 bytes
📝 Piece 0: offset=3238439, size=5593 bytes
📝 Piece 0: offset=3244032, size=16384 bytes
📝 Piece 0: offset=3260416, size=0 bytes
📝 Piece 0: offset=3260416, size=10765 bytes
📝 Piece 0: offset=3271181, size=5619 bytes
📝 Piece 0: offset=3276800, size=16384 bytes
📝 Piece 0: offset=3293184, size=0 bytes
📝 Piece 0: offset=3293184, size=10739 bytes
📝 Piece 0: offset=3303923, size=5645 bytes
📝 Piece 0: offset=3309568, size=16384 bytes
📝 Piece 0: offset=3325952, size=0 bytes
📝 Piece 0: offset=3325952, size=10713 bytes
📝 Piece 0: offset=3336665, size=5671 bytes
📝 Piece 0: offset=3342336, size=16384 bytes
📝 Piece 0: offset=3358720, size=0 bytes
📝 Piece 0: offset=3358720, size=10687 bytes
📝 Piece 0: offset=3369407, size=5697 bytes
📝 Piece 0: offset=3375104, size=16384 bytes
📝 Piece 0: offset=3391488, size=0 bytes
📝 Piece 0: offset=3391488, size=10661 bytes
📝 Piece 0: offset=3402149, size=5723 bytes
📝 Piece 0: offset=3407872, size=16384 bytes
📝 Piece 0: offset=3424256, size=0 bytes
📝 Piece 0: offset=3424256, size=10635 bytes
📝 Piece 0: offset=3434891, size=5749 bytes
📝 Piece 0: offset=3440640, size=16384 bytes
📝 Piece 0: offset=3457024, size=0 bytes
📝 Piece 0: offset=3457024, size=10609 bytes
📝 Piece 0: offset=3467633, size=5775 bytes
📝 Piece 0: offset=3473408, size=16384 bytes
📝 Piece 0: offset=3489792, size=0 bytes
📝 Piece 0: offset=3489792, size=10583 bytes
📝 Piece 0: offset=3500375, size=5801 bytes
📝 Piece 0: offset=3506176, size=16384 bytes
📝 Piece 0: offset=3522560, size=0 bytes
📝 Piece 0: offset=3522560, size=10557 bytes
📝 Piece 0: offset=3533117, size=5827 bytes
📝 Piece 0: offset=3538944, size=16384 bytes
📝 Piece 0: offset=3555328, size=0 bytes
📝 Piece 0: offset=3555328, size=10531 bytes
📝 Piece 0: offset=3565859, size=5853 bytes
📝 Piece 0: offset=3571712, size=16384 bytes
📝 Piece 0: offset=3588096, size=0 bytes
📝 Piece 0: offset=3588096, size=10505 bytes
📝 Piece 0: offset=3598601, size=5879 bytes
📝 Piece 0: offset=3604480, size=16384 bytes
📝 Piece 0: offset=3620864, size=0 bytes
📝 Piece 0: offset=3620864, size=10479 bytes
📝 Piece 0: offset=3631343, size=5905 bytes
📝 Piece 0: offset=3637248, size=16384 bytes
📝 Piece 0: offset=3653632, size=0 bytes
📝 Piece 0: offset=3653632, size=10453 bytes
📝 Piece 0: offset=3664085, size=5931 bytes
📝 Piece 0: offset=3670016, size=16384 bytes
📝 Piece 0: offset=3686400, size=0 bytes
📝 Piece 0: offset=3686400, size=10427 bytes
📝 Piece 0: offset=3696827, size=5957 bytes
📝 Piece 0: offset=3702784, size=16384 bytes
📝 Piece 0: offset=3719168, size=0 bytes
📝 Piece 0: offset=3719168, size=10401 bytes
📝 Piece 0: offset=3729569, size=5983 bytes
📝 Piece 0: offset=3735552, size=16384 bytes
📝 Piece 0: offset=3751936, size=0 bytes
📝 Piece 0: offset=3751936, size=10375 bytes
📝 Piece 0: offset=3762311, size=6009 bytes
📝 Piece 0: offset=3768320, size=16384 bytes
📝 Piece 0: offset=3784704, size=0 bytes
📝 Piece 0: offset=3784704, size=10349 bytes
📝 Piece 0: offset=3795053, size=6035 bytes
📝 Piece 0: offset=3801088, size=16384 bytes
📝 Piece 0: offset=3817472, size=0 bytes
📝 Piece 0: offset=3817472, size=10323 bytes
📝 Piece 0: offset=3827795, size=6061 bytes
📝 Piece 0: offset=3833856, size=16384 bytes
📝 Piece 0: offset=3850240, size=0 bytes
📝 Piece 0: offset=3850240, size=10297 bytes
📝 Piece 0: offset=3860537, size=6087 bytes
📝 Piece 0: offset=3866624, size=16384 bytes
📝 Piece 0: offset=3883008, size=0 bytes
📝 Piece 0: offset=3883008, size=10271 bytes
📝 Piece 0: offset=3893279, size=6113 bytes
📝 Piece 0: offset=3899392, size=16384 bytes
📝 Piece 0: offset=3915776, size=0 bytes
📝 Piece 0: offset=3915776, size=10245 bytes
📝 Piece 0: offset=3926021, size=6139 bytes
📝 Piece 0: offset=3932160, size=16384 bytes
📝 Piece 0: offset=3948544, size=0 bytes
📝 Piece 0: offset=3948544, size=10219 bytes
📝 Piece 0: offset=3958763, size=6165 bytes
📝 Piece 0: offset=3964928, size=16384 bytes
📝 Piece 0: offset=3981312, size=0 bytes
📝 Piece 0: offset=3981312, size=10193 bytes
📝 Piece 0: offset=3991505, size=6191 bytes
📝 Piece 0: offset=3997696, size=16384 bytes
📝 Piece 0: offset=4014080, size=0 bytes
📝 Piece 0: offset=4014080, size=10167 bytes
📝 Piece 0: offset=4024247, size=6217 bytes
📝 Piece 0: offset=4030464, size=16384 bytes
📝 Piece 0: offset=4046848, size=0 bytes
📝 Piece 0: offset=4046848, size=10141 bytes
📝 Piece 0: offset=4056989, size=6243 bytes
📝 Piece 0: offset=4063232, size=16384 bytes
📝 Piece 0: offset=4079616, size=0 bytes
📝 Piece 0: offset=4079616, size=10115 bytes
📝 Piece 0: offset=4089731, size=6269 bytes
📝 Piece 0: offset=4096000, size=16384 bytes
📝 Piece 0: offset=4112384, size=0 bytes
📝 Piece 0: offset=4112384, size=10089 bytes
📝 Piece 0: offset=4122473, size=6295 bytes
📝 Piece 0: offset=4128768, size=16384 bytes
📝 Piece 0: offset=4145152, size=0 bytes
📝 Piece 0: offset=4145152, size=10063 bytes
📝 Piece 0: offset=4155215, size=6321 bytes
📝 Piece 0: offset=4161536, size=16384 bytes
📝 Piece 0: offset=4177920, size=0 bytes
📝 Piece 0: offset=4177920, size=10037 bytes
📝 Piece 0: offset=4187957, size=6347 bytes
.📊 live: 0.00% (0 / 85.0Gi) [down speed: 0.00 MiB/s, up speed: 0.00 MiB/s]
..📝 Piece 0: offset=0, size=16384 bytes
📝 Piece 0: offset=16384, size=0 bytes
📝 Piece 0: offset=16384, size=13362 bytes
📝 Piece 0: offset=29746, size=3022 bytes
📝 Piece 0: offset=32768, size=16384 bytes
📝 Piece 0: offset=49152, size=0 bytes
📝 Piece 0: offset=49152, size=13336 bytes
📝 Piece 0: offset=62488, size=3048 bytes
📝 Piece 0: offset=65536, size=16384 bytes
📝 Piece 0: offset=81920, size=0 bytes
📝 Piece 0: offset=81920, size=13310 bytes
📝 Piece 0: offset=95230, size=3074 bytes
📝 Piece 0: offset=98304, size=16384 bytes
📝 Piece 0: offset=114688, size=0 bytes
📝 Piece 0: offset=114688, size=13284 bytes
📝 Piece 0: offset=127972, size=3100 bytes
.📝 Piece 0: offset=131072, size=16384 bytes
📝 Piece 0: offset=147456, size=0 bytes
📝 Piece 0: offset=147456, size=13258 bytes
📝 Piece 0: offset=160714, size=3126 bytes
📝 Piece 0: offset=163840, size=16384 bytes
📝 Piece 0: offset=180224, size=0 bytes
📝 Piece 0: offset=180224, size=13232 bytes
📝 Piece 0: offset=193456, size=3152 bytes
📝 Piece 0: offset=196608, size=16384 bytes
📝 Piece 0: offset=212992, size=0 bytes
📝 Piece 0: offset=212992, size=13206 bytes
📝 Piece 0: offset=226198, size=3178 bytes
📝 Piece 0: offset=229376, size=16384 bytes
📝 Piece 0: offset=245760, size=0 bytes
📝 Piece 0: offset=245760, size=13180 bytes
📝 Piece 0: offset=258940, size=3204 bytes
📝 Piece 0: offset=262144, size=16384 bytes
📝 Piece 0: offset=278528, size=0 bytes
📝 Piece 0: offset=278528, size=13154 bytes
📝 Piece 0: offset=291682, size=3230 bytes
📝 Piece 0: offset=294912, size=16384 bytes
📝 Piece 0: offset=311296, size=0 bytes
📝 Piece 0: offset=311296, size=13128 bytes
📝 Piece 0: offset=324424, size=3256 bytes
📝 Piece 0: offset=327680, size=16384 bytes
📝 Piece 0: offset=344064, size=0 bytes
📝 Piece 0: offset=344064, size=13102 bytes
📝 Piece 0: offset=357166, size=3282 bytes
📝 Piece 0: offset=360448, size=16384 bytes
📝 Piece 0: offset=376832, size=0 bytes
📝 Piece 0: offset=376832, size=13076 bytes
📝 Piece 0: offset=389908, size=3308 bytes
📝 Piece 0: offset=393216, size=16384 bytes
📝 Piece 0: offset=409600, size=0 bytes
📝 Piece 0: offset=409600, size=13050 bytes
📝 Piece 0: offset=422650, size=3334 bytes
📝 Piece 0: offset=425984, size=16384 bytes
📝 Piece 0: offset=442368, size=0 bytes
📝 Piece 0: offset=442368, size=13024 bytes
📝 Piece 0: offset=455392, size=3360 bytes
📝 Piece 0: offset=458752, size=16384 bytes
📝 Piece 0: offset=475136, size=0 bytes
📝 Piece 0: offset=475136, size=12998 bytes
📝 Piece 0: offset=488134, size=3386 bytes
📝 Piece 0: offset=491520, size=16384 bytes
📝 Piece 0: offset=507904, size=0 bytes
📝 Piece 0: offset=507904, size=12972 bytes
📝 Piece 0: offset=520876, size=3412 bytes
📝 Piece 0: offset=540672, size=16384 bytes
📝 Piece 0: offset=557056, size=0 bytes
📝 Piece 0: offset=524288, size=12946 bytes
📝 Piece 0: offset=537234, size=3438 bytes
📝 Piece 0: offset=557056, size=16384 bytes
📝 Piece 0: offset=573440, size=0 bytes
📝 Piece 0: offset=573440, size=12920 bytes
📝 Piece 0: offset=586360, size=3464 bytes
📝 Piece 0: offset=606208, size=16384 bytes
📝 Piece 0: offset=622592, size=0 bytes
📝 Piece 0: offset=589824, size=12894 bytes
📝 Piece 0: offset=602718, size=3490 bytes
📝 Piece 0: offset=622592, size=16384 bytes
📝 Piece 0: offset=638976, size=0 bytes
📝 Piece 0: offset=638976, size=12868 bytes
📝 Piece 0: offset=651844, size=3516 bytes
📝 Piece 0: offset=688128, size=16384 bytes
📝 Piece 0: offset=704512, size=0 bytes
📝 Piece 0: offset=671744, size=12842 bytes
📝 Piece 0: offset=684586, size=3542 bytes
📝 Piece 0: offset=655360, size=16384 bytes
📝 Piece 0: offset=671744, size=0 bytes
📝 Piece 0: offset=704512, size=12816 bytes
📝 Piece 0: offset=717328, size=3568 bytes
📝 Piece 0: offset=720896, size=16384 bytes
📝 Piece 0: offset=737280, size=0 bytes
📝 Piece 0: offset=737280, size=12790 bytes
📝 Piece 0: offset=750070, size=3594 bytes
📝 Piece 0: offset=753664, size=16384 bytes
📝 Piece 0: offset=770048, size=0 bytes
📝 Piece 0: offset=770048, size=12764 bytes
📝 Piece 0: offset=782812, size=3620 bytes
📝 Piece 0: offset=786432, size=16384 bytes
📝 Piece 0: offset=802816, size=0 bytes
📝 Piece 0: offset=802816, size=12738 bytes
📝 Piece 0: offset=815554, size=3646 bytes
📝 Piece 0: offset=835584, size=16384 bytes
📝 Piece 0: offset=851968, size=0 bytes
📝 Piece 0: offset=819200, size=12712 bytes
📝 Piece 0: offset=831912, size=3672 bytes
📝 Piece 0: offset=851968, size=16384 bytes
📝 Piece 0: offset=868352, size=0 bytes
📝 Piece 0: offset=868352, size=12686 bytes
📝 Piece 0: offset=881038, size=3698 bytes
.📝 Piece 0: offset=884736, size=16384 bytes
📝 Piece 0: offset=901120, size=0 bytes
📝 Piece 0: offset=901120, size=12660 bytes
📝 Piece 0: offset=913780, size=3724 bytes
📝 Piece 0: offset=917504, size=16384 bytes
📝 Piece 0: offset=933888, size=0 bytes
📝 Piece 0: offset=933888, size=12634 bytes
📝 Piece 0: offset=946522, size=3750 bytes
📝 Piece 0: offset=950272, size=16384 bytes
📝 Piece 0: offset=966656, size=0 bytes
📝 Piece 0: offset=966656, size=12608 bytes
📝 Piece 0: offset=979264, size=3776 bytes
📝 Piece 0: offset=983040, size=16384 bytes
📝 Piece 0: offset=999424, size=0 bytes
📝 Piece 0: offset=999424, size=12582 bytes
📝 Piece 0: offset=1012006, size=3802 bytes
📝 Piece 0: offset=1015808, size=16384 bytes
📝 Piece 0: offset=1032192, size=0 bytes
📝 Piece 0: offset=1032192, size=12556 bytes
📝 Piece 0: offset=1044748, size=3828 bytes
📝 Piece 0: offset=1048576, size=16384 bytes
📝 Piece 0: offset=1064960, size=0 bytes
📝 Piece 0: offset=1064960, size=12530 bytes
📝 Piece 0: offset=1077490, size=3854 bytes
📝 Piece 0: offset=1081344, size=16384 bytes
📝 Piece 0: offset=1097728, size=0 bytes
📝 Piece 0: offset=1097728, size=12504 bytes
📝 Piece 0: offset=1110232, size=3880 bytes
📝 Piece 0: offset=1114112, size=16384 bytes
📝 Piece 0: offset=1130496, size=0 bytes
📝 Piece 0: offset=1130496, size=12478 bytes
📝 Piece 0: offset=1142974, size=3906 bytes
📝 Piece 0: offset=1146880, size=16384 bytes
📝 Piece 0: offset=1163264, size=0 bytes
📝 Piece 0: offset=1163264, size=12452 bytes
📝 Piece 0: offset=1175716, size=3932 bytes
📝 Piece 0: offset=1196032, size=16384 bytes
📝 Piece 0: offset=1212416, size=0 bytes
📝 Piece 0: offset=1179648, size=12426 bytes
📝 Piece 0: offset=1192074, size=3958 bytes
📝 Piece 0: offset=1212416, size=16384 bytes
📝 Piece 0: offset=1228800, size=0 bytes
📝 Piece 0: offset=1228800, size=12400 bytes
📝 Piece 0: offset=1241200, size=3984 bytes
📝 Piece 0: offset=1261568, size=16384 bytes
📝 Piece 0: offset=1277952, size=0 bytes
📝 Piece 0: offset=1245184, size=12374 bytes
📝 Piece 0: offset=1257558, size=4010 bytes
📝 Piece 0: offset=1277952, size=16384 bytes
📝 Piece 0: offset=1294336, size=0 bytes
📝 Piece 0: offset=1294336, size=12348 bytes
📝 Piece 0: offset=1306684, size=4036 bytes
📝 Piece 0: offset=1310720, size=16384 bytes
📝 Piece 0: offset=1327104, size=0 bytes
📝 Piece 0: offset=1327104, size=12322 bytes
📝 Piece 0: offset=1339426, size=4062 bytes
📝 Piece 0: offset=1343488, size=16384 bytes
📝 Piece 0: offset=1359872, size=0 bytes
📝 Piece 0: offset=1359872, size=12296 bytes
📝 Piece 0: offset=1372168, size=4088 bytes
📝 Piece 0: offset=1392640, size=16384 bytes
📝 Piece 0: offset=1409024, size=0 bytes
📝 Piece 0: offset=1376256, size=12270 bytes
📝 Piece 0: offset=1388526, size=4114 bytes
📝 Piece 0: offset=1409024, size=16384 bytes
📝 Piece 0: offset=1425408, size=0 bytes
📝 Piece 0: offset=1425408, size=12244 bytes
📝 Piece 0: offset=1437652, size=4140 bytes
📝 Piece 0: offset=1458176, size=16384 bytes
📝 Piece 0: offset=1474560, size=0 bytes
📝 Piece 0: offset=1441792, size=12218 bytes
📝 Piece 0: offset=1454010, size=4166 bytes
📝 Piece 0: offset=1474560, size=16384 bytes
📝 Piece 0: offset=1490944, size=0 bytes
📝 Piece 0: offset=1490944, size=12192 bytes
📝 Piece 0: offset=1503136, size=4192 bytes
📝 Piece 0: offset=1507328, size=16384 bytes
📝 Piece 0: offset=1523712, size=0 bytes
📝 Piece 0: offset=1523712, size=12166 bytes
📝 Piece 0: offset=1535878, size=4218 bytes
📝 Piece 0: offset=1540096, size=16384 bytes
📝 Piece 0: offset=1556480, size=0 bytes
📝 Piece 0: offset=1556480, size=12140 bytes
📝 Piece 0: offset=1568620, size=4244 bytes
📝 Piece 0: offset=1572864, size=16384 bytes
📝 Piece 0: offset=1589248, size=0 bytes
📝 Piece 0: offset=1589248, size=12114 bytes
📝 Piece 0: offset=1601362, size=4270 bytes
📝 Piece 0: offset=1605632, size=16384 bytes
📝 Piece 0: offset=1622016, size=0 bytes
📝 Piece 0: offset=1622016, size=12088 bytes
📝 Piece 0: offset=1634104, size=4296 bytes
📝 Piece 0: offset=1638400, size=16384 bytes
📝 Piece 0: offset=1654784, size=0 bytes
📝 Piece 0: offset=1654784, size=12062 bytes
📝 Piece 0: offset=1666846, size=4322 bytes
📝 Piece 0: offset=1671168, size=16384 bytes
📝 Piece 0: offset=1687552, size=0 bytes
📝 Piece 0: offset=1687552, size=12036 bytes
📝 Piece 0: offset=1699588, size=4348 bytes
📝 Piece 0: offset=1720320, size=16384 bytes
📝 Piece 0: offset=1736704, size=0 bytes
📝 Piece 0: offset=1703936, size=12010 bytes
📝 Piece 0: offset=1715946, size=4374 bytes
📝 Piece 0: offset=1736704, size=16384 bytes
📝 Piece 0: offset=1753088, size=0 bytes
📝 Piece 0: offset=1753088, size=11984 bytes
📝 Piece 0: offset=1765072, size=4400 bytes
📝 Piece 0: offset=1785856, size=16384 bytes
📝 Piece 0: offset=1802240, size=0 bytes
📝 Piece 0: offset=1818624, size=11958 bytes
📝 Piece 0: offset=1830582, size=4426 bytes
.📝 Piece 0: offset=1769472, size=16384 bytes
📝 Piece 0: offset=1785856, size=0 bytes
📝 Piece 0: offset=1802240, size=11932 bytes
📝 Piece 0: offset=1814172, size=4452 bytes
📝 Piece 0: offset=1835008, size=16384 bytes
📝 Piece 0: offset=1851392, size=0 bytes
📝 Piece 0: offset=1851392, size=11906 bytes
📝 Piece 0: offset=1863298, size=4478 bytes
📝 Piece 0: offset=1867776, size=16384 bytes
📝 Piece 0: offset=1884160, size=0 bytes
📝 Piece 0: offset=1884160, size=11880 bytes
📝 Piece 0: offset=1896040, size=4504 bytes
📝 Piece 0: offset=1900544, size=16384 bytes
📝 Piece 0: offset=1916928, size=0 bytes
📝 Piece 0: offset=1916928, size=11854 bytes
📝 Piece 0: offset=1928782, size=4530 bytes
📝 Piece 0: offset=1949696, size=16384 bytes
📝 Piece 0: offset=1966080, size=0 bytes
📝 Piece 0: offset=1933312, size=11828 bytes
📝 Piece 0: offset=1945140, size=4556 bytes
📝 Piece 0: offset=1966080, size=16384 bytes
📝 Piece 0: offset=1982464, size=0 bytes
📝 Piece 0: offset=1982464, size=11802 bytes
📝 Piece 0: offset=1994266, size=4582 bytes
📝 Piece 0: offset=1998848, size=16384 bytes
📝 Piece 0: offset=2015232, size=0 bytes
📝 Piece 0: offset=2015232, size=11776 bytes
📝 Piece 0: offset=2027008, size=4608 bytes
📝 Piece 0: offset=2031616, size=16384 bytes
📝 Piece 0: offset=2048000, size=0 bytes
📝 Piece 0: offset=2048000, size=11750 bytes
📝 Piece 0: offset=2059750, size=4634 bytes
📝 Piece 0: offset=2064384, size=16384 bytes
📝 Piece 0: offset=2080768, size=0 bytes
📝 Piece 0: offset=2080768, size=11724 bytes
📝 Piece 0: offset=2092492, size=4660 bytes
📝 Piece 0: offset=2113536, size=16384 bytes
📝 Piece 0: offset=2129920, size=0 bytes
📝 Piece 0: offset=2097152, size=11698 bytes
📝 Piece 0: offset=2108850, size=4686 bytes
📝 Piece 0: offset=2146304, size=16384 bytes
📝 Piece 0: offset=2162688, size=0 bytes
📝 Piece 0: offset=2129920, size=11672 bytes
📝 Piece 0: offset=2141592, size=4712 bytes
📝 Piece 0: offset=2162688, size=16384 bytes
📝 Piece 0: offset=2179072, size=0 bytes
📝 Piece 0: offset=2179072, size=11646 bytes
📝 Piece 0: offset=2190718, size=4738 bytes
📝 Piece 0: offset=2195456, size=16384 bytes
📝 Piece 0: offset=2211840, size=0 bytes
📝 Piece 0: offset=2211840, size=11620 bytes
📝 Piece 0: offset=2223460, size=4764 bytes
📝 Piece 0: offset=2228224, size=16384 bytes
📝 Piece 0: offset=2244608, size=0 bytes
📝 Piece 0: offset=2244608, size=11594 bytes
📝 Piece 0: offset=2256202, size=4790 bytes
📝 Piece 0: offset=2260992, size=16384 bytes
📝 Piece 0: offset=2277376, size=0 bytes
📝 Piece 0: offset=2277376, size=11568 bytes
📝 Piece 0: offset=2288944, size=4816 bytes
📝 Piece 0: offset=2310144, size=16384 bytes
📝 Piece 0: offset=2326528, size=0 bytes
📝 Piece 0: offset=2293760, size=11542 bytes
📝 Piece 0: offset=2305302, size=4842 bytes
📝 Piece 0: offset=2342912, size=16384 bytes
📝 Piece 0: offset=2359296, size=0 bytes
📝 Piece 0: offset=2326528, size=11516 bytes
📝 Piece 0: offset=2338044, size=4868 bytes
📝 Piece 0: offset=2375680, size=16384 bytes
📝 Piece 0: offset=2392064, size=0 bytes
📝 Piece 0: offset=2392064, size=11490 bytes
📝 Piece 0: offset=2403554, size=4894 bytes
📝 Piece 0: offset=2408448, size=16384 bytes
📝 Piece 0: offset=2424832, size=0 bytes
📝 Piece 0: offset=2441216, size=11464 bytes
📝 Piece 0: offset=2452680, size=4920 bytes
📝 Piece 0: offset=2457600, size=16384 bytes
📝 Piece 0: offset=2473984, size=0 bytes
📝 Piece 0: offset=2424832, size=11438 bytes
📝 Piece 0: offset=2436270, size=4946 bytes
📝 Piece 0: offset=2473984, size=16384 bytes
📝 Piece 0: offset=2490368, size=0 bytes
📊 live: 0.00% (0 / 85.0Gi) [down speed: 0.43 MiB/s, eta: 55h 43m, up speed: 0.00 MiB/s]
.📝 Piece 0: offset=2523136, size=11412 bytes
📝 Piece 0: offset=2534548, size=4972 bytes
📝 Piece 0: offset=2506752, size=16384 bytes
📝 Piece 0: offset=2523136, size=0 bytes
📝 Piece 0: offset=2490368, size=11386 bytes
📝 Piece 0: offset=2501754, size=4998 bytes
📝 Piece 0: offset=2539520, size=16384 bytes
📝 Piece 0: offset=2555904, size=0 bytes
📝 Piece 0: offset=2555904, size=11360 bytes
📝 Piece 0: offset=2567264, size=5024 bytes
📝 Piece 0: offset=2572288, size=16384 bytes
📝 Piece 0: offset=2588672, size=0 bytes
📝 Piece 0: offset=2588672, size=11334 bytes
📝 Piece 0: offset=2600006, size=5050 bytes
📝 Piece 0: offset=2359296, size=16384 bytes
📝 Piece 0: offset=2375680, size=0 bytes
📝 Piece 0: offset=2605056, size=11308 bytes
📝 Piece 0: offset=2616364, size=5076 bytes
📝 Piece 0: offset=2621440, size=16384 bytes
📝 Piece 0: offset=2637824, size=0 bytes
📝 Piece 0: offset=2637824, size=11282 bytes
📝 Piece 0: offset=2649106, size=5102 bytes
📝 Piece 0: offset=2670592, size=16384 bytes
📝 Piece 0: offset=2686976, size=0 bytes
📝 Piece 0: offset=2654208, size=11256 bytes
📝 Piece 0: offset=2665464, size=5128 bytes
📝 Piece 0: offset=2686976, size=16384 bytes
📝 Piece 0: offset=2703360, size=0 bytes
📝 Piece 0: offset=2703360, size=11230 bytes
📝 Piece 0: offset=2714590, size=5154 bytes
📝 Piece 0: offset=2736128, size=16384 bytes
📝 Piece 0: offset=2752512, size=0 bytes
📝 Piece 0: offset=2719744, size=11204 bytes
📝 Piece 0: offset=2730948, size=5180 bytes
📝 Piece 0: offset=2768896, size=16384 bytes
📝 Piece 0: offset=2785280, size=0 bytes
📝 Piece 0: offset=2752512, size=11178 bytes
📝 Piece 0: offset=2763690, size=5206 bytes
📝 Piece 0: offset=2801664, size=16384 bytes
📝 Piece 0: offset=2818048, size=0 bytes
📝 Piece 0: offset=2785280, size=11152 bytes
📝 Piece 0: offset=2796432, size=5232 bytes
📝 Piece 0: offset=2834432, size=16384 bytes
📝 Piece 0: offset=2850816, size=0 bytes
📝 Piece 0: offset=2818048, size=11126 bytes
📝 Piece 0: offset=2829174, size=5258 bytes
📝 Piece 0: offset=2867200, size=16384 bytes
📝 Piece 0: offset=2883584, size=0 bytes
📝 Piece 0: offset=2850816, size=11100 bytes
📝 Piece 0: offset=2861916, size=5284 bytes
📝 Piece 0: offset=2899968, size=16384 bytes
📝 Piece 0: offset=2916352, size=0 bytes
📝 Piece 0: offset=2883584, size=11074 bytes
📝 Piece 0: offset=2894658, size=5310 bytes
📝 Piece 0: offset=2916352, size=16384 bytes
📝 Piece 0: offset=2932736, size=0 bytes
📝 Piece 0: offset=2932736, size=11048 bytes
📝 Piece 0: offset=2943784, size=5336 bytes
📝 Piece 0: offset=2949120, size=16384 bytes
📝 Piece 0: offset=2965504, size=0 bytes
📝 Piece 0: offset=2965504, size=11022 bytes
📝 Piece 0: offset=2976526, size=5362 bytes
📝 Piece 0: offset=2981888, size=16384 bytes
📝 Piece 0: offset=2998272, size=0 bytes
📝 Piece 0: offset=2998272, size=10996 bytes
📝 Piece 0: offset=3009268, size=5388 bytes
📝 Piece 0: offset=3014656, size=16384 bytes
📝 Piece 0: offset=3031040, size=0 bytes
📝 Piece 0: offset=3031040, size=10970 bytes
📝 Piece 0: offset=3042010, size=5414 bytes
📝 Piece 0: offset=3047424, size=16384 bytes
📝 Piece 0: offset=3063808, size=0 bytes
📝 Piece 0: offset=3063808, size=10944 bytes
📝 Piece 0: offset=3074752, size=5440 bytes
📝 Piece 0: offset=3112960, size=16384 bytes
📝 Piece 0: offset=3129344, size=0 bytes
📝 Piece 0: offset=3096576, size=10918 bytes
📝 Piece 0: offset=3107494, size=5466 bytes
📝 Piece 0: offset=3080192, size=16384 bytes
📝 Piece 0: offset=3096576, size=0 bytes
📝 Piece 0: offset=3129344, size=10892 bytes
📝 Piece 0: offset=3140236, size=5492 bytes
📝 Piece 0: offset=3162112, size=16384 bytes
📝 Piece 0: offset=3178496, size=0 bytes
📝 Piece 0: offset=3145728, size=10866 bytes
📝 Piece 0: offset=3156594, size=5518 bytes
📝 Piece 0: offset=3178496, size=16384 bytes
📝 Piece 0: offset=3194880, size=0 bytes
📝 Piece 0: offset=3194880, size=10840 bytes
📝 Piece 0: offset=3205720, size=5544 bytes
📝 Piece 0: offset=3227648, size=16384 bytes
📝 Piece 0: offset=3244032, size=0 bytes
📝 Piece 0: offset=3211264, size=10814 bytes
📝 Piece 0: offset=3222078, size=5570 bytes
📝 Piece 0: offset=3244032, size=16384 bytes
📝 Piece 0: offset=3260416, size=0 bytes
📝 Piece 0: offset=3260416, size=10788 bytes
📝 Piece 0: offset=3271204, size=5596 bytes
📝 Piece 0: offset=3293184, size=16384 bytes
📝 Piece 0: offset=3309568, size=0 bytes
📝 Piece 0: offset=3276800, size=10762 bytes
📝 Piece 0: offset=3287562, size=5622 bytes
📝 Piece 0: offset=3309568, size=16384 bytes
📝 Piece 0: offset=3325952, size=0 bytes
📝 Piece 0: offset=3325952, size=10736 bytes
📝 Piece 0: offset=3336688, size=5648 bytes
📝 Piece 0: offset=3342336, size=16384 bytes
📝 Piece 0: offset=3358720, size=0 bytes
📝 Piece 0: offset=3358720, size=10710 bytes
📝 Piece 0: offset=3369430, size=5674 bytes
📝 Piece 0: offset=3391488, size=16384 bytes
📝 Piece 0: offset=3407872, size=0 bytes
📝 Piece 0: offset=3375104, size=10684 bytes
📝 Piece 0: offset=3385788, size=5700 bytes
📝 Piece 0: offset=3407872, size=16384 bytes
📝 Piece 0: offset=3424256, size=0 bytes
📝 Piece 0: offset=3424256, size=10658 bytes
📝 Piece 0: offset=3434914, size=5726 bytes
📝 Piece 0: offset=3457024, size=16384 bytes
📝 Piece 0: offset=3473408, size=0 bytes
📝 Piece 0: offset=3440640, size=10632 bytes
📝 Piece 0: offset=3451272, size=5752 bytes
📝 Piece 0: offset=3473408, size=16384 bytes
📝 Piece 0: offset=3489792, size=0 bytes
📝 Piece 0: offset=3489792, size=10606 bytes
📝 Piece 0: offset=3500398, size=5778 bytes
.📝 Piece 0: offset=3506176, size=16384 bytes
📝 Piece 0: offset=3522560, size=0 bytes
📝 Piece 0: offset=3522560, size=10580 bytes
📝 Piece 0: offset=3533140, size=5804 bytes
📝 Piece 0: offset=3538944, size=16384 bytes
📝 Piece 0: offset=3555328, size=0 bytes
📝 Piece 0: offset=3555328, size=10554 bytes
📝 Piece 0: offset=3565882, size=5830 bytes
📝 Piece 0: offset=3571712, size=16384 bytes
📝 Piece 0: offset=3588096, size=0 bytes
📝 Piece 0: offset=3588096, size=10528 bytes
📝 Piece 0: offset=3598624, size=5856 bytes
📝 Piece 0: offset=3637248, size=16384 bytes
📝 Piece 0: offset=3653632, size=0 bytes
📝 Piece 0: offset=3620864, size=10502 bytes
📝 Piece 0: offset=3631366, size=5882 bytes
📝 Piece 0: offset=3604480, size=16384 bytes
📝 Piece 0: offset=3620864, size=0 bytes
📝 Piece 0: offset=3653632, size=10476 bytes
📝 Piece 0: offset=3664108, size=5908 bytes
📝 Piece 0: offset=3670016, size=16384 bytes
📝 Piece 0: offset=3686400, size=0 bytes
📝 Piece 0: offset=3702784, size=10450 bytes
📝 Piece 0: offset=3713234, size=5934 bytes
📝 Piece 0: offset=3719168, size=16384 bytes
📝 Piece 0: offset=3735552, size=0 bytes
📝 Piece 0: offset=3686400, size=10424 bytes
📝 Piece 0: offset=3696824, size=5960 bytes
📝 Piece 0: offset=3735552, size=16384 bytes
📝 Piece 0: offset=3751936, size=0 bytes
📝 Piece 0: offset=3768320, size=10398 bytes
📝 Piece 0: offset=3778718, size=5986 bytes
📝 Piece 0: offset=3784704, size=16384 bytes
📝 Piece 0: offset=3801088, size=0 bytes
📝 Piece 0: offset=3751936, size=10372 bytes
📝 Piece 0: offset=3762308, size=6012 bytes
📝 Piece 0: offset=3801088, size=16384 bytes
📝 Piece 0: offset=3817472, size=0 bytes
📝 Piece 0: offset=3817472, size=10346 bytes
📝 Piece 0: offset=3827818, size=6038 bytes
📝 Piece 0: offset=3833856, size=16384 bytes
📝 Piece 0: offset=3850240, size=0 bytes
📝 Piece 0: offset=3850240, size=10320 bytes
📝 Piece 0: offset=3860560, size=6064 bytes
📝 Piece 0: offset=3883008, size=16384 bytes
📝 Piece 0: offset=3899392, size=0 bytes
📝 Piece 0: offset=3899392, size=10294 bytes
📝 Piece 0: offset=3909686, size=6090 bytes
📝 Piece 0: offset=3866624, size=16384 bytes
📝 Piece 0: offset=3883008, size=0 bytes
📝 Piece 0: offset=3915776, size=10268 bytes
📝 Piece 0: offset=3926044, size=6116 bytes
📝 Piece 0: offset=3932160, size=16384 bytes
📝 Piece 0: offset=3948544, size=0 bytes
📝 Piece 0: offset=3948544, size=10242 bytes
📝 Piece 0: offset=3958786, size=6142 bytes
📝 Piece 0: offset=3964928, size=16384 bytes
📝 Piece 0: offset=3981312, size=0 bytes
📝 Piece 0: offset=3981312, size=10216 bytes
📝 Piece 0: offset=3991528, size=6168 bytes
📝 Piece 0: offset=3997696, size=16384 bytes
📝 Piece 0: offset=4014080, size=0 bytes
📝 Piece 0: offset=4030464, size=10190 bytes
📝 Piece 0: offset=4040654, size=6194 bytes
📝 Piece 0: offset=4014080, size=16384 bytes
📝 Piece 0: offset=4030464, size=0 bytes
📝 Piece 0: offset=4046848, size=10164 bytes
📝 Piece 0: offset=4057012, size=6220 bytes
📝 Piece 0: offset=4063232, size=16384 bytes
📝 Piece 0: offset=4079616, size=0 bytes
📝 Piece 0: offset=4079616, size=10138 bytes
📝 Piece 0: offset=4089754, size=6246 bytes
📝 Piece 0: offset=4096000, size=16384 bytes
📝 Piece 0: offset=4112384, size=0 bytes
📝 Piece 0: offset=4112384, size=10112 bytes
📝 Piece 0: offset=4122496, size=6272 bytes
📝 Piece 0: offset=4128768, size=16384 bytes
📝 Piece 0: offset=4145152, size=0 bytes
📝 Piece 0: offset=4145152, size=10086 bytes
📝 Piece 0: offset=4155238, size=6298 bytes
📝 Piece 0: offset=4161536, size=16384 bytes
📝 Piece 0: offset=4177920, size=0 bytes
📝 Piece 0: offset=4177920, size=10060 bytes
📝 Piece 0: offset=4187980, size=6324 bytes
...📝 Piece 0: offset=0, size=16384 bytes
📝 Piece 0: offset=16384, size=0 bytes
📝 Piece 0: offset=16384, size=13369 bytes
📝 Piece 0: offset=29753, size=3015 bytes
📝 Piece 0: offset=32768, size=16384 bytes
📝 Piece 0: offset=49152, size=0 bytes
📝 Piece 0: offset=49152, size=13343 bytes
📝 Piece 0: offset=62495, size=3041 bytes
📝 Piece 0: offset=65536, size=16384 bytes
📝 Piece 0: offset=81920, size=0 bytes
📝 Piece 0: offset=81920, size=13317 bytes
📝 Piece 0: offset=95237, size=3067 bytes
📝 Piece 0: offset=98304, size=16384 bytes
📝 Piece 0: offset=114688, size=0 bytes
📝 Piece 0: offset=114688, size=13291 bytes
📝 Piece 0: offset=127979, size=3093 bytes
📝 Piece 0: offset=131072, size=16384 bytes
📝 Piece 0: offset=147456, size=0 bytes
📝 Piece 0: offset=147456, size=13265 bytes
📝 Piece 0: offset=160721, size=3119 bytes
📝 Piece 0: offset=163840, size=16384 bytes
📝 Piece 0: offset=180224, size=0 bytes
📝 Piece 0: offset=180224, size=13239 bytes
📝 Piece 0: offset=193463, size=3145 bytes
📝 Piece 0: offset=196608, size=16384 bytes
📝 Piece 0: offset=212992, size=0 bytes
📝 Piece 0: offset=212992, size=13213 bytes
📝 Piece 0: offset=226205, size=3171 bytes
📝 Piece 0: offset=229376, size=16384 bytes
📝 Piece 0: offset=245760, size=0 bytes
📝 Piece 0: offset=245760, size=13187 bytes
📝 Piece 0: offset=258947, size=3197 bytes
📝 Piece 0: offset=262144, size=16384 bytes
📝 Piece 0: offset=278528, size=0 bytes
📝 Piece 0: offset=278528, size=13161 bytes
📝 Piece 0: offset=291689, size=3223 bytes
📝 Piece 0: offset=294912, size=16384 bytes
📝 Piece 0: offset=311296, size=0 bytes
📝 Piece 0: offset=311296, size=13135 bytes
📝 Piece 0: offset=324431, size=3249 bytes
📝 Piece 0: offset=327680, size=16384 bytes
📝 Piece 0: offset=344064, size=0 bytes
📝 Piece 0: offset=344064, size=13109 bytes
📝 Piece 0: offset=357173, size=3275 bytes
📝 Piece 0: offset=360448, size=16384 bytes
📝 Piece 0: offset=376832, size=0 bytes
📝 Piece 0: offset=376832, size=13083 bytes
📝 Piece 0: offset=389915, size=3301 bytes
📝 Piece 0: offset=393216, size=16384 bytes
📝 Piece 0: offset=409600, size=0 bytes
📝 Piece 0: offset=409600, size=13057 bytes
📝 Piece 0: offset=422657, size=3327 bytes
📝 Piece 0: offset=425984, size=16384 bytes
📝 Piece 0: offset=442368, size=0 bytes
📝 Piece 0: offset=442368, size=13031 bytes
📝 Piece 0: offset=455399, size=3353 bytes
📝 Piece 0: offset=458752, size=16384 bytes
📝 Piece 0: offset=475136, size=0 bytes
📝 Piece 0: offset=475136, size=13005 bytes
📝 Piece 0: offset=488141, size=3379 bytes
📝 Piece 0: offset=491520, size=16384 bytes
📝 Piece 0: offset=507904, size=0 bytes
📝 Piece 0: offset=507904, size=12979 bytes
📝 Piece 0: offset=520883, size=3405 bytes
📝 Piece 0: offset=524288, size=16384 bytes
📝 Piece 0: offset=540672, size=0 bytes
📝 Piece 0: offset=540672, size=12953 bytes
📝 Piece 0: offset=553625, size=3431 bytes
📝 Piece 0: offset=557056, size=16384 bytes
📝 Piece 0: offset=573440, size=0 bytes
📝 Piece 0: offset=573440, size=12927 bytes
📝 Piece 0: offset=586367, size=3457 bytes
📝 Piece 0: offset=589824, size=16384 bytes
📝 Piece 0: offset=606208, size=0 bytes
📝 Piece 0: offset=606208, size=12901 bytes
📝 Piece 0: offset=619109, size=3483 bytes
📝 Piece 0: offset=622592, size=16384 bytes
📝 Piece 0: offset=638976, size=0 bytes
📝 Piece 0: offset=638976, size=12875 bytes
📝 Piece 0: offset=651851, size=3509 bytes
📝 Piece 0: offset=655360, size=16384 bytes
📝 Piece 0: offset=671744, size=0 bytes
📝 Piece 0: offset=671744, size=12849 bytes
📝 Piece 0: offset=684593, size=3535 bytes
📝 Piece 0: offset=688128, size=16384 bytes
📝 Piece 0: offset=704512, size=0 bytes
📝 Piece 0: offset=704512, size=12823 bytes
📝 Piece 0: offset=717335, size=3561 bytes
📝 Piece 0: offset=720896, size=16384 bytes
📝 Piece 0: offset=737280, size=0 bytes
📝 Piece 0: offset=737280, size=12797 bytes
📝 Piece 0: offset=750077, size=3587 bytes
📝 Piece 0: offset=753664, size=16384 bytes
📝 Piece 0: offset=770048, size=0 bytes
📝 Piece 0: offset=770048, size=12771 bytes
📝 Piece 0: offset=782819, size=3613 bytes
📝 Piece 0: offset=786432, size=16384 bytes
📝 Piece 0: offset=802816, size=0 bytes
📝 Piece 0: offset=802816, size=12745 bytes
📝 Piece 0: offset=815561, size=3639 bytes
📝 Piece 0: offset=819200, size=16384 bytes
📝 Piece 0: offset=835584, size=0 bytes
📝 Piece 0: offset=835584, size=12719 bytes
📝 Piece 0: offset=848303, size=3665 bytes
📝 Piece 0: offset=851968, size=16384 bytes
📝 Piece 0: offset=868352, size=0 bytes
📝 Piece 0: offset=868352, size=12693 bytes
📝 Piece 0: offset=881045, size=3691 bytes
📝 Piece 0: offset=884736, size=16384 bytes
📝 Piece 0: offset=901120, size=0 bytes
📝 Piece 0: offset=901120, size=12667 bytes
📝 Piece 0: offset=913787, size=3717 bytes
📝 Piece 0: offset=917504, size=16384 bytes
📝 Piece 0: offset=933888, size=0 bytes
📝 Piece 0: offset=933888, size=12641 bytes
📝 Piece 0: offset=946529, size=3743 bytes
📝 Piece 0: offset=950272, size=16384 bytes
📝 Piece 0: offset=966656, size=0 bytes
📝 Piece 0: offset=966656, size=12615 bytes
📝 Piece 0: offset=979271, size=3769 bytes
📝 Piece 0: offset=983040, size=16384 bytes
📝 Piece 0: offset=999424, size=0 bytes
📝 Piece 0: offset=999424, size=12589 bytes
📝 Piece 0: offset=1012013, size=3795 bytes
📝 Piece 0: offset=1015808, size=16384 bytes
📝 Piece 0: offset=1032192, size=0 bytes
📝 Piece 0: offset=1032192, size=12563 bytes
📝 Piece 0: offset=1044755, size=3821 bytes
📝 Piece 0: offset=1048576, size=16384 bytes
📝 Piece 0: offset=1064960, size=0 bytes
📝 Piece 0: offset=1064960, size=12537 bytes
📝 Piece 0: offset=1077497, size=3847 bytes
📝 Piece 0: offset=1081344, size=16384 bytes
📝 Piece 0: offset=1097728, size=0 bytes
📝 Piece 0: offset=1097728, size=12511 bytes
📝 Piece 0: offset=1110239, size=3873 bytes
📝 Piece 0: offset=1114112, size=16384 bytes
📝 Piece 0: offset=1130496, size=0 bytes
📝 Piece 0: offset=1130496, size=12485 bytes
📝 Piece 0: offset=1142981, size=3899 bytes
📝 Piece 0: offset=1146880, size=16384 bytes
📝 Piece 0: offset=1163264, size=0 bytes
📝 Piece 0: offset=1163264, size=12459 bytes
📝 Piece 0: offset=1175723, size=3925 bytes
📝 Piece 0: offset=1179648, size=16384 bytes
📝 Piece 0: offset=1196032, size=0 bytes
📝 Piece 0: offset=1196032, size=12433 bytes
📝 Piece 0: offset=1208465, size=3951 bytes
📝 Piece 0: offset=1212416, size=16384 bytes
📝 Piece 0: offset=1228800, size=0 bytes
📝 Piece 0: offset=1228800, size=12407 bytes
📝 Piece 0: offset=1241207, size=3977 bytes
📝 Piece 0: offset=1245184, size=16384 bytes
📝 Piece 0: offset=1261568, size=0 bytes
📝 Piece 0: offset=1261568, size=12381 bytes
📝 Piece 0: offset=1273949, size=4003 bytes
📝 Piece 0: offset=1277952, size=16384 bytes
📝 Piece 0: offset=1294336, size=0 bytes
📝 Piece 0: offset=1294336, size=12355 bytes
📝 Piece 0: offset=1306691, size=4029 bytes
📝 Piece 0: offset=1310720, size=16384 bytes
📝 Piece 0: offset=1327104, size=0 bytes
📝 Piece 0: offset=1327104, size=12329 bytes
📝 Piece 0: offset=1339433, size=4055 bytes
📝 Piece 0: offset=1343488, size=16384 bytes
📝 Piece 0: offset=1359872, size=0 bytes
📝 Piece 0: offset=1359872, size=12303 bytes
📝 Piece 0: offset=1372175, size=4081 bytes
📝 Piece 0: offset=1376256, size=16384 bytes
📝 Piece 0: offset=1392640, size=0 bytes
📝 Piece 0: offset=1392640, size=12277 bytes
📝 Piece 0: offset=1404917, size=4107 bytes
📝 Piece 0: offset=1409024, size=16384 bytes
📝 Piece 0: offset=1425408, size=0 bytes
📝 Piece 0: offset=1425408, size=12251 bytes
📝 Piece 0: offset=1437659, size=4133 bytes
📝 Piece 0: offset=1441792, size=16384 bytes
📝 Piece 0: offset=1458176, size=0 bytes
📝 Piece 0: offset=1458176, size=12225 bytes
📝 Piece 0: offset=1470401, size=4159 bytes
📝 Piece 0: offset=1474560, size=16384 bytes
📝 Piece 0: offset=1490944, size=0 bytes
📝 Piece 0: offset=1490944, size=12199 bytes
📝 Piece 0: offset=1503143, size=4185 bytes
📝 Piece 0: offset=1507328, size=16384 bytes
📝 Piece 0: offset=1523712, size=0 bytes
📝 Piece 0: offset=1523712, size=12173 bytes
📝 Piece 0: offset=1535885, size=4211 bytes
📝 Piece 0: offset=1540096, size=16384 bytes
📝 Piece 0: offset=1556480, size=0 bytes
📝 Piece 0: offset=1556480, size=12147 bytes
📝 Piece 0: offset=1568627, size=4237 bytes
📝 Piece 0: offset=1572864, size=16384 bytes
📝 Piece 0: offset=1589248, size=0 bytes
📝 Piece 0: offset=1589248, size=12121 bytes
📝 Piece 0: offset=1601369, size=4263 bytes
📝 Piece 0: offset=1605632, size=16384 bytes
📝 Piece 0: offset=1622016, size=0 bytes
📝 Piece 0: offset=1622016, size=12095 bytes
📝 Piece 0: offset=1634111, size=4289 bytes
📝 Piece 0: offset=1638400, size=16384 bytes
📝 Piece 0: offset=1654784, size=0 bytes
📝 Piece 0: offset=1654784, size=12069 bytes
📝 Piece 0: offset=1666853, size=4315 bytes
📝 Piece 0: offset=1671168, size=16384 bytes
📝 Piece 0: offset=1687552, size=0 bytes
📝 Piece 0: offset=1687552, size=12043 bytes
📝 Piece 0: offset=1699595, size=4341 bytes
📝 Piece 0: offset=1703936, size=16384 bytes
📝 Piece 0: offset=1720320, size=0 bytes
📝 Piece 0: offset=1720320, size=12017 bytes
📝 Piece 0: offset=1732337, size=4367 bytes
📝 Piece 0: offset=1736704, size=16384 bytes
📝 Piece 0: offset=1753088, size=0 bytes
📝 Piece 0: offset=1753088, size=11991 bytes
📝 Piece 0: offset=1765079, size=4393 bytes
📝 Piece 0: offset=1769472, size=16384 bytes
📝 Piece 0: offset=1785856, size=0 bytes
📝 Piece 0: offset=1785856, size=11965 bytes
📝 Piece 0: offset=1797821, size=4419 bytes
📝 Piece 0: offset=1802240, size=16384 bytes
📝 Piece 0: offset=1818624, size=0 bytes
📝 Piece 0: offset=1818624, size=11939 bytes
📝 Piece 0: offset=1830563, size=4445 bytes
📝 Piece 0: offset=1835008, size=16384 bytes
📝 Piece 0: offset=1851392, size=0 bytes
📝 Piece 0: offset=1851392, size=11913 bytes
📝 Piece 0: offset=1863305, size=4471 bytes
📝 Piece 0: offset=1867776, size=16384 bytes
📝 Piece 0: offset=1884160, size=0 bytes
📝 Piece 0: offset=1884160, size=11887 bytes
📝 Piece 0: offset=1896047, size=4497 bytes
📝 Piece 0: offset=1900544, size=16384 bytes
📝 Piece 0: offset=1916928, size=0 bytes
📝 Piece 0: offset=1916928, size=11861 bytes
📝 Piece 0: offset=1928789, size=4523 bytes
📝 Piece 0: offset=1933312, size=16384 bytes
📝 Piece 0: offset=1949696, size=0 bytes
📝 Piece 0: offset=1949696, size=11835 bytes
📝 Piece 0: offset=1961531, size=4549 bytes
📝 Piece 0: offset=1966080, size=16384 bytes
📝 Piece 0: offset=1982464, size=0 bytes
📝 Piece 0: offset=1982464, size=11809 bytes
📝 Piece 0: offset=1994273, size=4575 bytes
📝 Piece 0: offset=1998848, size=16384 bytes
📝 Piece 0: offset=2015232, size=0 bytes
📝 Piece 0: offset=2015232, size=11783 bytes
📝 Piece 0: offset=2027015, size=4601 bytes
📝 Piece 0: offset=2031616, size=16384 bytes
📝 Piece 0: offset=2048000, size=0 bytes
📝 Piece 0: offset=2048000, size=11757 bytes
📝 Piece 0: offset=2059757, size=4627 bytes
📝 Piece 0: offset=2064384, size=16384 bytes
📝 Piece 0: offset=2080768, size=0 bytes
📝 Piece 0: offset=2080768, size=11731 bytes
📝 Piece 0: offset=2092499, size=4653 bytes
📝 Piece 0: offset=2097152, size=16384 bytes
📝 Piece 0: offset=2113536, size=0 bytes
📝 Piece 0: offset=2113536, size=11705 bytes
📝 Piece 0: offset=2125241, size=4679 bytes
📝 Piece 0: offset=2129920, size=16384 bytes
📝 Piece 0: offset=2146304, size=0 bytes
📝 Piece 0: offset=2146304, size=11679 bytes
📝 Piece 0: offset=2157983, size=4705 bytes
📝 Piece 0: offset=2162688, size=16384 bytes
📝 Piece 0: offset=2179072, size=0 bytes
📝 Piece 0: offset=2179072, size=11653 bytes
📝 Piece 0: offset=2190725, size=4731 bytes
📝 Piece 0: offset=2195456, size=16384 bytes
📝 Piece 0: offset=2211840, size=0 bytes
📝 Piece 0: offset=2211840, size=11627 bytes
📝 Piece 0: offset=2223467, size=4757 bytes
📊 live: 0.00% (0 / 85.0Gi) [down speed: 3.96 MiB/s, eta: 6h 6m, up speed: 0.00 MiB/s]
.📝 Piece 0: offset=2228224, size=16384 bytes
📝 Piece 0: offset=2244608, size=0 bytes
📝 Piece 0: offset=2244608, size=11601 bytes
📝 Piece 0: offset=2256209, size=4783 bytes
📝 Piece 0: offset=2260992, size=16384 bytes
📝 Piece 0: offset=2277376, size=0 bytes
📝 Piece 0: offset=2277376, size=11575 bytes
📝 Piece 0: offset=2288951, size=4809 bytes
📝 Piece 0: offset=2293760, size=16384 bytes
📝 Piece 0: offset=2310144, size=0 bytes
📝 Piece 0: offset=2310144, size=11549 bytes
📝 Piece 0: offset=2321693, size=4835 bytes
📝 Piece 0: offset=2326528, size=16384 bytes
📝 Piece 0: offset=2342912, size=0 bytes
📝 Piece 0: offset=2342912, size=11523 bytes
📝 Piece 0: offset=2354435, size=4861 bytes
📝 Piece 0: offset=2359296, size=16384 bytes
📝 Piece 0: offset=2375680, size=0 bytes
📝 Piece 0: offset=2375680, size=11497 bytes
📝 Piece 0: offset=2387177, size=4887 bytes
📝 Piece 0: offset=2392064, size=16384 bytes
📝 Piece 0: offset=2408448, size=0 bytes
📝 Piece 0: offset=2408448, size=11471 bytes
📝 Piece 0: offset=2419919, size=4913 bytes
📝 Piece 0: offset=2424832, size=16384 bytes
📝 Piece 0: offset=2441216, size=0 bytes
📝 Piece 0: offset=2441216, size=11445 bytes
📝 Piece 0: offset=2452661, size=4939 bytes
📝 Piece 0: offset=2457600, size=16384 bytes
📝 Piece 0: offset=2473984, size=0 bytes
📝 Piece 0: offset=2473984, size=11419 bytes
📝 Piece 0: offset=2485403, size=4965 bytes
📝 Piece 0: offset=2490368, size=16384 bytes
📝 Piece 0: offset=2506752, size=0 bytes
📝 Piece 0: offset=2506752, size=11393 bytes
📝 Piece 0: offset=2518145, size=4991 bytes
📝 Piece 0: offset=2523136, size=16384 bytes
📝 Piece 0: offset=2539520, size=0 bytes
📝 Piece 0: offset=2539520, size=11367 bytes
📝 Piece 0: offset=2550887, size=5017 bytes
📝 Piece 0: offset=2555904, size=16384 bytes
📝 Piece 0: offset=2572288, size=0 bytes
📝 Piece 0: offset=2572288, size=11341 bytes
📝 Piece 0: offset=2583629, size=5043 bytes
📝 Piece 0: offset=2588672, size=16384 bytes
📝 Piece 0: offset=2605056, size=0 bytes
📝 Piece 0: offset=2605056, size=11315 bytes
📝 Piece 0: offset=2616371, size=5069 bytes
📝 Piece 0: offset=2621440, size=16384 bytes
📝 Piece 0: offset=2637824, size=0 bytes
📝 Piece 0: offset=2637824, size=11289 bytes
📝 Piece 0: offset=2649113, size=5095 bytes
📝 Piece 0: offset=2654208, size=16384 bytes
📝 Piece 0: offset=2670592, size=0 bytes
📝 Piece 0: offset=2670592, size=11263 bytes
📝 Piece 0: offset=2681855, size=5121 bytes
📝 Piece 0: offset=2686976, size=16384 bytes
📝 Piece 0: offset=2703360, size=0 bytes
📝 Piece 0: offset=2703360, size=11237 bytes
📝 Piece 0: offset=2714597, size=5147 bytes
📝 Piece 0: offset=2719744, size=16384 bytes
📝 Piece 0: offset=2736128, size=0 bytes
📝 Piece 0: offset=2736128, size=11211 bytes
📝 Piece 0: offset=2747339, size=5173 bytes
📝 Piece 0: offset=2752512, size=16384 bytes
📝 Piece 0: offset=2768896, size=0 bytes
📝 Piece 0: offset=2768896, size=11185 bytes
📝 Piece 0: offset=2780081, size=5199 bytes
📝 Piece 0: offset=2785280, size=16384 bytes
📝 Piece 0: offset=2801664, size=0 bytes
📝 Piece 0: offset=2801664, size=11159 bytes
📝 Piece 0: offset=2812823, size=5225 bytes
📝 Piece 0: offset=2818048, size=16384 bytes
📝 Piece 0: offset=2834432, size=0 bytes
📝 Piece 0: offset=2834432, size=11133 bytes
📝 Piece 0: offset=2845565, size=5251 bytes
📝 Piece 0: offset=2850816, size=16384 bytes
📝 Piece 0: offset=2867200, size=0 bytes
📝 Piece 0: offset=2867200, size=11107 bytes
📝 Piece 0: offset=2878307, size=5277 bytes
📝 Piece 0: offset=2883584, size=16384 bytes
📝 Piece 0: offset=2899968, size=0 bytes
📝 Piece 0: offset=2899968, size=11081 bytes
📝 Piece 0: offset=2911049, size=5303 bytes
📝 Piece 0: offset=2916352, size=16384 bytes
📝 Piece 0: offset=2932736, size=0 bytes
📝 Piece 0: offset=2932736, size=11055 bytes
📝 Piece 0: offset=2943791, size=5329 bytes
📝 Piece 0: offset=2949120, size=16384 bytes
📝 Piece 0: offset=2965504, size=0 bytes
📝 Piece 0: offset=2965504, size=11029 bytes
📝 Piece 0: offset=2976533, size=5355 bytes
📝 Piece 0: offset=2981888, size=16384 bytes
📝 Piece 0: offset=2998272, size=0 bytes
📝 Piece 0: offset=2998272, size=11003 bytes
📝 Piece 0: offset=3009275, size=5381 bytes
📝 Piece 0: offset=3014656, size=16384 bytes
📝 Piece 0: offset=3031040, size=0 bytes
📝 Piece 0: offset=3031040, size=10977 bytes
📝 Piece 0: offset=3042017, size=5407 bytes
📝 Piece 0: offset=3047424, size=16384 bytes
📝 Piece 0: offset=3063808, size=0 bytes
📝 Piece 0: offset=3063808, size=10951 bytes
📝 Piece 0: offset=3074759, size=5433 bytes
📝 Piece 0: offset=3080192, size=16384 bytes
📝 Piece 0: offset=3096576, size=0 bytes
📝 Piece 0: offset=3096576, size=10925 bytes
📝 Piece 0: offset=3107501, size=5459 bytes
📝 Piece 0: offset=3112960, size=16384 bytes
📝 Piece 0: offset=3129344, size=0 bytes
📝 Piece 0: offset=3129344, size=10899 bytes
📝 Piece 0: offset=3140243, size=5485 bytes
📝 Piece 0: offset=3145728, size=16384 bytes
📝 Piece 0: offset=3162112, size=0 bytes
📝 Piece 0: offset=3162112, size=10873 bytes
📝 Piece 0: offset=3172985, size=5511 bytes
📝 Piece 0: offset=3178496, size=16384 bytes
📝 Piece 0: offset=3194880, size=0 bytes
📝 Piece 0: offset=3194880, size=10847 bytes
📝 Piece 0: offset=3205727, size=5537 bytes
📝 Piece 0: offset=3211264, size=16384 bytes
📝 Piece 0: offset=3227648, size=0 bytes
📝 Piece 0: offset=3227648, size=10821 bytes
📝 Piece 0: offset=3238469, size=5563 bytes
📝 Piece 0: offset=3244032, size=16384 bytes
📝 Piece 0: offset=3260416, size=0 bytes
📝 Piece 0: offset=3260416, size=10795 bytes
📝 Piece 0: offset=3271211, size=5589 bytes
📝 Piece 0: offset=3276800, size=16384 bytes
📝 Piece 0: offset=3293184, size=0 bytes
📝 Piece 0: offset=3293184, size=10769 bytes
📝 Piece 0: offset=3303953, size=5615 bytes
📝 Piece 0: offset=3309568, size=16384 bytes
📝 Piece 0: offset=3325952, size=0 bytes
📝 Piece 0: offset=3325952, size=10743 bytes
📝 Piece 0: offset=3336695, size=5641 bytes
📝 Piece 0: offset=3342336, size=16384 bytes
📝 Piece 0: offset=3358720, size=0 bytes
📝 Piece 0: offset=3358720, size=10717 bytes
📝 Piece 0: offset=3369437, size=5667 bytes
📝 Piece 0: offset=3375104, size=16384 bytes
📝 Piece 0: offset=3391488, size=0 bytes
📝 Piece 0: offset=3391488, size=10691 bytes
📝 Piece 0: offset=3402179, size=5693 bytes
📝 Piece 0: offset=3407872, size=16384 bytes
📝 Piece 0: offset=3424256, size=0 bytes
📝 Piece 0: offset=3424256, size=10665 bytes
📝 Piece 0: offset=3434921, size=5719 bytes
📝 Piece 0: offset=3440640, size=16384 bytes
📝 Piece 0: offset=3457024, size=0 bytes
📝 Piece 0: offset=3457024, size=10639 bytes
📝 Piece 0: offset=3467663, size=5745 bytes
📝 Piece 0: offset=3473408, size=16384 bytes
📝 Piece 0: offset=3489792, size=0 bytes
📝 Piece 0: offset=3489792, size=10613 bytes
📝 Piece 0: offset=3500405, size=5771 bytes
📝 Piece 0: offset=3506176, size=16384 bytes
📝 Piece 0: offset=3522560, size=0 bytes
📝 Piece 0: offset=3522560, size=10587 bytes
📝 Piece 0: offset=3533147, size=5797 bytes
📝 Piece 0: offset=3538944, size=16384 bytes
📝 Piece 0: offset=3555328, size=0 bytes
📝 Piece 0: offset=3555328, size=10561 bytes
📝 Piece 0: offset=3565889, size=5823 bytes
📝 Piece 0: offset=3571712, size=16384 bytes
📝 Piece 0: offset=3588096, size=0 bytes
📝 Piece 0: offset=3588096, size=10535 bytes
📝 Piece 0: offset=3598631, size=5849 bytes
📝 Piece 0: offset=3604480, size=16384 bytes
📝 Piece 0: offset=3620864, size=0 bytes
📝 Piece 0: offset=3620864, size=10509 bytes
📝 Piece 0: offset=3631373, size=5875 bytes
📝 Piece 0: offset=3637248, size=16384 bytes
📝 Piece 0: offset=3653632, size=0 bytes
📝 Piece 0: offset=3653632, size=10483 bytes
📝 Piece 0: offset=3664115, size=5901 bytes
📝 Piece 0: offset=3670016, size=16384 bytes
📝 Piece 0: offset=3686400, size=0 bytes
📝 Piece 0: offset=3686400, size=10457 bytes
📝 Piece 0: offset=3696857, size=5927 bytes
📝 Piece 0: offset=3702784, size=16384 bytes
📝 Piece 0: offset=3719168, size=0 bytes
📝 Piece 0: offset=3719168, size=10431 bytes
📝 Piece 0: offset=3729599, size=5953 bytes
📝 Piece 0: offset=3735552, size=16384 bytes
📝 Piece 0: offset=3751936, size=0 bytes
📝 Piece 0: offset=3751936, size=10405 bytes
📝 Piece 0: offset=3762341, size=5979 bytes
📝 Piece 0: offset=3768320, size=16384 bytes
📝 Piece 0: offset=3784704, size=0 bytes
📝 Piece 0: offset=3784704, size=10379 bytes
📝 Piece 0: offset=3795083, size=6005 bytes
📝 Piece 0: offset=3801088, size=16384 bytes
📝 Piece 0: offset=3817472, size=0 bytes
📝 Piece 0: offset=3817472, size=10353 bytes
📝 Piece 0: offset=3827825, size=6031 bytes
📝 Piece 0: offset=3833856, size=16384 bytes
📝 Piece 0: offset=3850240, size=0 bytes
📝 Piece 0: offset=3850240, size=10327 bytes
📝 Piece 0: offset=3860567, size=6057 bytes
📝 Piece 0: offset=3866624, size=16384 bytes
📝 Piece 0: offset=3883008, size=0 bytes
📝 Piece 0: offset=3883008, size=10301 bytes
📝 Piece 0: offset=3893309, size=6083 bytes
📝 Piece 0: offset=3899392, size=16384 bytes
📝 Piece 0: offset=3915776, size=0 bytes
📝 Piece 0: offset=3915776, size=10275 bytes
📝 Piece 0: offset=3926051, size=6109 bytes
📝 Piece 0: offset=3932160, size=16384 bytes
📝 Piece 0: offset=3948544, size=0 bytes
📝 Piece 0: offset=3948544, size=10249 bytes
📝 Piece 0: offset=3958793, size=6135 bytes
📝 Piece 0: offset=3964928, size=16384 bytes
📝 Piece 0: offset=3981312, size=0 bytes
📝 Piece 0: offset=3981312, size=10223 bytes
📝 Piece 0: offset=3991535, size=6161 bytes
📝 Piece 0: offset=3997696, size=16384 bytes
📝 Piece 0: offset=4014080, size=0 bytes
📝 Piece 0: offset=4014080, size=10197 bytes
📝 Piece 0: offset=4024277, size=6187 bytes
📝 Piece 0: offset=4030464, size=16384 bytes
📝 Piece 0: offset=4046848, size=0 bytes
📝 Piece 0: offset=4046848, size=10171 bytes
📝 Piece 0: offset=4057019, size=6213 bytes
📝 Piece 0: offset=4063232, size=16384 bytes
📝 Piece 0: offset=4079616, size=0 bytes
📝 Piece 0: offset=4079616, size=10145 bytes
📝 Piece 0: offset=4089761, size=6239 bytes
📝 Piece 0: offset=4096000, size=16384 bytes
📝 Piece 0: offset=4112384, size=0 bytes
📝 Piece 0: offset=4112384, size=10119 bytes
📝 Piece 0: offset=4122503, size=6265 bytes
📝 Piece 0: offset=4128768, size=16384 bytes
📝 Piece 0: offset=4145152, size=0 bytes
📝 Piece 0: offset=4145152, size=10093 bytes
📝 Piece 0: offset=4155245, size=6291 bytes
📝 Piece 0: offset=4161536, size=16384 bytes
📝 Piece 0: offset=4177920, size=0 bytes
📝 Piece 0: offset=4177920, size=10067 bytes
📝 Piece 0: offset=4187987, size=6317 bytes
....📊 live: 0.00% (0 / 85.0Gi) [down speed: 0.00 MiB/s, up speed: 0.00 MiB/s]
.....📊 live: 0.00% (0 / 85.0Gi) [down speed: 0.00 MiB/s, up speed: 0.00 MiB/s]
.....📊 live: 0.00% (0 / 85.0Gi) [down speed: 0.00 MiB/s, up speed: 0.00 MiB/s]
.....📊 live: 0.00% (0 / 85.0Gi) [down speed: 0.00 MiB/s, up speed: 0.00 MiB/s]
.....📊 live: 0.00% (0 / 85.0Gi) [down speed: 0.00 MiB/s, up speed: 0.00 MiB/s]
.....📊 live: 0.00% (0 / 85.0Gi) [down speed: 0.00 MiB/s, up speed: 0.00 MiB/s]
.....📊 live: 0.00% (0 / 85.0Gi) [down speed: 0.00 MiB/s, up speed: 0.00 MiB/s]
.....📊 live: 0.00% (0 / 85.0Gi) [down speed: 0.00 MiB/s, up speed: 0.00 MiB/s]
.....📊 live: 0.00% (0 / 85.0Gi) [down speed: 0.00 MiB/s, up speed: 0.00 MiB/s]
.📝 Piece 0: offset=0, size=16384 bytes
📝 Piece 0: offset=16384, size=0 bytes
📝 Piece 0: offset=16384, size=13357 bytes
📝 Piece 0: offset=29741, size=3027 bytes
📝 Piece 0: offset=32768, size=16384 bytes
📝 Piece 0: offset=49152, size=0 bytes
📝 Piece 0: offset=49152, size=13331 bytes
📝 Piece 0: offset=62483, size=3053 bytes
📝 Piece 0: offset=65536, size=16384 bytes
📝 Piece 0: offset=81920, size=0 bytes
📝 Piece 0: offset=81920, size=13305 bytes
📝 Piece 0: offset=95225, size=3079 bytes
📝 Piece 0: offset=98304, size=16384 bytes
📝 Piece 0: offset=114688, size=0 bytes
📝 Piece 0: offset=114688, size=13279 bytes
📝 Piece 0: offset=127967, size=3105 bytes
📝 Piece 0: offset=131072, size=16384 bytes
📝 Piece 0: offset=147456, size=0 bytes
📝 Piece 0: offset=147456, size=13253 bytes
📝 Piece 0: offset=160709, size=3131 bytes
📝 Piece 0: offset=163840, size=16384 bytes
📝 Piece 0: offset=180224, size=0 bytes
📝 Piece 0: offset=180224, size=13227 bytes
📝 Piece 0: offset=193451, size=3157 bytes
📝 Piece 0: offset=196608, size=16384 bytes
📝 Piece 0: offset=212992, size=0 bytes
📝 Piece 0: offset=212992, size=13201 bytes
📝 Piece 0: offset=226193, size=3183 bytes
📝 Piece 0: offset=229376, size=16384 bytes
📝 Piece 0: offset=245760, size=0 bytes
📝 Piece 0: offset=245760, size=13175 bytes
📝 Piece 0: offset=258935, size=3209 bytes
📝 Piece 0: offset=262144, size=16384 bytes
📝 Piece 0: offset=278528, size=0 bytes
📝 Piece 0: offset=278528, size=13149 bytes
📝 Piece 0: offset=291677, size=3235 bytes
📝 Piece 0: offset=294912, size=16384 bytes
📝 Piece 0: offset=311296, size=0 bytes
📝 Piece 0: offset=311296, size=13123 bytes
📝 Piece 0: offset=324419, size=3261 bytes
📝 Piece 0: offset=327680, size=16384 bytes
📝 Piece 0: offset=344064, size=0 bytes
📝 Piece 0: offset=344064, size=13097 bytes
📝 Piece 0: offset=357161, size=3287 bytes
📝 Piece 0: offset=360448, size=16384 bytes
📝 Piece 0: offset=376832, size=0 bytes
📝 Piece 0: offset=376832, size=13071 bytes
📝 Piece 0: offset=389903, size=3313 bytes
📝 Piece 0: offset=393216, size=16384 bytes
📝 Piece 0: offset=409600, size=0 bytes
📝 Piece 0: offset=409600, size=13045 bytes
📝 Piece 0: offset=422645, size=3339 bytes
📝 Piece 0: offset=425984, size=16384 bytes
📝 Piece 0: offset=442368, size=0 bytes
📝 Piece 0: offset=442368, size=13019 bytes
📝 Piece 0: offset=455387, size=3365 bytes
📝 Piece 0: offset=458752, size=16384 bytes
📝 Piece 0: offset=475136, size=0 bytes
📝 Piece 0: offset=475136, size=12993 bytes
📝 Piece 0: offset=488129, size=3391 bytes
📝 Piece 0: offset=491520, size=16384 bytes
📝 Piece 0: offset=507904, size=0 bytes
📝 Piece 0: offset=507904, size=12967 bytes
📝 Piece 0: offset=520871, size=3417 bytes
📝 Piece 0: offset=524288, size=16384 bytes
📝 Piece 0: offset=540672, size=0 bytes
📝 Piece 0: offset=540672, size=12941 bytes
📝 Piece 0: offset=553613, size=3443 bytes
📝 Piece 0: offset=557056, size=16384 bytes
📝 Piece 0: offset=573440, size=0 bytes
📝 Piece 0: offset=573440, size=12915 bytes
📝 Piece 0: offset=586355, size=3469 bytes
📝 Piece 0: offset=589824, size=16384 bytes
📝 Piece 0: offset=606208, size=0 bytes
📝 Piece 0: offset=606208, size=12889 bytes
📝 Piece 0: offset=619097, size=3495 bytes
📝 Piece 0: offset=622592, size=16384 bytes
📝 Piece 0: offset=638976, size=0 bytes
📝 Piece 0: offset=638976, size=12863 bytes
📝 Piece 0: offset=651839, size=3521 bytes
📝 Piece 0: offset=655360, size=16384 bytes
📝 Piece 0: offset=671744, size=0 bytes
📝 Piece 0: offset=671744, size=12837 bytes
📝 Piece 0: offset=684581, size=3547 bytes
📝 Piece 0: offset=688128, size=16384 bytes
📝 Piece 0: offset=704512, size=0 bytes
📝 Piece 0: offset=704512, size=12811 bytes
📝 Piece 0: offset=717323, size=3573 bytes
📝 Piece 0: offset=720896, size=16384 bytes
📝 Piece 0: offset=737280, size=0 bytes
📝 Piece 0: offset=737280, size=12785 bytes
📝 Piece 0: offset=750065, size=3599 bytes
📝 Piece 0: offset=753664, size=16384 bytes
📝 Piece 0: offset=770048, size=0 bytes
📝 Piece 0: offset=770048, size=12759 bytes
📝 Piece 0: offset=782807, size=3625 bytes
📝 Piece 0: offset=786432, size=16384 bytes
📝 Piece 0: offset=802816, size=0 bytes
📝 Piece 0: offset=802816, size=12733 bytes
📝 Piece 0: offset=815549, size=3651 bytes
📝 Piece 0: offset=819200, size=16384 bytes
📝 Piece 0: offset=835584, size=0 bytes
📝 Piece 0: offset=835584, size=12707 bytes
📝 Piece 0: offset=848291, size=3677 bytes
📝 Piece 0: offset=851968, size=16384 bytes
📝 Piece 0: offset=868352, size=0 bytes
📝 Piece 0: offset=868352, size=12681 bytes
📝 Piece 0: offset=881033, size=3703 bytes
📝 Piece 0: offset=884736, size=16384 bytes
📝 Piece 0: offset=901120, size=0 bytes
📝 Piece 0: offset=901120, size=12655 bytes
📝 Piece 0: offset=913775, size=3729 bytes
📝 Piece 0: offset=917504, size=16384 bytes
📝 Piece 0: offset=933888, size=0 bytes
📝 Piece 0: offset=933888, size=12629 bytes
📝 Piece 0: offset=946517, size=3755 bytes
📝 Piece 0: offset=950272, size=16384 bytes
📝 Piece 0: offset=966656, size=0 bytes
📝 Piece 0: offset=966656, size=12530 bytes
📝 Piece 0: offset=979186, size=3854 bytes
📝 Piece 0: offset=983040, size=16384 bytes
📝 Piece 0: offset=999424, size=0 bytes
📝 Piece 0: offset=999424, size=12504 bytes
📝 Piece 0: offset=1011928, size=3880 bytes
📝 Piece 0: offset=1015808, size=16384 bytes
📝 Piece 0: offset=1032192, size=0 bytes
📝 Piece 0: offset=1032192, size=12478 bytes
📝 Piece 0: offset=1044670, size=3906 bytes
📝 Piece 0: offset=1048576, size=16384 bytes
📝 Piece 0: offset=1064960, size=0 bytes
📝 Piece 0: offset=1064960, size=12452 bytes
📝 Piece 0: offset=1077412, size=3932 bytes
📝 Piece 0: offset=1081344, size=16384 bytes
📝 Piece 0: offset=1097728, size=0 bytes
📝 Piece 0: offset=1097728, size=12426 bytes
📝 Piece 0: offset=1110154, size=3958 bytes
📝 Piece 0: offset=1114112, size=16384 bytes
📝 Piece 0: offset=1130496, size=0 bytes
📝 Piece 0: offset=1130496, size=12400 bytes
📝 Piece 0: offset=1142896, size=3984 bytes
📝 Piece 0: offset=1146880, size=16384 bytes
📝 Piece 0: offset=1163264, size=0 bytes
📝 Piece 0: offset=1163264, size=12374 bytes
📝 Piece 0: offset=1175638, size=4010 bytes
📝 Piece 0: offset=1179648, size=16384 bytes
📝 Piece 0: offset=1196032, size=0 bytes
📝 Piece 0: offset=1196032, size=12348 bytes
📝 Piece 0: offset=1208380, size=4036 bytes
📝 Piece 0: offset=1212416, size=16384 bytes
📝 Piece 0: offset=1228800, size=0 bytes
📝 Piece 0: offset=1228800, size=12322 bytes
📝 Piece 0: offset=1241122, size=4062 bytes
📝 Piece 0: offset=1245184, size=16384 bytes
📝 Piece 0: offset=1261568, size=0 bytes
📝 Piece 0: offset=1261568, size=12296 bytes
📝 Piece 0: offset=1273864, size=4088 bytes
📝 Piece 0: offset=1277952, size=16384 bytes
📝 Piece 0: offset=1294336, size=0 bytes
📝 Piece 0: offset=1294336, size=12270 bytes
📝 Piece 0: offset=1306606, size=4114 bytes
📝 Piece 0: offset=1310720, size=16384 bytes
📝 Piece 0: offset=1327104, size=0 bytes
📝 Piece 0: offset=1327104, size=12244 bytes
📝 Piece 0: offset=1339348, size=4140 bytes
📝 Piece 0: offset=1343488, size=16384 bytes
📝 Piece 0: offset=1359872, size=0 bytes
📝 Piece 0: offset=1359872, size=12218 bytes
📝 Piece 0: offset=1372090, size=4166 bytes
📝 Piece 0: offset=1376256, size=16384 bytes
📝 Piece 0: offset=1392640, size=0 bytes
📝 Piece 0: offset=1392640, size=12192 bytes
📝 Piece 0: offset=1404832, size=4192 bytes
📝 Piece 0: offset=1409024, size=16384 bytes
📝 Piece 0: offset=1425408, size=0 bytes
📝 Piece 0: offset=1425408, size=12166 bytes
📝 Piece 0: offset=1437574, size=4218 bytes
📝 Piece 0: offset=1441792, size=16384 bytes
📝 Piece 0: offset=1458176, size=0 bytes
📝 Piece 0: offset=1458176, size=12140 bytes
📝 Piece 0: offset=1470316, size=4244 bytes
📝 Piece 0: offset=1474560, size=16384 bytes
📝 Piece 0: offset=1490944, size=0 bytes
📝 Piece 0: offset=1490944, size=12114 bytes
📝 Piece 0: offset=1503058, size=4270 bytes
📝 Piece 0: offset=1507328, size=16384 bytes
📝 Piece 0: offset=1523712, size=0 bytes
📝 Piece 0: offset=1523712, size=12088 bytes
📝 Piece 0: offset=1535800, size=4296 bytes
📝 Piece 0: offset=1540096, size=16384 bytes
📝 Piece 0: offset=1556480, size=0 bytes
📝 Piece 0: offset=1556480, size=12062 bytes
📝 Piece 0: offset=1568542, size=4322 bytes
📝 Piece 0: offset=1572864, size=16384 bytes
📝 Piece 0: offset=1589248, size=0 bytes
📝 Piece 0: offset=1589248, size=12036 bytes
📝 Piece 0: offset=1601284, size=4348 bytes
📝 Piece 0: offset=1605632, size=16384 bytes
📝 Piece 0: offset=1622016, size=0 bytes
📝 Piece 0: offset=1622016, size=12010 bytes
📝 Piece 0: offset=1634026, size=4374 bytes
📝 Piece 0: offset=1638400, size=16384 bytes
📝 Piece 0: offset=1654784, size=0 bytes
📝 Piece 0: offset=1654784, size=11984 bytes
📝 Piece 0: offset=1666768, size=4400 bytes
📝 Piece 0: offset=1671168, size=16384 bytes
📝 Piece 0: offset=1687552, size=0 bytes
📝 Piece 0: offset=1687552, size=11958 bytes
📝 Piece 0: offset=1699510, size=4426 bytes
📝 Piece 0: offset=1703936, size=16384 bytes
📝 Piece 0: offset=1720320, size=0 bytes
📝 Piece 0: offset=1720320, size=11932 bytes
📝 Piece 0: offset=1732252, size=4452 bytes
📝 Piece 0: offset=1736704, size=16384 bytes
📝 Piece 0: offset=1753088, size=0 bytes
📝 Piece 0: offset=1753088, size=11906 bytes
📝 Piece 0: offset=1764994, size=4478 bytes
📝 Piece 0: offset=1769472, size=16384 bytes
📝 Piece 0: offset=1785856, size=0 bytes
📝 Piece 0: offset=1785856, size=11880 bytes
📝 Piece 0: offset=1797736, size=4504 bytes
📝 Piece 0: offset=1802240, size=16384 bytes
📝 Piece 0: offset=1818624, size=0 bytes
📝 Piece 0: offset=1818624, size=11854 bytes
📝 Piece 0: offset=1830478, size=4530 bytes
📝 Piece 0: offset=1835008, size=16384 bytes
📝 Piece 0: offset=1851392, size=0 bytes
📝 Piece 0: offset=1851392, size=11828 bytes
📝 Piece 0: offset=1863220, size=4556 bytes
📝 Piece 0: offset=1867776, size=16384 bytes
📝 Piece 0: offset=1884160, size=0 bytes
📝 Piece 0: offset=1884160, size=11802 bytes
📝 Piece 0: offset=1895962, size=4582 bytes
📝 Piece 0: offset=1900544, size=16384 bytes
📝 Piece 0: offset=1916928, size=0 bytes
📝 Piece 0: offset=1916928, size=11776 bytes
📝 Piece 0: offset=1928704, size=4608 bytes
📝 Piece 0: offset=1933312, size=16384 bytes
📝 Piece 0: offset=1949696, size=0 bytes
📝 Piece 0: offset=1949696, size=11750 bytes
📝 Piece 0: offset=1961446, size=4634 bytes
📝 Piece 0: offset=1966080, size=16384 bytes
📝 Piece 0: offset=1982464, size=0 bytes
📝 Piece 0: offset=1982464, size=11724 bytes
📝 Piece 0: offset=1994188, size=4660 bytes
📝 Piece 0: offset=1998848, size=16384 bytes
📝 Piece 0: offset=2015232, size=0 bytes
📝 Piece 0: offset=2015232, size=11698 bytes
📝 Piece 0: offset=2026930, size=4686 bytes
📝 Piece 0: offset=2031616, size=16384 bytes
📝 Piece 0: offset=2048000, size=0 bytes
📝 Piece 0: offset=2048000, size=11672 bytes
📝 Piece 0: offset=2059672, size=4712 bytes
📝 Piece 0: offset=2064384, size=16384 bytes
📝 Piece 0: offset=2080768, size=0 bytes
📝 Piece 0: offset=2080768, size=11646 bytes
📝 Piece 0: offset=2092414, size=4738 bytes
📝 Piece 0: offset=2097152, size=16384 bytes
📝 Piece 0: offset=2113536, size=0 bytes
📝 Piece 0: offset=2113536, size=11620 bytes
📝 Piece 0: offset=2125156, size=4764 bytes
📝 Piece 0: offset=2129920, size=16384 bytes
📝 Piece 0: offset=2146304, size=0 bytes
📝 Piece 0: offset=2146304, size=11594 bytes
📝 Piece 0: offset=2157898, size=4790 bytes
📝 Piece 0: offset=2162688, size=16384 bytes
📝 Piece 0: offset=2179072, size=0 bytes
📝 Piece 0: offset=2179072, size=11568 bytes
📝 Piece 0: offset=2190640, size=4816 bytes
📝 Piece 0: offset=2195456, size=16384 bytes
📝 Piece 0: offset=2211840, size=0 bytes
📝 Piece 0: offset=2211840, size=11542 bytes
📝 Piece 0: offset=2223382, size=4842 bytes
📝 Piece 0: offset=2228224, size=16384 bytes
📝 Piece 0: offset=2244608, size=0 bytes
📝 Piece 0: offset=2244608, size=11516 bytes
📝 Piece 0: offset=2256124, size=4868 bytes
📝 Piece 0: offset=2260992, size=16384 bytes
📝 Piece 0: offset=2277376, size=0 bytes
📝 Piece 0: offset=2277376, size=11490 bytes
📝 Piece 0: offset=2288866, size=4894 bytes
📝 Piece 0: offset=2293760, size=16384 bytes
📝 Piece 0: offset=2310144, size=0 bytes
📝 Piece 0: offset=2310144, size=11464 bytes
📝 Piece 0: offset=2321608, size=4920 bytes
📝 Piece 0: offset=2326528, size=16384 bytes
📝 Piece 0: offset=2342912, size=0 bytes
📝 Piece 0: offset=2342912, size=11438 bytes
📝 Piece 0: offset=2354350, size=4946 bytes
📝 Piece 0: offset=2359296, size=16384 bytes
📝 Piece 0: offset=2375680, size=0 bytes
📝 Piece 0: offset=2375680, size=11412 bytes
📝 Piece 0: offset=2387092, size=4972 bytes
📝 Piece 0: offset=2392064, size=16384 bytes
📝 Piece 0: offset=2408448, size=0 bytes
📝 Piece 0: offset=2408448, size=11386 bytes
📝 Piece 0: offset=2419834, size=4998 bytes
📝 Piece 0: offset=2424832, size=16384 bytes
📝 Piece 0: offset=2441216, size=0 bytes
📝 Piece 0: offset=2441216, size=11360 bytes
📝 Piece 0: offset=2452576, size=5024 bytes
📝 Piece 0: offset=2457600, size=16384 bytes
📝 Piece 0: offset=2473984, size=0 bytes
📝 Piece 0: offset=2473984, size=11334 bytes
📝 Piece 0: offset=2485318, size=5050 bytes
📝 Piece 0: offset=2490368, size=16384 bytes
📝 Piece 0: offset=2506752, size=0 bytes
📝 Piece 0: offset=2506752, size=11308 bytes
📝 Piece 0: offset=2518060, size=5076 bytes
📝 Piece 0: offset=2523136, size=16384 bytes
📝 Piece 0: offset=2539520, size=0 bytes
📝 Piece 0: offset=2539520, size=11282 bytes
📝 Piece 0: offset=2550802, size=5102 bytes
📝 Piece 0: offset=2555904, size=16384 bytes
📝 Piece 0: offset=2572288, size=0 bytes
📝 Piece 0: offset=2572288, size=11256 bytes
📝 Piece 0: offset=2583544, size=5128 bytes
📝 Piece 0: offset=2588672, size=16384 bytes
📝 Piece 0: offset=2605056, size=0 bytes
📝 Piece 0: offset=2605056, size=11230 bytes
📝 Piece 0: offset=2616286, size=5154 bytes
📝 Piece 0: offset=2621440, size=16384 bytes
📝 Piece 0: offset=2637824, size=0 bytes
📝 Piece 0: offset=2637824, size=11204 bytes
📝 Piece 0: offset=2649028, size=5180 bytes
📝 Piece 0: offset=2654208, size=16384 bytes
📝 Piece 0: offset=2670592, size=0 bytes
📝 Piece 0: offset=2670592, size=11178 bytes
📝 Piece 0: offset=2681770, size=5206 bytes
📝 Piece 0: offset=2686976, size=16384 bytes
📝 Piece 0: offset=2703360, size=0 bytes
📝 Piece 0: offset=2703360, size=11152 bytes
📝 Piece 0: offset=2714512, size=5232 bytes
📝 Piece 0: offset=2719744, size=16384 bytes
📝 Piece 0: offset=2736128, size=0 bytes
📝 Piece 0: offset=2736128, size=11126 bytes
📝 Piece 0: offset=2747254, size=5258 bytes
📝 Piece 0: offset=2752512, size=16384 bytes
📝 Piece 0: offset=2768896, size=0 bytes
📝 Piece 0: offset=2768896, size=11100 bytes
📝 Piece 0: offset=2779996, size=5284 bytes
📝 Piece 0: offset=2785280, size=16384 bytes
📝 Piece 0: offset=2801664, size=0 bytes
📝 Piece 0: offset=2801664, size=11074 bytes
📝 Piece 0: offset=2812738, size=5310 bytes
📝 Piece 0: offset=2818048, size=16384 bytes
📝 Piece 0: offset=2834432, size=0 bytes
📝 Piece 0: offset=2834432, size=11048 bytes
📝 Piece 0: offset=2845480, size=5336 bytes
📝 Piece 0: offset=2850816, size=16384 bytes
📝 Piece 0: offset=2867200, size=0 bytes
📝 Piece 0: offset=2867200, size=11022 bytes
📝 Piece 0: offset=2878222, size=5362 bytes
📝 Piece 0: offset=2883584, size=16384 bytes
📝 Piece 0: offset=2899968, size=0 bytes
📝 Piece 0: offset=2899968, size=10996 bytes
📝 Piece 0: offset=2910964, size=5388 bytes
📝 Piece 0: offset=2916352, size=16384 bytes
📝 Piece 0: offset=2932736, size=0 bytes
📝 Piece 0: offset=2932736, size=10970 bytes
📝 Piece 0: offset=2943706, size=5414 bytes
📝 Piece 0: offset=2949120, size=16384 bytes
📝 Piece 0: offset=2965504, size=0 bytes
📝 Piece 0: offset=2965504, size=10944 bytes
📝 Piece 0: offset=2976448, size=5440 bytes
📝 Piece 0: offset=2981888, size=16384 bytes
📝 Piece 0: offset=2998272, size=0 bytes
📝 Piece 0: offset=2998272, size=10918 bytes
📝 Piece 0: offset=3009190, size=5466 bytes
📝 Piece 0: offset=3014656, size=16384 bytes
📝 Piece 0: offset=3031040, size=0 bytes
📝 Piece 0: offset=3031040, size=10892 bytes
📝 Piece 0: offset=3041932, size=5492 bytes
📝 Piece 0: offset=3047424, size=16384 bytes
📝 Piece 0: offset=3063808, size=0 bytes
📝 Piece 0: offset=3063808, size=10866 bytes
📝 Piece 0: offset=3074674, size=5518 bytes
📝 Piece 0: offset=3080192, size=16384 bytes
📝 Piece 0: offset=3096576, size=0 bytes
📝 Piece 0: offset=3096576, size=10840 bytes
📝 Piece 0: offset=3107416, size=5544 bytes
📝 Piece 0: offset=3112960, size=16384 bytes
📝 Piece 0: offset=3129344, size=0 bytes
📝 Piece 0: offset=3129344, size=10814 bytes
📝 Piece 0: offset=3140158, size=5570 bytes
📝 Piece 0: offset=3145728, size=16384 bytes
📝 Piece 0: offset=3162112, size=0 bytes
📝 Piece 0: offset=3162112, size=10788 bytes
📝 Piece 0: offset=3172900, size=5596 bytes
📝 Piece 0: offset=3178496, size=16384 bytes
📝 Piece 0: offset=3194880, size=0 bytes
📝 Piece 0: offset=3194880, size=10762 bytes
📝 Piece 0: offset=3205642, size=5622 bytes
📝 Piece 0: offset=3211264, size=16384 bytes
📝 Piece 0: offset=3227648, size=0 bytes
📝 Piece 0: offset=3227648, size=10736 bytes
📝 Piece 0: offset=3238384, size=5648 bytes
📝 Piece 0: offset=3244032, size=16384 bytes
📝 Piece 0: offset=3260416, size=0 bytes
📝 Piece 0: offset=3260416, size=10710 bytes
📝 Piece 0: offset=3271126, size=5674 bytes
📝 Piece 0: offset=3276800, size=16384 bytes
📝 Piece 0: offset=3293184, size=0 bytes
📝 Piece 0: offset=3293184, size=10684 bytes
📝 Piece 0: offset=3303868, size=5700 bytes
📝 Piece 0: offset=3309568, size=16384 bytes
📝 Piece 0: offset=3325952, size=0 bytes
📝 Piece 0: offset=3325952, size=10658 bytes
📝 Piece 0: offset=3336610, size=5726 bytes
📝 Piece 0: offset=3342336, size=16384 bytes
📝 Piece 0: offset=3358720, size=0 bytes
📝 Piece 0: offset=3358720, size=10632 bytes
📝 Piece 0: offset=3369352, size=5752 bytes
📝 Piece 0: offset=3375104, size=16384 bytes
📝 Piece 0: offset=3391488, size=0 bytes
📝 Piece 0: offset=3391488, size=10606 bytes
📝 Piece 0: offset=3402094, size=5778 bytes
📝 Piece 0: offset=3407872, size=16384 bytes
📝 Piece 0: offset=3424256, size=0 bytes
📝 Piece 0: offset=3424256, size=10580 bytes
📝 Piece 0: offset=3434836, size=5804 bytes
📝 Piece 0: offset=3440640, size=16384 bytes
📝 Piece 0: offset=3457024, size=0 bytes
📝 Piece 0: offset=3457024, size=10554 bytes
📝 Piece 0: offset=3467578, size=5830 bytes
📝 Piece 0: offset=3473408, size=16384 bytes
📝 Piece 0: offset=3489792, size=0 bytes
📝 Piece 0: offset=3489792, size=10528 bytes
📝 Piece 0: offset=3500320, size=5856 bytes
📝 Piece 0: offset=3506176, size=16384 bytes
📝 Piece 0: offset=3522560, size=0 bytes
📝 Piece 0: offset=3522560, size=10502 bytes
📝 Piece 0: offset=3533062, size=5882 bytes
📝 Piece 0: offset=3538944, size=16384 bytes
📝 Piece 0: offset=3555328, size=0 bytes
📝 Piece 0: offset=3555328, size=10476 bytes
📝 Piece 0: offset=3565804, size=5908 bytes
📝 Piece 0: offset=3571712, size=16384 bytes
📝 Piece 0: offset=3588096, size=0 bytes
📝 Piece 0: offset=3588096, size=10450 bytes
📝 Piece 0: offset=3598546, size=5934 bytes
📝 Piece 0: offset=3604480, size=16384 bytes
📝 Piece 0: offset=3620864, size=0 bytes
📝 Piece 0: offset=3620864, size=10424 bytes
📝 Piece 0: offset=3631288, size=5960 bytes
📝 Piece 0: offset=3637248, size=16384 bytes
📝 Piece 0: offset=3653632, size=0 bytes
📝 Piece 0: offset=3653632, size=10398 bytes
📝 Piece 0: offset=3664030, size=5986 bytes
📝 Piece 0: offset=3670016, size=16384 bytes
📝 Piece 0: offset=3686400, size=0 bytes
📝 Piece 0: offset=3686400, size=10372 bytes
📝 Piece 0: offset=3696772, size=6012 bytes
📝 Piece 0: offset=3702784, size=16384 bytes
📝 Piece 0: offset=3719168, size=0 bytes
📝 Piece 0: offset=3719168, size=10346 bytes
📝 Piece 0: offset=3729514, size=6038 bytes
📝 Piece 0: offset=3735552, size=16384 bytes
📝 Piece 0: offset=3751936, size=0 bytes
📝 Piece 0: offset=3751936, size=10320 bytes
📝 Piece 0: offset=3762256, size=6064 bytes
📝 Piece 0: offset=3768320, size=16384 bytes
📝 Piece 0: offset=3784704, size=0 bytes
📝 Piece 0: offset=3784704, size=10294 bytes
📝 Piece 0: offset=3794998, size=6090 bytes
📝 Piece 0: offset=3801088, size=16384 bytes
📝 Piece 0: offset=3817472, size=0 bytes
📝 Piece 0: offset=3817472, size=10268 bytes
📝 Piece 0: offset=3827740, size=6116 bytes
📝 Piece 0: offset=3833856, size=16384 bytes
📝 Piece 0: offset=3850240, size=0 bytes
📝 Piece 0: offset=3850240, size=10242 bytes
📝 Piece 0: offset=3860482, size=6142 bytes
📝 Piece 0: offset=3866624, size=16384 bytes
📝 Piece 0: offset=3883008, size=0 bytes
📝 Piece 0: offset=3883008, size=10216 bytes
📝 Piece 0: offset=3893224, size=6168 bytes
📝 Piece 0: offset=3899392, size=16384 bytes
📝 Piece 0: offset=3915776, size=0 bytes
📝 Piece 0: offset=3915776, size=10190 bytes
📝 Piece 0: offset=3925966, size=6194 bytes
📝 Piece 0: offset=3932160, size=16384 bytes
📝 Piece 0: offset=3948544, size=0 bytes
📝 Piece 0: offset=3948544, size=10164 bytes
📝 Piece 0: offset=3958708, size=6220 bytes
📝 Piece 0: offset=3964928, size=16384 bytes
📝 Piece 0: offset=3981312, size=0 bytes
📝 Piece 0: offset=3981312, size=10138 bytes
📝 Piece 0: offset=3991450, size=6246 bytes
📝 Piece 0: offset=3997696, size=16384 bytes
📝 Piece 0: offset=4014080, size=0 bytes
📝 Piece 0: offset=4014080, size=10112 bytes
📝 Piece 0: offset=4024192, size=6272 bytes
📝 Piece 0: offset=4030464, size=16384 bytes
📝 Piece 0: offset=4046848, size=0 bytes
📝 Piece 0: offset=4046848, size=10086 bytes
📝 Piece 0: offset=4056934, size=6298 bytes
📝 Piece 0: offset=4063232, size=16384 bytes
📝 Piece 0: offset=4079616, size=0 bytes
📝 Piece 0: offset=4079616, size=10060 bytes
📝 Piece 0: offset=4089676, size=6324 bytes
📝 Piece 0: offset=4096000, size=16384 bytes
📝 Piece 0: offset=4112384, size=0 bytes
📝 Piece 0: offset=4112384, size=10034 bytes
📝 Piece 0: offset=4122418, size=6350 bytes
📝 Piece 0: offset=4128768, size=16384 bytes
📝 Piece 0: offset=4145152, size=0 bytes
📝 Piece 0: offset=4145152, size=10008 bytes
📝 Piece 0: offset=4155160, size=6376 bytes
📝 Piece 0: offset=4161536, size=16384 bytes
📝 Piece 0: offset=4177920, size=0 bytes
📝 Piece 0: offset=4177920, size=9982 bytes
📝 Piece 0: offset=4187902, size=6402 bytes
....📝 Piece 0: offset=0, size=16384 bytes
📝 Piece 0: offset=16384, size=0 bytes
📝 Piece 0: offset=16384, size=13444 bytes
📝 Piece 0: offset=29828, size=2940 bytes
📝 Piece 0: offset=32768, size=16384 bytes
📝 Piece 0: offset=49152, size=0 bytes
📝 Piece 0: offset=49152, size=13418 bytes
📝 Piece 0: offset=62570, size=2966 bytes
📝 Piece 0: offset=65536, size=16384 bytes
📝 Piece 0: offset=81920, size=0 bytes
📝 Piece 0: offset=81920, size=13392 bytes
📝 Piece 0: offset=95312, size=2992 bytes
📝 Piece 0: offset=98304, size=16384 bytes
📝 Piece 0: offset=114688, size=0 bytes
📝 Piece 0: offset=114688, size=13366 bytes
📝 Piece 0: offset=128054, size=3018 bytes
📝 Piece 0: offset=131072, size=16384 bytes
📝 Piece 0: offset=147456, size=0 bytes
📝 Piece 0: offset=147456, size=13340 bytes
📝 Piece 0: offset=160796, size=3044 bytes
📝 Piece 0: offset=163840, size=16384 bytes
📝 Piece 0: offset=180224, size=0 bytes
📝 Piece 0: offset=180224, size=13314 bytes
📝 Piece 0: offset=193538, size=3070 bytes
📊 live: 0.00% (0 / 85.0Gi) [down speed: 0.18 MiB/s, eta: 130h 52m, up speed: 0.00 MiB/s]
.📝 Piece 0: offset=196608, size=16384 bytes
📝 Piece 0: offset=212992, size=0 bytes
📝 Piece 0: offset=212992, size=13288 bytes
📝 Piece 0: offset=226280, size=3096 bytes
📝 Piece 0: offset=229376, size=16384 bytes
📝 Piece 0: offset=245760, size=0 bytes
📝 Piece 0: offset=245760, size=13262 bytes
📝 Piece 0: offset=259022, size=3122 bytes
📝 Piece 0: offset=262144, size=16384 bytes
📝 Piece 0: offset=278528, size=0 bytes
📝 Piece 0: offset=278528, size=13236 bytes
📝 Piece 0: offset=291764, size=3148 bytes
📝 Piece 0: offset=294912, size=16384 bytes
📝 Piece 0: offset=311296, size=0 bytes
📝 Piece 0: offset=311296, size=13210 bytes
📝 Piece 0: offset=324506, size=3174 bytes
📝 Piece 0: offset=327680, size=16384 bytes
📝 Piece 0: offset=344064, size=0 bytes
📝 Piece 0: offset=344064, size=13184 bytes
📝 Piece 0: offset=357248, size=3200 bytes
📝 Piece 0: offset=360448, size=16384 bytes
📝 Piece 0: offset=376832, size=0 bytes
📝 Piece 0: offset=376832, size=13158 bytes
📝 Piece 0: offset=389990, size=3226 bytes
📝 Piece 0: offset=393216, size=16384 bytes
📝 Piece 0: offset=409600, size=0 bytes
📝 Piece 0: offset=409600, size=13132 bytes
📝 Piece 0: offset=422732, size=3252 bytes
📝 Piece 0: offset=425984, size=16384 bytes
📝 Piece 0: offset=442368, size=0 bytes
📝 Piece 0: offset=442368, size=13106 bytes
📝 Piece 0: offset=455474, size=3278 bytes
📝 Piece 0: offset=458752, size=16384 bytes
📝 Piece 0: offset=475136, size=0 bytes
📝 Piece 0: offset=475136, size=13080 bytes
📝 Piece 0: offset=488216, size=3304 bytes
📝 Piece 0: offset=491520, size=16384 bytes
📝 Piece 0: offset=507904, size=0 bytes
📝 Piece 0: offset=507904, size=13054 bytes
📝 Piece 0: offset=520958, size=3330 bytes
📝 Piece 0: offset=524288, size=16384 bytes
📝 Piece 0: offset=540672, size=0 bytes
📝 Piece 0: offset=540672, size=13028 bytes
📝 Piece 0: offset=553700, size=3356 bytes
📝 Piece 0: offset=557056, size=16384 bytes
📝 Piece 0: offset=573440, size=0 bytes
📝 Piece 0: offset=573440, size=13002 bytes
📝 Piece 0: offset=586442, size=3382 bytes
📝 Piece 0: offset=589824, size=16384 bytes
📝 Piece 0: offset=606208, size=0 bytes
📝 Piece 0: offset=606208, size=12976 bytes
📝 Piece 0: offset=619184, size=3408 bytes
📝 Piece 0: offset=622592, size=16384 bytes
📝 Piece 0: offset=638976, size=0 bytes
📝 Piece 0: offset=638976, size=12950 bytes
📝 Piece 0: offset=651926, size=3434 bytes
📝 Piece 0: offset=655360, size=16384 bytes
📝 Piece 0: offset=671744, size=0 bytes
📝 Piece 0: offset=671744, size=12924 bytes
📝 Piece 0: offset=684668, size=3460 bytes
📝 Piece 0: offset=688128, size=16384 bytes
📝 Piece 0: offset=704512, size=0 bytes
📝 Piece 0: offset=704512, size=12898 bytes
📝 Piece 0: offset=717410, size=3486 bytes
📝 Piece 0: offset=720896, size=16384 bytes
📝 Piece 0: offset=737280, size=0 bytes
📝 Piece 0: offset=737280, size=12872 bytes
📝 Piece 0: offset=750152, size=3512 bytes
📝 Piece 0: offset=753664, size=16384 bytes
📝 Piece 0: offset=770048, size=0 bytes
📝 Piece 0: offset=770048, size=12846 bytes
📝 Piece 0: offset=782894, size=3538 bytes
📝 Piece 0: offset=786432, size=16384 bytes
📝 Piece 0: offset=802816, size=0 bytes
📝 Piece 0: offset=802816, size=12820 bytes
📝 Piece 0: offset=815636, size=3564 bytes
📝 Piece 0: offset=819200, size=16384 bytes
📝 Piece 0: offset=835584, size=0 bytes
📝 Piece 0: offset=835584, size=12794 bytes
📝 Piece 0: offset=848378, size=3590 bytes
📝 Piece 0: offset=851968, size=16384 bytes
📝 Piece 0: offset=868352, size=0 bytes
📝 Piece 0: offset=868352, size=12768 bytes
📝 Piece 0: offset=881120, size=3616 bytes
📝 Piece 0: offset=884736, size=16384 bytes
📝 Piece 0: offset=901120, size=0 bytes
📝 Piece 0: offset=901120, size=12742 bytes
📝 Piece 0: offset=913862, size=3642 bytes
📝 Piece 0: offset=917504, size=16384 bytes
📝 Piece 0: offset=933888, size=0 bytes
📝 Piece 0: offset=933888, size=12716 bytes
📝 Piece 0: offset=946604, size=3668 bytes
📝 Piece 0: offset=950272, size=16384 bytes
📝 Piece 0: offset=966656, size=0 bytes
📝 Piece 0: offset=966656, size=12690 bytes
📝 Piece 0: offset=979346, size=3694 bytes
📝 Piece 0: offset=983040, size=16384 bytes
📝 Piece 0: offset=999424, size=0 bytes
📝 Piece 0: offset=999424, size=12664 bytes
📝 Piece 0: offset=1012088, size=3720 bytes
📝 Piece 0: offset=1015808, size=16384 bytes
📝 Piece 0: offset=1032192, size=0 bytes
📝 Piece 0: offset=1032192, size=12638 bytes
📝 Piece 0: offset=1044830, size=3746 bytes
📝 Piece 0: offset=1048576, size=16384 bytes
📝 Piece 0: offset=1064960, size=0 bytes
📝 Piece 0: offset=1064960, size=12612 bytes
📝 Piece 0: offset=1077572, size=3772 bytes
📝 Piece 0: offset=1081344, size=16384 bytes
📝 Piece 0: offset=1097728, size=0 bytes
📝 Piece 0: offset=1097728, size=12586 bytes
📝 Piece 0: offset=1110314, size=3798 bytes
📝 Piece 0: offset=1114112, size=16384 bytes
📝 Piece 0: offset=1130496, size=0 bytes
📝 Piece 0: offset=1130496, size=12560 bytes
📝 Piece 0: offset=1143056, size=3824 bytes
📝 Piece 0: offset=1146880, size=16384 bytes
📝 Piece 0: offset=1163264, size=0 bytes
📝 Piece 0: offset=1163264, size=12534 bytes
📝 Piece 0: offset=1175798, size=3850 bytes
📝 Piece 0: offset=1179648, size=16384 bytes
📝 Piece 0: offset=1196032, size=0 bytes
📝 Piece 0: offset=1196032, size=12508 bytes
📝 Piece 0: offset=1208540, size=3876 bytes
📝 Piece 0: offset=1212416, size=16384 bytes
📝 Piece 0: offset=1228800, size=0 bytes
📝 Piece 0: offset=1228800, size=12482 bytes
📝 Piece 0: offset=1241282, size=3902 bytes
📝 Piece 0: offset=1245184, size=16384 bytes
📝 Piece 0: offset=1261568, size=0 bytes
📝 Piece 0: offset=1261568, size=12456 bytes
📝 Piece 0: offset=1274024, size=3928 bytes
📝 Piece 0: offset=1277952, size=16384 bytes
📝 Piece 0: offset=1294336, size=0 bytes
📝 Piece 0: offset=1294336, size=12430 bytes
📝 Piece 0: offset=1306766, size=3954 bytes
📝 Piece 0: offset=1310720, size=16384 bytes
📝 Piece 0: offset=1327104, size=0 bytes
📝 Piece 0: offset=1327104, size=12404 bytes
📝 Piece 0: offset=1339508, size=3980 bytes
📝 Piece 0: offset=1343488, size=16384 bytes
📝 Piece 0: offset=1359872, size=0 bytes
📝 Piece 0: offset=1359872, size=12378 bytes
📝 Piece 0: offset=1372250, size=4006 bytes
📝 Piece 0: offset=1376256, size=16384 bytes
📝 Piece 0: offset=1392640, size=0 bytes
📝 Piece 0: offset=1392640, size=12352 bytes
📝 Piece 0: offset=1404992, size=4032 bytes
📝 Piece 0: offset=1409024, size=16384 bytes
📝 Piece 0: offset=1425408, size=0 bytes
📝 Piece 0: offset=1425408, size=12326 bytes
📝 Piece 0: offset=1437734, size=4058 bytes
📝 Piece 0: offset=1441792, size=16384 bytes
📝 Piece 0: offset=1458176, size=0 bytes
📝 Piece 0: offset=1458176, size=12300 bytes
📝 Piece 0: offset=1470476, size=4084 bytes
📝 Piece 0: offset=1474560, size=16384 bytes
📝 Piece 0: offset=1490944, size=0 bytes
📝 Piece 0: offset=1490944, size=12274 bytes
📝 Piece 0: offset=1503218, size=4110 bytes
📝 Piece 0: offset=1507328, size=16384 bytes
📝 Piece 0: offset=1523712, size=0 bytes
📝 Piece 0: offset=1523712, size=12248 bytes
📝 Piece 0: offset=1535960, size=4136 bytes
📝 Piece 0: offset=1540096, size=16384 bytes
📝 Piece 0: offset=1556480, size=0 bytes
📝 Piece 0: offset=1556480, size=12222 bytes
📝 Piece 0: offset=1568702, size=4162 bytes
📝 Piece 0: offset=1572864, size=16384 bytes
📝 Piece 0: offset=1589248, size=0 bytes
📝 Piece 0: offset=1589248, size=12196 bytes
📝 Piece 0: offset=1601444, size=4188 bytes
📝 Piece 0: offset=1605632, size=16384 bytes
📝 Piece 0: offset=1622016, size=0 bytes
📝 Piece 0: offset=1622016, size=12170 bytes
📝 Piece 0: offset=1634186, size=4214 bytes
📝 Piece 0: offset=1638400, size=16384 bytes
📝 Piece 0: offset=1654784, size=0 bytes
📝 Piece 0: offset=1654784, size=12144 bytes
📝 Piece 0: offset=1666928, size=4240 bytes
📝 Piece 0: offset=1671168, size=16384 bytes
📝 Piece 0: offset=1687552, size=0 bytes
📝 Piece 0: offset=1687552, size=12118 bytes
📝 Piece 0: offset=1699670, size=4266 bytes
📝 Piece 0: offset=1703936, size=16384 bytes
📝 Piece 0: offset=1720320, size=0 bytes
📝 Piece 0: offset=1720320, size=12092 bytes
📝 Piece 0: offset=1732412, size=4292 bytes
📝 Piece 0: offset=1736704, size=16384 bytes
📝 Piece 0: offset=1753088, size=0 bytes
📝 Piece 0: offset=1753088, size=12066 bytes
📝 Piece 0: offset=1765154, size=4318 bytes
📝 Piece 0: offset=1769472, size=16384 bytes
📝 Piece 0: offset=1785856, size=0 bytes
📝 Piece 0: offset=1785856, size=12040 bytes
📝 Piece 0: offset=1797896, size=4344 bytes
📝 Piece 0: offset=1802240, size=16384 bytes
📝 Piece 0: offset=1818624, size=0 bytes
📝 Piece 0: offset=1818624, size=12014 bytes
📝 Piece 0: offset=1830638, size=4370 bytes
📝 Piece 0: offset=1835008, size=16384 bytes
📝 Piece 0: offset=1851392, size=0 bytes
📝 Piece 0: offset=1851392, size=11988 bytes
📝 Piece 0: offset=1863380, size=4396 bytes
📝 Piece 0: offset=1867776, size=16384 bytes
📝 Piece 0: offset=1884160, size=0 bytes
📝 Piece 0: offset=1884160, size=11962 bytes
📝 Piece 0: offset=1896122, size=4422 bytes
📝 Piece 0: offset=1900544, size=16384 bytes
📝 Piece 0: offset=1916928, size=0 bytes
📝 Piece 0: offset=1916928, size=11936 bytes
📝 Piece 0: offset=1928864, size=4448 bytes
📝 Piece 0: offset=1933312, size=16384 bytes
📝 Piece 0: offset=1949696, size=0 bytes
📝 Piece 0: offset=1949696, size=11910 bytes
📝 Piece 0: offset=1961606, size=4474 bytes
📝 Piece 0: offset=1966080, size=16384 bytes
📝 Piece 0: offset=1982464, size=0 bytes
📝 Piece 0: offset=1982464, size=11884 bytes
📝 Piece 0: offset=1994348, size=4500 bytes
📝 Piece 0: offset=1998848, size=16384 bytes
📝 Piece 0: offset=2015232, size=0 bytes
📝 Piece 0: offset=2015232, size=11858 bytes
📝 Piece 0: offset=2027090, size=4526 bytes
📝 Piece 0: offset=2031616, size=16384 bytes
📝 Piece 0: offset=2048000, size=0 bytes
📝 Piece 0: offset=2048000, size=11832 bytes
📝 Piece 0: offset=2059832, size=4552 bytes
📝 Piece 0: offset=2064384, size=16384 bytes
📝 Piece 0: offset=2080768, size=0 bytes
📝 Piece 0: offset=2080768, size=11806 bytes
📝 Piece 0: offset=2092574, size=4578 bytes
📝 Piece 0: offset=2097152, size=16384 bytes
📝 Piece 0: offset=2113536, size=0 bytes
📝 Piece 0: offset=2113536, size=11780 bytes
📝 Piece 0: offset=2125316, size=4604 bytes
📝 Piece 0: offset=2129920, size=16384 bytes
📝 Piece 0: offset=2146304, size=0 bytes
📝 Piece 0: offset=2146304, size=11754 bytes
📝 Piece 0: offset=2158058, size=4630 bytes
📝 Piece 0: offset=2162688, size=16384 bytes
📝 Piece 0: offset=2179072, size=0 bytes
📝 Piece 0: offset=2179072, size=11728 bytes
📝 Piece 0: offset=2190800, size=4656 bytes
📝 Piece 0: offset=2195456, size=16384 bytes
📝 Piece 0: offset=2211840, size=0 bytes
📝 Piece 0: offset=2211840, size=11702 bytes
📝 Piece 0: offset=2223542, size=4682 bytes
📝 Piece 0: offset=2228224, size=16384 bytes
📝 Piece 0: offset=2244608, size=0 bytes
📝 Piece 0: offset=2244608, size=11676 bytes
📝 Piece 0: offset=2256284, size=4708 bytes
📝 Piece 0: offset=2260992, size=16384 bytes
📝 Piece 0: offset=2277376, size=0 bytes
📝 Piece 0: offset=2277376, size=11650 bytes
📝 Piece 0: offset=2289026, size=4734 bytes
📝 Piece 0: offset=2293760, size=16384 bytes
📝 Piece 0: offset=2310144, size=0 bytes
📝 Piece 0: offset=2310144, size=11624 bytes
📝 Piece 0: offset=2321768, size=4760 bytes
📝 Piece 0: offset=2326528, size=16384 bytes
📝 Piece 0: offset=2342912, size=0 bytes
📝 Piece 0: offset=2342912, size=11598 bytes
📝 Piece 0: offset=2354510, size=4786 bytes
📝 Piece 0: offset=2359296, size=16384 bytes
📝 Piece 0: offset=2375680, size=0 bytes
📝 Piece 0: offset=2375680, size=11572 bytes
📝 Piece 0: offset=2387252, size=4812 bytes
📝 Piece 0: offset=2392064, size=16384 bytes
📝 Piece 0: offset=2408448, size=0 bytes
📝 Piece 0: offset=2408448, size=11546 bytes
📝 Piece 0: offset=2419994, size=4838 bytes
📝 Piece 0: offset=2424832, size=16384 bytes
📝 Piece 0: offset=2441216, size=0 bytes
📝 Piece 0: offset=2441216, size=11520 bytes
📝 Piece 0: offset=2452736, size=4864 bytes
📝 Piece 0: offset=2457600, size=16384 bytes
📝 Piece 0: offset=2473984, size=0 bytes
📝 Piece 0: offset=2473984, size=11494 bytes
📝 Piece 0: offset=2485478, size=4890 bytes
📝 Piece 0: offset=2490368, size=16384 bytes
📝 Piece 0: offset=2506752, size=0 bytes
📝 Piece 0: offset=2506752, size=11468 bytes
📝 Piece 0: offset=2518220, size=4916 bytes
📝 Piece 0: offset=2523136, size=16384 bytes
📝 Piece 0: offset=2539520, size=0 bytes
📝 Piece 0: offset=2539520, size=11442 bytes
📝 Piece 0: offset=2550962, size=4942 bytes
📝 Piece 0: offset=2555904, size=16384 bytes
📝 Piece 0: offset=2572288, size=0 bytes
📝 Piece 0: offset=2572288, size=11416 bytes
📝 Piece 0: offset=2583704, size=4968 bytes
📝 Piece 0: offset=2588672, size=16384 bytes
📝 Piece 0: offset=2605056, size=0 bytes
📝 Piece 0: offset=2605056, size=11390 bytes
📝 Piece 0: offset=2616446, size=4994 bytes
📝 Piece 0: offset=2621440, size=16384 bytes
📝 Piece 0: offset=2637824, size=0 bytes
📝 Piece 0: offset=2637824, size=11364 bytes
📝 Piece 0: offset=2649188, size=5020 bytes
📝 Piece 0: offset=2654208, size=16384 bytes
📝 Piece 0: offset=2670592, size=0 bytes
📝 Piece 0: offset=2670592, size=11338 bytes
📝 Piece 0: offset=2681930, size=5046 bytes
📝 Piece 0: offset=2686976, size=16384 bytes
📝 Piece 0: offset=2703360, size=0 bytes
📝 Piece 0: offset=2703360, size=11312 bytes
📝 Piece 0: offset=2714672, size=5072 bytes
📝 Piece 0: offset=2719744, size=16384 bytes
📝 Piece 0: offset=2736128, size=0 bytes
📝 Piece 0: offset=2736128, size=11286 bytes
📝 Piece 0: offset=2747414, size=5098 bytes
.📝 Piece 0: offset=2752512, size=16384 bytes
📝 Piece 0: offset=2768896, size=0 bytes
📝 Piece 0: offset=2768896, size=11260 bytes
📝 Piece 0: offset=2780156, size=5124 bytes
📝 Piece 0: offset=2785280, size=16384 bytes
📝 Piece 0: offset=2801664, size=0 bytes
📝 Piece 0: offset=2801664, size=11234 bytes
📝 Piece 0: offset=2812898, size=5150 bytes
📝 Piece 0: offset=2818048, size=16384 bytes
📝 Piece 0: offset=2834432, size=0 bytes
📝 Piece 0: offset=2834432, size=11208 bytes
📝 Piece 0: offset=2845640, size=5176 bytes
📝 Piece 0: offset=2850816, size=16384 bytes
📝 Piece 0: offset=2867200, size=0 bytes
📝 Piece 0: offset=2867200, size=11182 bytes
📝 Piece 0: offset=2878382, size=5202 bytes
📝 Piece 0: offset=2883584, size=16384 bytes
📝 Piece 0: offset=2899968, size=0 bytes
📝 Piece 0: offset=2899968, size=11156 bytes
📝 Piece 0: offset=2911124, size=5228 bytes
📝 Piece 0: offset=2916352, size=16384 bytes
📝 Piece 0: offset=2932736, size=0 bytes
📝 Piece 0: offset=2932736, size=11130 bytes
📝 Piece 0: offset=2943866, size=5254 bytes
📝 Piece 0: offset=2949120, size=16384 bytes
📝 Piece 0: offset=2965504, size=0 bytes
📝 Piece 0: offset=2965504, size=11104 bytes
📝 Piece 0: offset=2976608, size=5280 bytes
📝 Piece 0: offset=2981888, size=16384 bytes
📝 Piece 0: offset=2998272, size=0 bytes
📝 Piece 0: offset=2998272, size=11078 bytes
📝 Piece 0: offset=3009350, size=5306 bytes
📝 Piece 0: offset=3014656, size=16384 bytes
📝 Piece 0: offset=3031040, size=0 bytes
📝 Piece 0: offset=3031040, size=11052 bytes
📝 Piece 0: offset=3042092, size=5332 bytes
📝 Piece 0: offset=3047424, size=16384 bytes
📝 Piece 0: offset=3063808, size=0 bytes
📝 Piece 0: offset=3063808, size=11026 bytes
📝 Piece 0: offset=3074834, size=5358 bytes
📝 Piece 0: offset=3080192, size=16384 bytes
📝 Piece 0: offset=3096576, size=0 bytes
📝 Piece 0: offset=3096576, size=11000 bytes
📝 Piece 0: offset=3107576, size=5384 bytes
📝 Piece 0: offset=3112960, size=16384 bytes
📝 Piece 0: offset=3129344, size=0 bytes
📝 Piece 0: offset=3129344, size=10974 bytes
📝 Piece 0: offset=3140318, size=5410 bytes
📝 Piece 0: offset=3145728, size=16384 bytes
📝 Piece 0: offset=3162112, size=0 bytes
📝 Piece 0: offset=3162112, size=10948 bytes
📝 Piece 0: offset=3173060, size=5436 bytes
📝 Piece 0: offset=3178496, size=16384 bytes
📝 Piece 0: offset=3194880, size=0 bytes
📝 Piece 0: offset=3194880, size=10922 bytes
📝 Piece 0: offset=3205802, size=5462 bytes
📝 Piece 0: offset=3211264, size=16384 bytes
📝 Piece 0: offset=3227648, size=0 bytes
📝 Piece 0: offset=3227648, size=10896 bytes
📝 Piece 0: offset=3238544, size=5488 bytes
📝 Piece 0: offset=3244032, size=16384 bytes
📝 Piece 0: offset=3260416, size=0 bytes
📝 Piece 0: offset=3260416, size=10870 bytes
📝 Piece 0: offset=3271286, size=5514 bytes
📝 Piece 0: offset=3276800, size=16384 bytes
📝 Piece 0: offset=3293184, size=0 bytes
📝 Piece 0: offset=3293184, size=10844 bytes
📝 Piece 0: offset=3304028, size=5540 bytes
📝 Piece 0: offset=3309568, size=16384 bytes
📝 Piece 0: offset=3325952, size=0 bytes
📝 Piece 0: offset=3325952, size=10818 bytes
📝 Piece 0: offset=3336770, size=5566 bytes
📝 Piece 0: offset=3342336, size=16384 bytes
📝 Piece 0: offset=3358720, size=0 bytes
📝 Piece 0: offset=3358720, size=10792 bytes
📝 Piece 0: offset=3369512, size=5592 bytes
📝 Piece 0: offset=3375104, size=16384 bytes
📝 Piece 0: offset=3391488, size=0 bytes
📝 Piece 0: offset=3391488, size=10766 bytes
📝 Piece 0: offset=3402254, size=5618 bytes
📝 Piece 0: offset=3407872, size=16384 bytes
📝 Piece 0: offset=3424256, size=0 bytes
📝 Piece 0: offset=3424256, size=10740 bytes
📝 Piece 0: offset=3434996, size=5644 bytes
📝 Piece 0: offset=3440640, size=16384 bytes
📝 Piece 0: offset=3457024, size=0 bytes
📝 Piece 0: offset=3457024, size=10714 bytes
📝 Piece 0: offset=3467738, size=5670 bytes
📝 Piece 0: offset=3473408, size=16384 bytes
📝 Piece 0: offset=3489792, size=0 bytes
📝 Piece 0: offset=3489792, size=10688 bytes
📝 Piece 0: offset=3500480, size=5696 bytes
📝 Piece 0: offset=3506176, size=16384 bytes
📝 Piece 0: offset=3522560, size=0 bytes
📝 Piece 0: offset=3522560, size=10662 bytes
📝 Piece 0: offset=3533222, size=5722 bytes
📝 Piece 0: offset=3538944, size=16384 bytes
📝 Piece 0: offset=3555328, size=0 bytes
📝 Piece 0: offset=3555328, size=10636 bytes
📝 Piece 0: offset=3565964, size=5748 bytes
📝 Piece 0: offset=3571712, size=16384 bytes
📝 Piece 0: offset=3588096, size=0 bytes
📝 Piece 0: offset=3588096, size=10610 bytes
📝 Piece 0: offset=3598706, size=5774 bytes
📝 Piece 0: offset=3604480, size=16384 bytes
📝 Piece 0: offset=3620864, size=0 bytes
📝 Piece 0: offset=3620864, size=10584 bytes
📝 Piece 0: offset=3631448, size=5800 bytes
📝 Piece 0: offset=3637248, size=16384 bytes
📝 Piece 0: offset=3653632, size=0 bytes
📝 Piece 0: offset=3653632, size=10558 bytes
📝 Piece 0: offset=3664190, size=5826 bytes
📝 Piece 0: offset=3670016, size=16384 bytes
📝 Piece 0: offset=3686400, size=0 bytes
📝 Piece 0: offset=3686400, size=10532 bytes
📝 Piece 0: offset=3696932, size=5852 bytes
📝 Piece 0: offset=3702784, size=16384 bytes
📝 Piece 0: offset=3719168, size=0 bytes
📝 Piece 0: offset=3719168, size=10506 bytes
📝 Piece 0: offset=3729674, size=5878 bytes
📝 Piece 0: offset=3735552, size=16384 bytes
📝 Piece 0: offset=3751936, size=0 bytes
📝 Piece 0: offset=3751936, size=10480 bytes
📝 Piece 0: offset=3762416, size=5904 bytes
📝 Piece 0: offset=3768320, size=16384 bytes
📝 Piece 0: offset=3784704, size=0 bytes
📝 Piece 0: offset=3784704, size=10454 bytes
📝 Piece 0: offset=3795158, size=5930 bytes
📝 Piece 0: offset=3801088, size=16384 bytes
📝 Piece 0: offset=3817472, size=0 bytes
📝 Piece 0: offset=3817472, size=10428 bytes
📝 Piece 0: offset=3827900, size=5956 bytes
📝 Piece 0: offset=3833856, size=16384 bytes
📝 Piece 0: offset=3850240, size=0 bytes
📝 Piece 0: offset=3850240, size=10402 bytes
📝 Piece 0: offset=3860642, size=5982 bytes
📝 Piece 0: offset=3866624, size=16384 bytes
📝 Piece 0: offset=3883008, size=0 bytes
📝 Piece 0: offset=3883008, size=10376 bytes
📝 Piece 0: offset=3893384, size=6008 bytes
📝 Piece 0: offset=3899392, size=16384 bytes
📝 Piece 0: offset=3915776, size=0 bytes
📝 Piece 0: offset=3915776, size=10350 bytes
📝 Piece 0: offset=3926126, size=6034 bytes
📝 Piece 0: offset=3932160, size=16384 bytes
📝 Piece 0: offset=3948544, size=0 bytes
📝 Piece 0: offset=3948544, size=10324 bytes
📝 Piece 0: offset=3958868, size=6060 bytes
📝 Piece 0: offset=3964928, size=16384 bytes
📝 Piece 0: offset=3981312, size=0 bytes
📝 Piece 0: offset=3981312, size=10298 bytes
📝 Piece 0: offset=3991610, size=6086 bytes
📝 Piece 0: offset=3997696, size=16384 bytes
📝 Piece 0: offset=4014080, size=0 bytes
📝 Piece 0: offset=4014080, size=10272 bytes
📝 Piece 0: offset=4024352, size=6112 bytes
📝 Piece 0: offset=4030464, size=16384 bytes
📝 Piece 0: offset=4046848, size=0 bytes
📝 Piece 0: offset=4046848, size=10246 bytes
📝 Piece 0: offset=4057094, size=6138 bytes
📝 Piece 0: offset=4063232, size=16384 bytes
📝 Piece 0: offset=4079616, size=0 bytes
📝 Piece 0: offset=4079616, size=10220 bytes
📝 Piece 0: offset=4089836, size=6164 bytes
📝 Piece 0: offset=4096000, size=16384 bytes
📝 Piece 0: offset=4112384, size=0 bytes
📝 Piece 0: offset=4112384, size=10194 bytes
📝 Piece 0: offset=4122578, size=6190 bytes
📝 Piece 0: offset=4128768, size=16384 bytes
📝 Piece 0: offset=4145152, size=0 bytes
📝 Piece 0: offset=4145152, size=10168 bytes
📝 Piece 0: offset=4155320, size=6216 bytes
📝 Piece 0: offset=4161536, size=16384 bytes
📝 Piece 0: offset=4177920, size=0 bytes
📝 Piece 0: offset=4177920, size=10142 bytes
📝 Piece 0: offset=4188062, size=6242 bytes
...📊 live: 0.00% (0 / 85.0Gi) [down speed: 0.00 MiB/s, up speed: 0.00 MiB/s]
.....📊 live: 0.00% (0 / 85.0Gi) [down speed: 0.00 MiB/s, up speed: 0.00 MiB/s]
....📝 Piece 0: offset=0, size=16384 bytes
📝 Piece 0: offset=16384, size=0 bytes
📝 Piece 0: offset=16384, size=13367 bytes
📝 Piece 0: offset=29751, size=3017 bytes
📝 Piece 0: offset=32768, size=16384 bytes
📝 Piece 0: offset=49152, size=0 bytes
📝 Piece 0: offset=49152, size=13341 bytes
📝 Piece 0: offset=62493, size=3043 bytes
📝 Piece 0: offset=65536, size=16384 bytes
📝 Piece 0: offset=81920, size=0 bytes
📝 Piece 0: offset=81920, size=13315 bytes
📝 Piece 0: offset=95235, size=3069 bytes
📝 Piece 0: offset=98304, size=16384 bytes
📝 Piece 0: offset=114688, size=0 bytes
📝 Piece 0: offset=114688, size=13289 bytes
📝 Piece 0: offset=127977, size=3095 bytes
📝 Piece 0: offset=131072, size=16384 bytes
📝 Piece 0: offset=147456, size=0 bytes
📝 Piece 0: offset=147456, size=13263 bytes
📝 Piece 0: offset=160719, size=3121 bytes
.📝 Piece 0: offset=163840, size=16384 bytes
📝 Piece 0: offset=180224, size=0 bytes
📝 Piece 0: offset=180224, size=13237 bytes
📝 Piece 0: offset=193461, size=3147 bytes
📝 Piece 0: offset=196608, size=16384 bytes
📝 Piece 0: offset=212992, size=0 bytes
📝 Piece 0: offset=212992, size=13211 bytes
📝 Piece 0: offset=226203, size=3173 bytes
📝 Piece 0: offset=229376, size=16384 bytes
📝 Piece 0: offset=245760, size=0 bytes
📝 Piece 0: offset=245760, size=13185 bytes
📝 Piece 0: offset=258945, size=3199 bytes
📝 Piece 0: offset=262144, size=16384 bytes
📝 Piece 0: offset=278528, size=0 bytes
📝 Piece 0: offset=278528, size=13159 bytes
📝 Piece 0: offset=291687, size=3225 bytes
📝 Piece 0: offset=294912, size=16384 bytes
📝 Piece 0: offset=311296, size=0 bytes
📝 Piece 0: offset=311296, size=13133 bytes
📝 Piece 0: offset=324429, size=3251 bytes
📝 Piece 0: offset=327680, size=16384 bytes
📝 Piece 0: offset=344064, size=0 bytes
📝 Piece 0: offset=344064, size=13107 bytes
📝 Piece 0: offset=357171, size=3277 bytes
📝 Piece 0: offset=360448, size=16384 bytes
📝 Piece 0: offset=376832, size=0 bytes
📝 Piece 0: offset=376832, size=13081 bytes
📝 Piece 0: offset=389913, size=3303 bytes
📝 Piece 0: offset=393216, size=16384 bytes
📝 Piece 0: offset=409600, size=0 bytes
📝 Piece 0: offset=409600, size=13055 bytes
📝 Piece 0: offset=422655, size=3329 bytes
📝 Piece 0: offset=425984, size=16384 bytes
📝 Piece 0: offset=442368, size=0 bytes
📝 Piece 0: offset=442368, size=13029 bytes
📝 Piece 0: offset=455397, size=3355 bytes
📝 Piece 0: offset=475136, size=16384 bytes
📝 Piece 0: offset=491520, size=0 bytes
📝 Piece 0: offset=458752, size=13003 bytes
📝 Piece 0: offset=471755, size=3381 bytes
📊 live: 0.00% (0 / 85.0Gi) [down speed: 0.19 MiB/s, eta: 130h 20m, up speed: 0.00 MiB/s]
.📝 Piece 0: offset=491520, size=16384 bytes
📝 Piece 0: offset=507904, size=0 bytes
📝 Piece 0: offset=557056, size=12977 bytes
📝 Piece 0: offset=570033, size=3407 bytes
📝 Piece 0: offset=524288, size=16384 bytes
📝 Piece 0: offset=540672, size=0 bytes
📝 Piece 0: offset=507904, size=12951 bytes
📝 Piece 0: offset=520855, size=3433 bytes
📝 Piece 0: offset=540672, size=16384 bytes
📝 Piece 0: offset=557056, size=0 bytes
📝 Piece 0: offset=573440, size=12925 bytes
📝 Piece 0: offset=586365, size=3459 bytes
📝 Piece 0: offset=589824, size=16384 bytes
📝 Piece 0: offset=606208, size=0 bytes
📝 Piece 0: offset=606208, size=12899 bytes
📝 Piece 0: offset=619107, size=3485 bytes
📝 Piece 0: offset=622592, size=16384 bytes
📝 Piece 0: offset=638976, size=0 bytes
📝 Piece 0: offset=638976, size=12873 bytes
📝 Piece 0: offset=651849, size=3511 bytes
📝 Piece 0: offset=671744, size=16384 bytes
📝 Piece 0: offset=688128, size=0 bytes
📝 Piece 0: offset=655360, size=12847 bytes
📝 Piece 0: offset=668207, size=3537 bytes
📝 Piece 0: offset=688128, size=16384 bytes
📝 Piece 0: offset=704512, size=0 bytes
📝 Piece 0: offset=704512, size=12821 bytes
📝 Piece 0: offset=717333, size=3563 bytes
📝 Piece 0: offset=720896, size=16384 bytes
📝 Piece 0: offset=737280, size=0 bytes
📝 Piece 0: offset=737280, size=12795 bytes
📝 Piece 0: offset=750075, size=3589 bytes
📝 Piece 0: offset=753664, size=16384 bytes
📝 Piece 0: offset=770048, size=0 bytes
📝 Piece 0: offset=786432, size=12769 bytes
📝 Piece 0: offset=799201, size=3615 bytes
📝 Piece 0: offset=770048, size=16384 bytes
📝 Piece 0: offset=786432, size=0 bytes
📝 Piece 0: offset=802816, size=12743 bytes
📝 Piece 0: offset=815559, size=3641 bytes
📝 Piece 0: offset=819200, size=16384 bytes
📝 Piece 0: offset=835584, size=0 bytes
📝 Piece 0: offset=835584, size=12717 bytes
📝 Piece 0: offset=848301, size=3667 bytes
📝 Piece 0: offset=851968, size=16384 bytes
📝 Piece 0: offset=868352, size=0 bytes
📝 Piece 0: offset=868352, size=12691 bytes
📝 Piece 0: offset=881043, size=3693 bytes
📝 Piece 0: offset=884736, size=16384 bytes
📝 Piece 0: offset=901120, size=0 bytes
📝 Piece 0: offset=901120, size=12665 bytes
📝 Piece 0: offset=913785, size=3719 bytes
📝 Piece 0: offset=917504, size=16384 bytes
📝 Piece 0: offset=933888, size=0 bytes
📝 Piece 0: offset=933888, size=12639 bytes
📝 Piece 0: offset=946527, size=3745 bytes
📝 Piece 0: offset=950272, size=16384 bytes
📝 Piece 0: offset=966656, size=0 bytes
📝 Piece 0: offset=966656, size=12613 bytes
📝 Piece 0: offset=979269, size=3771 bytes
📝 Piece 0: offset=983040, size=16384 bytes
📝 Piece 0: offset=999424, size=0 bytes
📝 Piece 0: offset=999424, size=12587 bytes
📝 Piece 0: offset=1012011, size=3797 bytes
📝 Piece 0: offset=1015808, size=16384 bytes
📝 Piece 0: offset=1032192, size=0 bytes
📝 Piece 0: offset=1032192, size=12561 bytes
📝 Piece 0: offset=1044753, size=3823 bytes
📝 Piece 0: offset=1048576, size=16384 bytes
📝 Piece 0: offset=1064960, size=0 bytes
📝 Piece 0: offset=1064960, size=12535 bytes
📝 Piece 0: offset=1077495, size=3849 bytes
📝 Piece 0: offset=1081344, size=16384 bytes
📝 Piece 0: offset=1097728, size=0 bytes
📝 Piece 0: offset=1097728, size=12509 bytes
📝 Piece 0: offset=1110237, size=3875 bytes
📝 Piece 0: offset=1114112, size=16384 bytes
📝 Piece 0: offset=1130496, size=0 bytes
📝 Piece 0: offset=1130496, size=12483 bytes
📝 Piece 0: offset=1142979, size=3901 bytes
📝 Piece 0: offset=1146880, size=16384 bytes
📝 Piece 0: offset=1163264, size=0 bytes
.📝 Piece 0: offset=1163264, size=12457 bytes
📝 Piece 0: offset=1175721, size=3927 bytes
📝 Piece 0: offset=1179648, size=16384 bytes
📝 Piece 0: offset=1196032, size=0 bytes
📝 Piece 0: offset=1196032, size=12431 bytes
📝 Piece 0: offset=1208463, size=3953 bytes
📝 Piece 0: offset=1212416, size=16384 bytes
📝 Piece 0: offset=1228800, size=0 bytes
📝 Piece 0: offset=1228800, size=12405 bytes
📝 Piece 0: offset=1241205, size=3979 bytes
📝 Piece 0: offset=1261568, size=16384 bytes
📝 Piece 0: offset=1277952, size=0 bytes
📝 Piece 0: offset=1245184, size=12379 bytes
📝 Piece 0: offset=1257563, size=4005 bytes
📝 Piece 0: offset=1277952, size=16384 bytes
📝 Piece 0: offset=1294336, size=0 bytes
📝 Piece 0: offset=1294336, size=12353 bytes
📝 Piece 0: offset=1306689, size=4031 bytes
📝 Piece 0: offset=1310720, size=16384 bytes
📝 Piece 0: offset=1327104, size=0 bytes
📝 Piece 0: offset=1327104, size=12327 bytes
📝 Piece 0: offset=1339431, size=4057 bytes
📝 Piece 0: offset=1343488, size=16384 bytes
📝 Piece 0: offset=1359872, size=0 bytes
📝 Piece 0: offset=1359872, size=12301 bytes
📝 Piece 0: offset=1372173, size=4083 bytes
📝 Piece 0: offset=1392640, size=16384 bytes
📝 Piece 0: offset=1409024, size=0 bytes
📝 Piece 0: offset=1376256, size=12275 bytes
📝 Piece 0: offset=1388531, size=4109 bytes
📝 Piece 0: offset=1409024, size=16384 bytes
📝 Piece 0: offset=1425408, size=0 bytes
📝 Piece 0: offset=1425408, size=12249 bytes
📝 Piece 0: offset=1437657, size=4135 bytes
📝 Piece 0: offset=1441792, size=16384 bytes
📝 Piece 0: offset=1458176, size=0 bytes
📝 Piece 0: offset=1458176, size=12223 bytes
📝 Piece 0: offset=1470399, size=4161 bytes
📝 Piece 0: offset=1474560, size=16384 bytes
📝 Piece 0: offset=1490944, size=0 bytes
📝 Piece 0: offset=1507328, size=12197 bytes
📝 Piece 0: offset=1519525, size=4187 bytes
📝 Piece 0: offset=1490944, size=16384 bytes
📝 Piece 0: offset=1507328, size=0 bytes
📝 Piece 0: offset=1523712, size=12171 bytes
📝 Piece 0: offset=1535883, size=4213 bytes
📝 Piece 0: offset=1556480, size=16384 bytes
📝 Piece 0: offset=1572864, size=0 bytes
📝 Piece 0: offset=1540096, size=12145 bytes
📝 Piece 0: offset=1552241, size=4239 bytes
📝 Piece 0: offset=1572864, size=16384 bytes
📝 Piece 0: offset=1589248, size=0 bytes
📝 Piece 0: offset=1605632, size=12119 bytes
📝 Piece 0: offset=1617751, size=4265 bytes
📝 Piece 0: offset=1622016, size=16384 bytes
📝 Piece 0: offset=1638400, size=0 bytes
📝 Piece 0: offset=1589248, size=12093 bytes
📝 Piece 0: offset=1601341, size=4291 bytes
📝 Piece 0: offset=1638400, size=16384 bytes
📝 Piece 0: offset=1654784, size=0 bytes
📝 Piece 0: offset=1654784, size=12067 bytes
📝 Piece 0: offset=1666851, size=4317 bytes
📝 Piece 0: offset=1671168, size=16384 bytes
📝 Piece 0: offset=1687552, size=0 bytes
📝 Piece 0: offset=1687552, size=12041 bytes
📝 Piece 0: offset=1699593, size=4343 bytes
📝 Piece 0: offset=1703936, size=16384 bytes
📝 Piece 0: offset=1720320, size=0 bytes
📝 Piece 0: offset=1720320, size=12015 bytes
📝 Piece 0: offset=1732335, size=4369 bytes
📝 Piece 0: offset=1736704, size=16384 bytes
📝 Piece 0: offset=1753088, size=0 bytes
📝 Piece 0: offset=1753088, size=11989 bytes
📝 Piece 0: offset=1765077, size=4395 bytes
📝 Piece 0: offset=1769472, size=16384 bytes
📝 Piece 0: offset=1785856, size=0 bytes
📝 Piece 0: offset=1785856, size=11963 bytes
📝 Piece 0: offset=1797819, size=4421 bytes
📝 Piece 0: offset=1802240, size=16384 bytes
📝 Piece 0: offset=1818624, size=0 bytes
📝 Piece 0: offset=1818624, size=11937 bytes
📝 Piece 0: offset=1830561, size=4447 bytes
📝 Piece 0: offset=1835008, size=16384 bytes
📝 Piece 0: offset=1851392, size=0 bytes
📝 Piece 0: offset=1851392, size=11911 bytes
📝 Piece 0: offset=1863303, size=4473 bytes
.📝 Piece 0: offset=1884160, size=16384 bytes
📝 Piece 0: offset=1900544, size=0 bytes
📝 Piece 0: offset=1867776, size=11885 bytes
📝 Piece 0: offset=1879661, size=4499 bytes
📝 Piece 0: offset=1900544, size=16384 bytes
📝 Piece 0: offset=1916928, size=0 bytes
📝 Piece 0: offset=1916928, size=11859 bytes
📝 Piece 0: offset=1928787, size=4525 bytes
📝 Piece 0: offset=1933312, size=16384 bytes
📝 Piece 0: offset=1949696, size=0 bytes
📝 Piece 0: offset=1949696, size=11833 bytes
📝 Piece 0: offset=1961529, size=4551 bytes
📝 Piece 0: offset=1966080, size=16384 bytes
📝 Piece 0: offset=1982464, size=0 bytes
📝 Piece 0: offset=1982464, size=11807 bytes
📝 Piece 0: offset=1994271, size=4577 bytes
📝 Piece 0: offset=1998848, size=16384 bytes
📝 Piece 0: offset=2015232, size=0 bytes
📝 Piece 0: offset=2015232, size=11781 bytes
📝 Piece 0: offset=2027013, size=4603 bytes
📝 Piece 0: offset=2048000, size=16384 bytes
📝 Piece 0: offset=2064384, size=0 bytes
📝 Piece 0: offset=2031616, size=11755 bytes
📝 Piece 0: offset=2043371, size=4629 bytes
📝 Piece 0: offset=2064384, size=16384 bytes
📝 Piece 0: offset=2080768, size=0 bytes
📝 Piece 0: offset=2080768, size=11729 bytes
📝 Piece 0: offset=2092497, size=4655 bytes
📝 Piece 0: offset=2097152, size=16384 bytes
📝 Piece 0: offset=2113536, size=0 bytes
📝 Piece 0: offset=2113536, size=11703 bytes
📝 Piece 0: offset=2125239, size=4681 bytes
📝 Piece 0: offset=2129920, size=16384 bytes
📝 Piece 0: offset=2146304, size=0 bytes
📝 Piece 0: offset=2146304, size=11677 bytes
📝 Piece 0: offset=2157981, size=4707 bytes
📝 Piece 0: offset=2179072, size=16384 bytes
📝 Piece 0: offset=2195456, size=0 bytes
📝 Piece 0: offset=2162688, size=11651 bytes
📝 Piece 0: offset=2174339, size=4733 bytes
📝 Piece 0: offset=2195456, size=16384 bytes
📝 Piece 0: offset=2211840, size=0 bytes
📝 Piece 0: offset=2211840, size=11625 bytes
📝 Piece 0: offset=2223465, size=4759 bytes
📝 Piece 0: offset=2244608, size=16384 bytes
📝 Piece 0: offset=2260992, size=0 bytes
📝 Piece 0: offset=2228224, size=11599 bytes
📝 Piece 0: offset=2239823, size=4785 bytes
📝 Piece 0: offset=2260992, size=16384 bytes
📝 Piece 0: offset=2277376, size=0 bytes
📝 Piece 0: offset=2277376, size=11573 bytes
📝 Piece 0: offset=2288949, size=4811 bytes
📝 Piece 0: offset=2310144, size=16384 bytes
📝 Piece 0: offset=2326528, size=0 bytes
📝 Piece 0: offset=2293760, size=11547 bytes
📝 Piece 0: offset=2305307, size=4837 bytes
📝 Piece 0: offset=2326528, size=16384 bytes
📝 Piece 0: offset=2342912, size=0 bytes
📝 Piece 0: offset=2342912, size=11521 bytes
📝 Piece 0: offset=2354433, size=4863 bytes
📝 Piece 0: offset=2359296, size=16384 bytes
📝 Piece 0: offset=2375680, size=0 bytes
📝 Piece 0: offset=2375680, size=11495 bytes
📝 Piece 0: offset=2387175, size=4889 bytes
📝 Piece 0: offset=2408448, size=16384 bytes
📝 Piece 0: offset=2424832, size=0 bytes
📝 Piece 0: offset=2424832, size=11469 bytes
📝 Piece 0: offset=2436301, size=4915 bytes
📝 Piece 0: offset=2392064, size=16384 bytes
📝 Piece 0: offset=2408448, size=0 bytes
📝 Piece 0: offset=2441216, size=11443 bytes
📝 Piece 0: offset=2452659, size=4941 bytes
📝 Piece 0: offset=2457600, size=16384 bytes
📝 Piece 0: offset=2473984, size=0 bytes
📝 Piece 0: offset=2473984, size=11417 bytes
📝 Piece 0: offset=2485401, size=4967 bytes
.📝 Piece 0: offset=2490368, size=16384 bytes
📝 Piece 0: offset=2506752, size=0 bytes
📝 Piece 0: offset=2523136, size=11391 bytes
📝 Piece 0: offset=2534527, size=4993 bytes
📝 Piece 0: offset=2506752, size=16384 bytes
📝 Piece 0: offset=2523136, size=0 bytes
📝 Piece 0: offset=2539520, size=11365 bytes
📝 Piece 0: offset=2550885, size=5019 bytes
📝 Piece 0: offset=2555904, size=16384 bytes
📝 Piece 0: offset=2572288, size=0 bytes
📝 Piece 0: offset=2572288, size=11339 bytes
📝 Piece 0: offset=2583627, size=5045 bytes
📝 Piece 0: offset=2588672, size=16384 bytes
📝 Piece 0: offset=2605056, size=0 bytes
📝 Piece 0: offset=2605056, size=11313 bytes
📝 Piece 0: offset=2616369, size=5071 bytes
📝 Piece 0: offset=2621440, size=16384 bytes
📝 Piece 0: offset=2637824, size=0 bytes
📝 Piece 0: offset=2637824, size=11287 bytes
📝 Piece 0: offset=2649111, size=5097 bytes
📝 Piece 0: offset=2654208, size=16384 bytes
📝 Piece 0: offset=2670592, size=0 bytes
📝 Piece 0: offset=2670592, size=11261 bytes
📝 Piece 0: offset=2681853, size=5123 bytes
📝 Piece 0: offset=2686976, size=16384 bytes
📝 Piece 0: offset=2703360, size=0 bytes
📝 Piece 0: offset=2703360, size=11235 bytes
📝 Piece 0: offset=2714595, size=5149 bytes
📝 Piece 0: offset=2719744, size=16384 bytes
📝 Piece 0: offset=2736128, size=0 bytes
📝 Piece 0: offset=2736128, size=11209 bytes
📝 Piece 0: offset=2747337, size=5175 bytes
📝 Piece 0: offset=2752512, size=16384 bytes
📝 Piece 0: offset=2768896, size=0 bytes
📝 Piece 0: offset=2768896, size=11183 bytes
📝 Piece 0: offset=2780079, size=5201 bytes
📝 Piece 0: offset=2785280, size=16384 bytes
📝 Piece 0: offset=2801664, size=0 bytes
📝 Piece 0: offset=2801664, size=11157 bytes
📝 Piece 0: offset=2812821, size=5227 bytes
📝 Piece 0: offset=2834432, size=16384 bytes
📝 Piece 0: offset=2850816, size=0 bytes
📝 Piece 0: offset=2818048, size=11131 bytes
📝 Piece 0: offset=2829179, size=5253 bytes
📝 Piece 0: offset=2850816, size=16384 bytes
📝 Piece 0: offset=2867200, size=0 bytes
📝 Piece 0: offset=2867200, size=11105 bytes
📝 Piece 0: offset=2878305, size=5279 bytes
📝 Piece 0: offset=2883584, size=16384 bytes
📝 Piece 0: offset=2899968, size=0 bytes
📝 Piece 0: offset=2916352, size=11079 bytes
📝 Piece 0: offset=2927431, size=5305 bytes
📝 Piece 0: offset=2899968, size=16384 bytes
📝 Piece 0: offset=2916352, size=0 bytes
📝 Piece 0: offset=2932736, size=11053 bytes
📝 Piece 0: offset=2943789, size=5331 bytes
📝 Piece 0: offset=2949120, size=16384 bytes
📝 Piece 0: offset=2965504, size=0 bytes
📝 Piece 0: offset=2965504, size=11027 bytes
📝 Piece 0: offset=2976531, size=5357 bytes
📝 Piece 0: offset=2981888, size=16384 bytes
📝 Piece 0: offset=2998272, size=0 bytes
📝 Piece 0: offset=3014656, size=11001 bytes
📝 Piece 0: offset=3025657, size=5383 bytes
📝 Piece 0: offset=2998272, size=16384 bytes
📝 Piece 0: offset=3014656, size=0 bytes
📝 Piece 0: offset=3031040, size=10975 bytes
📝 Piece 0: offset=3042015, size=5409 bytes
📝 Piece 0: offset=3047424, size=16384 bytes
📝 Piece 0: offset=3063808, size=0 bytes
📝 Piece 0: offset=3063808, size=10949 bytes
📝 Piece 0: offset=3074757, size=5435 bytes
📝 Piece 0: offset=3080192, size=16384 bytes
📝 Piece 0: offset=3096576, size=0 bytes
📝 Piece 0: offset=3112960, size=10923 bytes
📝 Piece 0: offset=3123883, size=5461 bytes
📝 Piece 0: offset=3096576, size=16384 bytes
📝 Piece 0: offset=3112960, size=0 bytes
📝 Piece 0: offset=3129344, size=10897 bytes
📝 Piece 0: offset=3140241, size=5487 bytes
📝 Piece 0: offset=3145728, size=16384 bytes
📝 Piece 0: offset=3162112, size=0 bytes
📝 Piece 0: offset=3162112, size=10871 bytes
📝 Piece 0: offset=3172983, size=5513 bytes
📝 Piece 0: offset=3178496, size=16384 bytes
📝 Piece 0: offset=3194880, size=0 bytes
📝 Piece 0: offset=3194880, size=10845 bytes
📝 Piece 0: offset=3205725, size=5539 bytes
📝 Piece 0: offset=3211264, size=16384 bytes
📝 Piece 0: offset=3227648, size=0 bytes
📝 Piece 0: offset=3244032, size=10819 bytes
📝 Piece 0: offset=3254851, size=5565 bytes
.📝 Piece 0: offset=3227648, size=16384 bytes
📝 Piece 0: offset=3244032, size=0 bytes
📝 Piece 0: offset=3260416, size=10793 bytes
📝 Piece 0: offset=3271209, size=5591 bytes
📝 Piece 2: offset=8388608, size=16384 bytes
📝 Piece 2: offset=8404992, size=0 bytes
📝 Piece 0: offset=3276800, size=16384 bytes
📝 Piece 0: offset=3293184, size=0 bytes
📝 Piece 2: offset=8404992, size=13333 bytes
📝 Piece 2: offset=8418325, size=3051 bytes
📝 Piece 2: offset=8421376, size=16384 bytes
📝 Piece 0: offset=3293184, size=10767 bytes
📝 Piece 2: offset=8437760, size=0 bytes
📝 Piece 0: offset=3303951, size=5617 bytes
📝 Piece 2: offset=8437760, size=13307 bytes
📝 Piece 2: offset=8451067, size=3077 bytes
📝 Piece 2: offset=8454144, size=16384 bytes
📝 Piece 2: offset=8470528, size=0 bytes
📝 Piece 2: offset=8470528, size=13281 bytes
📝 Piece 2: offset=8483809, size=3103 bytes
📝 Piece 0: offset=3309568, size=16384 bytes
📝 Piece 2: offset=8486912, size=16384 bytes
📝 Piece 2: offset=8503296, size=0 bytes
📝 Piece 0: offset=3325952, size=0 bytes
📝 Piece 2: offset=8503296, size=13255 bytes
📝 Piece 2: offset=8516551, size=3129 bytes
📝 Piece 2: offset=8519680, size=16384 bytes
📝 Piece 2: offset=8536064, size=0 bytes
📝 Piece 2: offset=8536064, size=13229 bytes
📝 Piece 2: offset=8549293, size=3155 bytes
📝 Piece 2: offset=8552448, size=16384 bytes
📝 Piece 2: offset=8568832, size=0 bytes
📝 Piece 2: offset=8568832, size=13203 bytes
📝 Piece 2: offset=8582035, size=3181 bytes
📝 Piece 2: offset=8585216, size=16384 bytes
📝 Piece 2: offset=8601600, size=0 bytes
📝 Piece 2: offset=8601600, size=13177 bytes
📝 Piece 2: offset=8614777, size=3207 bytes
📝 Piece 2: offset=8617984, size=16384 bytes
📝 Piece 2: offset=8634368, size=0 bytes
📝 Piece 2: offset=8634368, size=13151 bytes
📝 Piece 2: offset=8647519, size=3233 bytes
📝 Piece 2: offset=8650752, size=16384 bytes
📝 Piece 2: offset=8667136, size=0 bytes
📝 Piece 2: offset=8667136, size=13125 bytes
📝 Piece 2: offset=8680261, size=3259 bytes
📝 Piece 2: offset=8683520, size=16384 bytes
📝 Piece 2: offset=8699904, size=0 bytes
📝 Piece 2: offset=8699904, size=13099 bytes
📝 Piece 2: offset=8713003, size=3285 bytes
📝 Piece 2: offset=8716288, size=16384 bytes
📝 Piece 2: offset=8732672, size=0 bytes
📝 Piece 2: offset=8732672, size=13073 bytes
📝 Piece 2: offset=8745745, size=3311 bytes
📝 Piece 0: offset=3325952, size=10741 bytes
📝 Piece 0: offset=3336693, size=5643 bytes
📝 Piece 2: offset=8749056, size=16384 bytes
📝 Piece 2: offset=8765440, size=0 bytes
📝 Piece 2: offset=8765440, size=13047 bytes
📝 Piece 2: offset=8778487, size=3337 bytes
📝 Piece 2: offset=8781824, size=16384 bytes
📝 Piece 2: offset=8798208, size=0 bytes
📝 Piece 2: offset=8798208, size=13021 bytes
📝 Piece 2: offset=8811229, size=3363 bytes
📝 Piece 2: offset=8814592, size=16384 bytes
📝 Piece 2: offset=8830976, size=0 bytes
📝 Piece 2: offset=8830976, size=12995 bytes
📝 Piece 2: offset=8843971, size=3389 bytes
📝 Piece 2: offset=8847360, size=16384 bytes
📝 Piece 2: offset=8863744, size=0 bytes
📝 Piece 2: offset=8863744, size=12969 bytes
📝 Piece 2: offset=8876713, size=3415 bytes
📝 Piece 2: offset=8880128, size=16384 bytes
📝 Piece 2: offset=8896512, size=0 bytes
📝 Piece 2: offset=8896512, size=12943 bytes
📝 Piece 2: offset=8909455, size=3441 bytes
📝 Piece 2: offset=8912896, size=16384 bytes
📝 Piece 2: offset=8929280, size=0 bytes
📝 Piece 2: offset=8929280, size=12917 bytes
📝 Piece 2: offset=8942197, size=3467 bytes
📝 Piece 2: offset=8945664, size=16384 bytes
📝 Piece 2: offset=8962048, size=0 bytes
📝 Piece 2: offset=8962048, size=12891 bytes
📝 Piece 2: offset=8974939, size=3493 bytes
📝 Piece 2: offset=8978432, size=16384 bytes
📝 Piece 2: offset=8994816, size=0 bytes
📝 Piece 2: offset=8994816, size=12865 bytes
📝 Piece 2: offset=9007681, size=3519 bytes
📝 Piece 2: offset=9011200, size=16384 bytes
📝 Piece 2: offset=9027584, size=0 bytes
📝 Piece 0: offset=3358720, size=16384 bytes
📝 Piece 0: offset=3375104, size=0 bytes
📝 Piece 2: offset=9027584, size=12839 bytes
📝 Piece 2: offset=9040423, size=3545 bytes
📝 Piece 2: offset=9043968, size=16384 bytes
📝 Piece 2: offset=9060352, size=0 bytes
📝 Piece 2: offset=9060352, size=12813 bytes
📝 Piece 2: offset=9073165, size=3571 bytes
📝 Piece 2: offset=9076736, size=16384 bytes
📝 Piece 2: offset=9093120, size=0 bytes
📝 Piece 2: offset=9093120, size=12787 bytes
📝 Piece 2: offset=9105907, size=3597 bytes
📝 Piece 0: offset=3342336, size=10715 bytes
📝 Piece 0: offset=3353051, size=5669 bytes
📝 Piece 2: offset=9109504, size=16384 bytes
📝 Piece 2: offset=9125888, size=0 bytes
📝 Piece 2: offset=9125888, size=12761 bytes
📝 Piece 2: offset=9138649, size=3623 bytes
📝 Piece 2: offset=9142272, size=16384 bytes
📝 Piece 2: offset=9158656, size=0 bytes
📝 Piece 2: offset=9158656, size=12735 bytes
📝 Piece 2: offset=9171391, size=3649 bytes
📝 Piece 2: offset=9175040, size=16384 bytes
📝 Piece 2: offset=9191424, size=0 bytes
📝 Piece 0: offset=3375104, size=16384 bytes
📝 Piece 0: offset=3391488, size=0 bytes
📝 Piece 2: offset=9191424, size=12709 bytes
📝 Piece 2: offset=9204133, size=3675 bytes
📝 Piece 2: offset=9207808, size=16384 bytes
📝 Piece 2: offset=9224192, size=0 bytes
📝 Piece 2: offset=9224192, size=12683 bytes
📝 Piece 2: offset=9236875, size=3701 bytes
📝 Piece 2: offset=9240576, size=16384 bytes
📝 Piece 2: offset=9256960, size=0 bytes
📝 Piece 2: offset=9256960, size=12657 bytes
📝 Piece 2: offset=9269617, size=3727 bytes
📝 Piece 2: offset=9273344, size=16384 bytes
📝 Piece 2: offset=9289728, size=0 bytes
📝 Piece 0: offset=3391488, size=10689 bytes
📝 Piece 0: offset=3402177, size=5695 bytes
📝 Piece 2: offset=9289728, size=12631 bytes
📝 Piece 2: offset=9302359, size=3753 bytes
📝 Piece 2: offset=9306112, size=16384 bytes
📝 Piece 2: offset=9322496, size=0 bytes
📝 Piece 2: offset=9322496, size=12605 bytes
📝 Piece 2: offset=9335101, size=3779 bytes
📝 Piece 2: offset=9338880, size=16384 bytes
📝 Piece 2: offset=9355264, size=0 bytes
📝 Piece 2: offset=9355264, size=12579 bytes
📝 Piece 2: offset=9367843, size=3805 bytes
📝 Piece 2: offset=9371648, size=16384 bytes
📝 Piece 2: offset=9388032, size=0 bytes
📝 Piece 2: offset=9388032, size=12553 bytes
📝 Piece 2: offset=9400585, size=3831 bytes
📝 Piece 2: offset=9404416, size=16384 bytes
📝 Piece 2: offset=9420800, size=0 bytes
📝 Piece 2: offset=9420800, size=12527 bytes
📝 Piece 2: offset=9433327, size=3857 bytes
📝 Piece 2: offset=9437184, size=16384 bytes
📝 Piece 2: offset=9453568, size=0 bytes
📝 Piece 2: offset=9453568, size=12501 bytes
📝 Piece 2: offset=9466069, size=3883 bytes
📝 Piece 2: offset=9469952, size=16384 bytes
📝 Piece 2: offset=9486336, size=0 bytes
📝 Piece 2: offset=9486336, size=12475 bytes
📝 Piece 2: offset=9498811, size=3909 bytes
📝 Piece 2: offset=9502720, size=16384 bytes
📝 Piece 2: offset=9519104, size=0 bytes
📝 Piece 2: offset=9519104, size=12449 bytes
📝 Piece 2: offset=9531553, size=3935 bytes
📝 Piece 2: offset=9535488, size=16384 bytes
📝 Piece 2: offset=9551872, size=0 bytes
📝 Piece 2: offset=9551872, size=12423 bytes
📝 Piece 2: offset=9564295, size=3961 bytes
📝 Piece 2: offset=9568256, size=16384 bytes
📝 Piece 2: offset=9584640, size=0 bytes
📝 Piece 2: offset=9584640, size=12397 bytes
📝 Piece 2: offset=9597037, size=3987 bytes
📝 Piece 2: offset=9601024, size=16384 bytes
📝 Piece 2: offset=9617408, size=0 bytes
📝 Piece 2: offset=9617408, size=12371 bytes
📝 Piece 2: offset=9629779, size=4013 bytes
📝 Piece 2: offset=9633792, size=16384 bytes
📝 Piece 2: offset=9650176, size=0 bytes
📝 Piece 2: offset=9650176, size=12345 bytes
📝 Piece 2: offset=9662521, size=4039 bytes
📝 Piece 2: offset=9666560, size=16384 bytes
📝 Piece 2: offset=9682944, size=0 bytes
📝 Piece 2: offset=9682944, size=12319 bytes
📝 Piece 2: offset=9695263, size=4065 bytes
📝 Piece 2: offset=9699328, size=16384 bytes
📝 Piece 2: offset=9715712, size=0 bytes
📝 Piece 2: offset=9715712, size=12293 bytes
📝 Piece 2: offset=9728005, size=4091 bytes
📝 Piece 0: offset=3424256, size=16384 bytes
📝 Piece 0: offset=3440640, size=0 bytes
📝 Piece 2: offset=9732096, size=16384 bytes
📝 Piece 2: offset=9748480, size=0 bytes
📝 Piece 2: offset=9748480, size=12267 bytes
📝 Piece 2: offset=9760747, size=4117 bytes
📝 Piece 2: offset=9764864, size=16384 bytes
📝 Piece 2: offset=9781248, size=0 bytes
📝 Piece 2: offset=9781248, size=12241 bytes
📝 Piece 2: offset=9793489, size=4143 bytes
📝 Piece 2: offset=9797632, size=16384 bytes
📝 Piece 2: offset=9814016, size=0 bytes
📝 Piece 2: offset=9814016, size=12215 bytes
📝 Piece 2: offset=9826231, size=4169 bytes
📝 Piece 2: offset=9830400, size=16384 bytes
📝 Piece 2: offset=9846784, size=0 bytes
📝 Piece 2: offset=9846784, size=12189 bytes
📝 Piece 2: offset=9858973, size=4195 bytes
📝 Piece 2: offset=9863168, size=16384 bytes
📝 Piece 2: offset=9879552, size=0 bytes
📝 Piece 2: offset=9879552, size=12163 bytes
📝 Piece 2: offset=9891715, size=4221 bytes
📝 Piece 2: offset=9895936, size=16384 bytes
📝 Piece 2: offset=9912320, size=0 bytes
📝 Piece 2: offset=9912320, size=12137 bytes
📝 Piece 2: offset=9924457, size=4247 bytes
📝 Piece 2: offset=9928704, size=16384 bytes
📝 Piece 2: offset=9945088, size=0 bytes
📝 Piece 2: offset=9945088, size=12111 bytes
📝 Piece 2: offset=9957199, size=4273 bytes
📝 Piece 2: offset=9961472, size=16384 bytes
📝 Piece 2: offset=9977856, size=0 bytes
📝 Piece 2: offset=9977856, size=12085 bytes
📝 Piece 2: offset=9989941, size=4299 bytes
📝 Piece 2: offset=9994240, size=16384 bytes
📝 Piece 2: offset=10010624, size=0 bytes
📝 Piece 2: offset=10010624, size=12059 bytes
📝 Piece 2: offset=10022683, size=4325 bytes
📝 Piece 2: offset=10027008, size=16384 bytes
📝 Piece 0: offset=3407872, size=10663 bytes
📝 Piece 2: offset=10043392, size=0 bytes
📝 Piece 0: offset=3418535, size=5721 bytes
📝 Piece 2: offset=10043392, size=12033 bytes
📝 Piece 2: offset=10055425, size=4351 bytes
📝 Piece 2: offset=10059776, size=16384 bytes
📝 Piece 2: offset=10076160, size=0 bytes
📝 Piece 2: offset=10076160, size=12007 bytes
📝 Piece 2: offset=10088167, size=4377 bytes
📝 Piece 2: offset=10092544, size=16384 bytes
📝 Piece 2: offset=10108928, size=0 bytes
📝 Piece 0: offset=3440640, size=16384 bytes
📝 Piece 2: offset=10108928, size=11981 bytes
📝 Piece 0: offset=3457024, size=0 bytes
📝 Piece 2: offset=10120909, size=4403 bytes
📝 Piece 2: offset=10125312, size=16384 bytes
📝 Piece 2: offset=10141696, size=0 bytes
📝 Piece 2: offset=10141696, size=11955 bytes
📝 Piece 2: offset=10153651, size=4429 bytes
📝 Piece 2: offset=10158080, size=16384 bytes
📝 Piece 2: offset=10174464, size=0 bytes
📝 Piece 0: offset=3457024, size=10637 bytes
📝 Piece 0: offset=3467661, size=5747 bytes
📝 Piece 0: offset=3489792, size=16384 bytes
📝 Piece 2: offset=10174464, size=11929 bytes
📝 Piece 0: offset=3506176, size=0 bytes
📝 Piece 2: offset=10186393, size=4455 bytes
📝 Piece 2: offset=10190848, size=16384 bytes
📝 Piece 2: offset=10207232, size=0 bytes
📝 Piece 2: offset=10207232, size=11903 bytes
📝 Piece 2: offset=10219135, size=4481 bytes
📝 Piece 2: offset=10223616, size=16384 bytes
📝 Piece 2: offset=10240000, size=0 bytes
📝 Piece 2: offset=10240000, size=11877 bytes
📝 Piece 2: offset=10251877, size=4507 bytes
📝 Piece 2: offset=10256384, size=16384 bytes
📝 Piece 2: offset=10272768, size=0 bytes
📝 Piece 2: offset=10272768, size=11851 bytes
📝 Piece 2: offset=10284619, size=4533 bytes
📝 Piece 2: offset=10289152, size=16384 bytes
📝 Piece 2: offset=10305536, size=0 bytes
📝 Piece 2: offset=10305536, size=11825 bytes
📝 Piece 2: offset=10317361, size=4559 bytes
📝 Piece 2: offset=10321920, size=16384 bytes
📝 Piece 2: offset=10338304, size=0 bytes
📝 Piece 2: offset=10338304, size=11799 bytes
📝 Piece 0: offset=3473408, size=10611 bytes
📝 Piece 2: offset=10350103, size=4585 bytes
📝 Piece 0: offset=3484019, size=5773 bytes
📝 Piece 2: offset=10354688, size=16384 bytes
📝 Piece 2: offset=10371072, size=0 bytes
📝 Piece 2: offset=10371072, size=11773 bytes
📝 Piece 2: offset=10382845, size=4611 bytes
📝 Piece 2: offset=10387456, size=16384 bytes
📝 Piece 2: offset=10403840, size=0 bytes
📝 Piece 2: offset=10403840, size=11747 bytes
📝 Piece 2: offset=10415587, size=4637 bytes
📝 Piece 2: offset=10420224, size=16384 bytes
📝 Piece 2: offset=10436608, size=0 bytes
📝 Piece 2: offset=10436608, size=11721 bytes
📝 Piece 2: offset=10448329, size=4663 bytes
📝 Piece 2: offset=10452992, size=16384 bytes
📝 Piece 2: offset=10469376, size=0 bytes
📝 Piece 2: offset=10469376, size=11695 bytes
📝 Piece 2: offset=10481071, size=4689 bytes
📝 Piece 2: offset=10485760, size=16384 bytes
📝 Piece 2: offset=10502144, size=0 bytes
📝 Piece 2: offset=10502144, size=11669 bytes
📝 Piece 2: offset=10513813, size=4715 bytes
📝 Piece 2: offset=10518528, size=16384 bytes
📝 Piece 2: offset=10534912, size=0 bytes
📝 Piece 2: offset=10534912, size=11643 bytes
📝 Piece 2: offset=10546555, size=4741 bytes
📝 Piece 2: offset=10551296, size=16384 bytes
📝 Piece 2: offset=10567680, size=0 bytes
📝 Piece 2: offset=10567680, size=11617 bytes
📝 Piece 2: offset=10579297, size=4767 bytes
📝 Piece 2: offset=10584064, size=16384 bytes
📝 Piece 2: offset=10600448, size=0 bytes
📝 Piece 2: offset=10600448, size=11591 bytes
📝 Piece 2: offset=10612039, size=4793 bytes
📝 Piece 2: offset=10616832, size=16384 bytes
📝 Piece 2: offset=10633216, size=0 bytes
📝 Piece 2: offset=10633216, size=11565 bytes
📝 Piece 2: offset=10644781, size=4819 bytes
📝 Piece 2: offset=10649600, size=16384 bytes
📝 Piece 2: offset=10665984, size=0 bytes
📝 Piece 2: offset=10665984, size=11539 bytes
📝 Piece 2: offset=10677523, size=4845 bytes
📝 Piece 2: offset=10682368, size=16384 bytes
📝 Piece 2: offset=10698752, size=0 bytes
📝 Piece 2: offset=10698752, size=11440 bytes
📝 Piece 2: offset=10710192, size=4944 bytes
📝 Piece 2: offset=10715136, size=16384 bytes
📝 Piece 2: offset=10731520, size=0 bytes
📝 Piece 2: offset=10731520, size=11414 bytes
📝 Piece 2: offset=10742934, size=4970 bytes
📝 Piece 2: offset=10747904, size=16384 bytes
📝 Piece 2: offset=10764288, size=0 bytes
📝 Piece 2: offset=10764288, size=11388 bytes
📝 Piece 2: offset=10775676, size=4996 bytes
📝 Piece 2: offset=10780672, size=16384 bytes
📝 Piece 2: offset=10797056, size=0 bytes
📝 Piece 2: offset=10797056, size=11362 bytes
📝 Piece 2: offset=10808418, size=5022 bytes
📝 Piece 2: offset=10813440, size=16384 bytes
📝 Piece 2: offset=10829824, size=0 bytes
📝 Piece 2: offset=10846208, size=11336 bytes
📝 Piece 2: offset=10857544, size=5048 bytes
📝 Piece 2: offset=10862592, size=16384 bytes
📝 Piece 2: offset=10878976, size=0 bytes
📝 Piece 2: offset=10829824, size=11310 bytes
📝 Piece 2: offset=10841134, size=5074 bytes
📝 Piece 0: offset=3506176, size=16384 bytes
📝 Piece 2: offset=10895360, size=16384 bytes
📝 Piece 0: offset=3522560, size=0 bytes
📝 Piece 2: offset=10911744, size=0 bytes
📝 Piece 2: offset=10878976, size=11284 bytes
📝 Piece 2: offset=10890260, size=5100 bytes
📝 Piece 2: offset=10911744, size=16384 bytes
📝 Piece 2: offset=10928128, size=0 bytes
📝 Piece 2: offset=10928128, size=11258 bytes
📝 Piece 2: offset=10939386, size=5126 bytes
📝 Piece 2: offset=10944512, size=16384 bytes
📝 Piece 2: offset=10960896, size=0 bytes
📝 Piece 2: offset=10960896, size=11232 bytes
📝 Piece 2: offset=10972128, size=5152 bytes
📝 Piece 2: offset=10977280, size=16384 bytes
📝 Piece 2: offset=10993664, size=0 bytes
📝 Piece 2: offset=10993664, size=11206 bytes
📝 Piece 2: offset=11004870, size=5178 bytes
📝 Piece 2: offset=11010048, size=16384 bytes
📝 Piece 2: offset=11026432, size=0 bytes
📝 Piece 2: offset=11026432, size=11180 bytes
📝 Piece 2: offset=11037612, size=5204 bytes
📝 Piece 2: offset=11042816, size=16384 bytes
📝 Piece 2: offset=11059200, size=0 bytes
📝 Piece 2: offset=11059200, size=11154 bytes
📝 Piece 2: offset=11070354, size=5230 bytes
📝 Piece 2: offset=11124736, size=16384 bytes
📝 Piece 2: offset=11141120, size=0 bytes
📝 Piece 2: offset=11141120, size=11128 bytes
📝 Piece 2: offset=11152248, size=5256 bytes
📝 Piece 2: offset=11075584, size=16384 bytes
📝 Piece 2: offset=11091968, size=0 bytes
📝 Piece 2: offset=11157504, size=11102 bytes
📝 Piece 2: offset=11168606, size=5282 bytes
📝 Piece 2: offset=11108352, size=16384 bytes
📝 Piece 2: offset=11124736, size=0 bytes
📝 Piece 2: offset=11091968, size=11076 bytes
📝 Piece 0: offset=3522560, size=10585 bytes
📝 Piece 2: offset=11103044, size=5308 bytes
📝 Piece 0: offset=3533145, size=5799 bytes
📝 Piece 2: offset=11173888, size=16384 bytes
📝 Piece 2: offset=11190272, size=0 bytes
📝 Piece 2: offset=11190272, size=11050 bytes
📝 Piece 2: offset=11201322, size=5334 bytes
📝 Piece 2: offset=11206656, size=16384 bytes
📝 Piece 2: offset=11223040, size=0 bytes
📝 Piece 2: offset=11223040, size=11024 bytes
📝 Piece 2: offset=11234064, size=5360 bytes
📝 Piece 2: offset=11239424, size=16384 bytes
📝 Piece 2: offset=11255808, size=0 bytes
📝 Piece 2: offset=11255808, size=10998 bytes
📝 Piece 2: offset=11266806, size=5386 bytes
📝 Piece 2: offset=11272192, size=16384 bytes
📝 Piece 2: offset=11288576, size=0 bytes
📝 Piece 2: offset=11288576, size=10972 bytes
📝 Piece 2: offset=11299548, size=5412 bytes
📝 Piece 2: offset=11304960, size=16384 bytes
📝 Piece 2: offset=11321344, size=0 bytes
📝 Piece 2: offset=11321344, size=10946 bytes
📝 Piece 2: offset=11332290, size=5438 bytes
📝 Piece 2: offset=11337728, size=16384 bytes
📝 Piece 2: offset=11354112, size=0 bytes
📝 Piece 2: offset=11354112, size=10920 bytes
📝 Piece 2: offset=11365032, size=5464 bytes
📝 Piece 2: offset=11370496, size=16384 bytes
📝 Piece 0: offset=3538944, size=16384 bytes
📝 Piece 2: offset=11386880, size=0 bytes
📝 Piece 0: offset=3555328, size=0 bytes
📝 Piece 2: offset=11386880, size=10894 bytes
📝 Piece 2: offset=11397774, size=5490 bytes
📝 Piece 2: offset=11419648, size=16384 bytes
📝 Piece 2: offset=11436032, size=0 bytes
📝 Piece 2: offset=11436032, size=10868 bytes
📝 Piece 2: offset=11446900, size=5516 bytes
📝 Piece 2: offset=11403264, size=16384 bytes
📝 Piece 2: offset=11419648, size=0 bytes
📝 Piece 2: offset=11485184, size=10842 bytes
📝 Piece 2: offset=11496026, size=5542 bytes
📝 Piece 2: offset=11517952, size=16384 bytes
📝 Piece 2: offset=11534336, size=0 bytes
📝 Piece 2: offset=11501568, size=10816 bytes
📝 Piece 2: offset=11512384, size=5568 bytes
📝 Piece 2: offset=11468800, size=16384 bytes
📝 Piece 0: offset=3555328, size=10559 bytes
📝 Piece 2: offset=11485184, size=0 bytes
📝 Piece 0: offset=3565887, size=5825 bytes
📝 Piece 2: offset=11452416, size=10790 bytes
📝 Piece 2: offset=11463206, size=5594 bytes
📝 Piece 2: offset=11550720, size=16384 bytes
📝 Piece 2: offset=11567104, size=0 bytes
📝 Piece 2: offset=11534336, size=10764 bytes
📝 Piece 2: offset=11545100, size=5620 bytes
📝 Piece 2: offset=11567104, size=16384 bytes
📝 Piece 2: offset=11583488, size=0 bytes
📝 Piece 2: offset=11583488, size=10738 bytes
📝 Piece 2: offset=11594226, size=5646 bytes
📝 Piece 0: offset=3571712, size=16384 bytes
📝 Piece 0: offset=3588096, size=0 bytes
📝 Piece 2: offset=11599872, size=16384 bytes
📝 Piece 2: offset=11616256, size=0 bytes
📝 Piece 2: offset=11632640, size=10712 bytes
📝 Piece 2: offset=11643352, size=5672 bytes
📝 Piece 2: offset=11616256, size=16384 bytes
📝 Piece 2: offset=11632640, size=0 bytes
📝 Piece 2: offset=11649024, size=10686 bytes
📝 Piece 2: offset=11659710, size=5698 bytes
📝 Piece 0: offset=3588096, size=10533 bytes
📝 Piece 0: offset=3598629, size=5851 bytes
📝 Piece 2: offset=11665408, size=16384 bytes
📝 Piece 2: offset=11681792, size=0 bytes
📝 Piece 2: offset=11681792, size=10660 bytes
📝 Piece 2: offset=11692452, size=5724 bytes
📝 Piece 2: offset=11698176, size=16384 bytes
📝 Piece 2: offset=11714560, size=0 bytes
📝 Piece 2: offset=11714560, size=10634 bytes
📝 Piece 2: offset=11725194, size=5750 bytes
📝 Piece 2: offset=11747328, size=16384 bytes
📝 Piece 2: offset=11763712, size=0 bytes
📝 Piece 2: offset=11730944, size=10608 bytes
📝 Piece 2: offset=11741552, size=5776 bytes
📝 Piece 2: offset=11763712, size=16384 bytes
📝 Piece 2: offset=11780096, size=0 bytes
📝 Piece 2: offset=11796480, size=10582 bytes
📝 Piece 2: offset=11807062, size=5802 bytes
📝 Piece 2: offset=11812864, size=16384 bytes
📝 Piece 2: offset=11829248, size=0 bytes
📝 Piece 2: offset=11780096, size=10556 bytes
📝 Piece 2: offset=11790652, size=5828 bytes
📝 Piece 2: offset=11829248, size=16384 bytes
📝 Piece 2: offset=11845632, size=0 bytes
📝 Piece 2: offset=11845632, size=10530 bytes
📝 Piece 2: offset=11856162, size=5854 bytes
📝 Piece 2: offset=11862016, size=16384 bytes
📝 Piece 2: offset=11878400, size=0 bytes
📝 Piece 2: offset=11911168, size=10504 bytes
📝 Piece 2: offset=11921672, size=5880 bytes
📝 Piece 2: offset=11927552, size=16384 bytes
📝 Piece 2: offset=11943936, size=0 bytes
📝 Piece 2: offset=11943936, size=10478 bytes
📝 Piece 2: offset=11954414, size=5906 bytes
📝 Piece 2: offset=11878400, size=16384 bytes
📝 Piece 2: offset=11894784, size=0 bytes
📝 Piece 2: offset=11960320, size=10452 bytes
📝 Piece 2: offset=11970772, size=5932 bytes
📝 Piece 2: offset=11976704, size=16384 bytes
📝 Piece 2: offset=11993088, size=0 bytes
📝 Piece 2: offset=11993088, size=10426 bytes
📝 Piece 2: offset=12003514, size=5958 bytes
📝 Piece 2: offset=11894784, size=16384 bytes
📝 Piece 2: offset=11911168, size=0 bytes
📝 Piece 2: offset=12025856, size=10400 bytes
📝 Piece 2: offset=12036256, size=5984 bytes
📝 Piece 2: offset=12009472, size=16384 bytes
📝 Piece 2: offset=12025856, size=0 bytes
📝 Piece 0: offset=3604480, size=16384 bytes
📝 Piece 0: offset=3620864, size=0 bytes
📝 Piece 2: offset=12042240, size=10374 bytes
📝 Piece 2: offset=12052614, size=6010 bytes
📝 Piece 2: offset=12075008, size=16384 bytes
📝 Piece 2: offset=12091392, size=0 bytes
📝 Piece 2: offset=12091392, size=10348 bytes
📝 Piece 2: offset=12101740, size=6036 bytes
📝 Piece 2: offset=12058624, size=16384 bytes
📝 Piece 2: offset=12075008, size=0 bytes
📝 Piece 2: offset=12107776, size=10322 bytes
📝 Piece 2: offset=12118098, size=6062 bytes
📝 Piece 2: offset=12124160, size=16384 bytes
📝 Piece 2: offset=12140544, size=0 bytes
📝 Piece 2: offset=12140544, size=10296 bytes
📝 Piece 2: offset=12150840, size=6088 bytes
📝 Piece 2: offset=12156928, size=16384 bytes
📝 Piece 2: offset=12173312, size=0 bytes
📝 Piece 2: offset=12173312, size=10270 bytes
📝 Piece 2: offset=12183582, size=6114 bytes
📝 Piece 2: offset=12238848, size=16384 bytes
📝 Piece 2: offset=12255232, size=0 bytes
📝 Piece 2: offset=12206080, size=10244 bytes
📝 Piece 2: offset=12216324, size=6140 bytes
📝 Piece 2: offset=12222464, size=16384 bytes
📝 Piece 2: offset=12238848, size=0 bytes
📝 Piece 2: offset=12189696, size=10218 bytes
📝 Piece 2: offset=12199914, size=6166 bytes
📝 Piece 2: offset=12288000, size=16384 bytes
📝 Piece 2: offset=12304384, size=0 bytes
📝 Piece 2: offset=12304384, size=10192 bytes
📝 Piece 2: offset=12314576, size=6192 bytes
📝 Piece 2: offset=12320768, size=16384 bytes
📝 Piece 2: offset=12337152, size=0 bytes
📝 Piece 0: offset=3620864, size=10507 bytes
📝 Piece 2: offset=12271616, size=10166 bytes
📝 Piece 0: offset=3631371, size=5877 bytes
📝 Piece 2: offset=12281782, size=6218 bytes
📝 Piece 2: offset=12255232, size=16384 bytes
📝 Piece 2: offset=12271616, size=0 bytes
📝 Piece 2: offset=12337152, size=10140 bytes
📝 Piece 2: offset=12347292, size=6244 bytes
📝 Piece 2: offset=12353536, size=16384 bytes
📝 Piece 2: offset=12369920, size=0 bytes
📝 Piece 2: offset=12369920, size=10114 bytes
📝 Piece 2: offset=12380034, size=6270 bytes
📝 Piece 2: offset=12386304, size=16384 bytes
📝 Piece 2: offset=12402688, size=0 bytes
📝 Piece 2: offset=12402688, size=10088 bytes
📝 Piece 2: offset=12412776, size=6296 bytes
📝 Piece 2: offset=12419072, size=16384 bytes
📝 Piece 2: offset=12435456, size=0 bytes
📝 Piece 2: offset=12451840, size=10062 bytes
📝 Piece 2: offset=12461902, size=6322 bytes
📝 Piece 2: offset=12468224, size=16384 bytes
📝 Piece 2: offset=12484608, size=0 bytes
📝 Piece 2: offset=12435456, size=10036 bytes
📝 Piece 2: offset=12445492, size=6348 bytes
📝 Piece 2: offset=12484608, size=16384 bytes
📝 Piece 2: offset=12500992, size=0 bytes
📝 Piece 0: offset=3653632, size=16384 bytes
📝 Piece 0: offset=3670016, size=0 bytes
📝 Piece 0: offset=3637248, size=10481 bytes
📝 Piece 0: offset=3647729, size=5903 bytes
📝 Piece 0: offset=3670016, size=16384 bytes
📝 Piece 0: offset=3686400, size=0 bytes
📝 Piece 0: offset=3686400, size=10455 bytes
📝 Piece 0: offset=3696855, size=5929 bytes
📝 Piece 0: offset=3719168, size=16384 bytes
📝 Piece 0: offset=3735552, size=0 bytes
📝 Piece 2: offset=12500992, size=10010 bytes
📝 Piece 2: offset=12511002, size=6374 bytes
📝 Piece 2: offset=12533760, size=16384 bytes
📝 Piece 2: offset=12550144, size=0 bytes
📝 Piece 2: offset=12517376, size=9984 bytes
📝 Piece 2: offset=12527360, size=6400 bytes
📝 Piece 2: offset=12550144, size=16384 bytes
📝 Piece 2: offset=12566528, size=0 bytes
📝 Piece 2: offset=12566528, size=9958 bytes
📝 Piece 2: offset=12576486, size=6426 bytes
📝 Piece 0: offset=3702784, size=10429 bytes
📝 Piece 0: offset=3713213, size=5955 bytes
📝 Piece 0: offset=3735552, size=16384 bytes
📝 Piece 0: offset=3751936, size=0 bytes
📝 Piece 0: offset=3751936, size=10403 bytes
📝 Piece 0: offset=3762339, size=5981 bytes
📝 Piece 0: offset=3784704, size=16384 bytes
📝 Piece 0: offset=3801088, size=0 bytes
📝 Piece 0: offset=3768320, size=10377 bytes
📝 Piece 0: offset=3778697, size=6007 bytes
📝 Piece 0: offset=3801088, size=16384 bytes
📝 Piece 0: offset=3817472, size=0 bytes
📝 Piece 0: offset=3817472, size=10351 bytes
📝 Piece 0: offset=3827823, size=6033 bytes
📝 Piece 0: offset=3850240, size=16384 bytes
📝 Piece 0: offset=3866624, size=0 bytes
📝 Piece 0: offset=3833856, size=10325 bytes
📝 Piece 0: offset=3844181, size=6059 bytes
📝 Piece 0: offset=3866624, size=16384 bytes
📝 Piece 0: offset=3883008, size=0 bytes
📝 Piece 0: offset=3883008, size=10299 bytes
📝 Piece 0: offset=3893307, size=6085 bytes
📝 Piece 0: offset=3899392, size=16384 bytes
📝 Piece 0: offset=3915776, size=0 bytes
📝 Piece 0: offset=3915776, size=10273 bytes
📝 Piece 0: offset=3926049, size=6111 bytes
📝 Piece 0: offset=3932160, size=16384 bytes
📝 Piece 0: offset=3948544, size=0 bytes
📊 live: 0.00% (0 / 85.0Gi) [down speed: 2.00 MiB/s, eta: 12h 4m, up speed: 0.00 MiB/s]
.📝 Piece 0: offset=3964928, size=10247 bytes
📝 Piece 0: offset=3975175, size=6137 bytes
📝 Piece 0: offset=3948544, size=16384 bytes
📝 Piece 0: offset=3964928, size=0 bytes
📝 Piece 0: offset=3981312, size=10221 bytes
📝 Piece 0: offset=3991533, size=6163 bytes
📝 Piece 0: offset=3997696, size=16384 bytes
📝 Piece 0: offset=4014080, size=0 bytes
📝 Piece 0: offset=4014080, size=10195 bytes
📝 Piece 0: offset=4024275, size=6189 bytes
📝 Piece 0: offset=4030464, size=16384 bytes
📝 Piece 0: offset=4046848, size=0 bytes
📝 Piece 0: offset=4046848, size=10169 bytes
📝 Piece 0: offset=4057017, size=6215 bytes
📝 Piece 0: offset=4063232, size=16384 bytes
📝 Piece 0: offset=4079616, size=0 bytes
📝 Piece 0: offset=4079616, size=10143 bytes
📝 Piece 0: offset=4089759, size=6241 bytes
📝 Piece 0: offset=4096000, size=16384 bytes
📝 Piece 0: offset=4112384, size=0 bytes
📝 Piece 0: offset=4112384, size=10117 bytes
📝 Piece 0: offset=4122501, size=6267 bytes
📝 Piece 0: offset=4128768, size=16384 bytes
📝 Piece 0: offset=4145152, size=0 bytes
📝 Piece 0: offset=4145152, size=10091 bytes
📝 Piece 0: offset=4155243, size=6293 bytes
📝 Piece 0: offset=4161536, size=16384 bytes
📝 Piece 0: offset=4177920, size=0 bytes
📝 Piece 0: offset=4177920, size=10065 bytes
📝 Piece 0: offset=4187985, size=6319 bytes
....📊 live: 0.00% (0 / 85.0Gi) [down speed: 0.00 MiB/s, up speed: 0.00 MiB/s]
.....📊 live: 0.00% (0 / 85.0Gi) [down speed: 0.00 MiB/s, up speed: 0.00 MiB/s]
.....📊 live: 0.00% (0 / 85.0Gi) [down speed: 0.00 MiB/s, up speed: 0.00 MiB/s]
.....📊 live: 0.00% (0 / 85.0Gi) [down speed: 0.00 MiB/s, up speed: 0.00 MiB/s]
.....📊 live: 0.00% (0 / 85.0Gi) [down speed: 0.00 MiB/s, up speed: 0.00 MiB/s]
.....📊 live: 0.00% (0 / 85.0Gi) [down speed: 0.00 MiB/s, up speed: 0.00 MiB/s]
.....📊 live: 0.00% (0 / 85.0Gi) [down speed: 0.00 MiB/s, up speed: 0.00 MiB/s]
.....📝 Piece 0: offset=0, size=16384 bytes
📝 Piece 0: offset=16384, size=0 bytes
📝 Piece 0: offset=16384, size=13369 bytes
📝 Piece 0: offset=29753, size=3015 bytes
📝 Piece 0: offset=32768, size=16384 bytes
📝 Piece 0: offset=49152, size=0 bytes
📝 Piece 0: offset=49152, size=13343 bytes
📝 Piece 0: offset=62495, size=3041 bytes
📝 Piece 0: offset=65536, size=16384 bytes
📝 Piece 0: offset=81920, size=0 bytes
📝 Piece 0: offset=81920, size=13317 bytes
📝 Piece 0: offset=95237, size=3067 bytes
📝 Piece 0: offset=98304, size=16384 bytes
📝 Piece 0: offset=114688, size=0 bytes
📝 Piece 0: offset=114688, size=13291 bytes
📝 Piece 0: offset=127979, size=3093 bytes
📝 Piece 0: offset=131072, size=16384 bytes
📝 Piece 0: offset=147456, size=0 bytes
📝 Piece 0: offset=147456, size=13265 bytes
📝 Piece 0: offset=160721, size=3119 bytes
📝 Piece 0: offset=163840, size=16384 bytes
📝 Piece 0: offset=180224, size=0 bytes
📝 Piece 0: offset=180224, size=13239 bytes
📝 Piece 0: offset=193463, size=3145 bytes
📝 Piece 0: offset=196608, size=16384 bytes
📝 Piece 0: offset=212992, size=0 bytes
📝 Piece 0: offset=212992, size=13213 bytes
📝 Piece 0: offset=226205, size=3171 bytes
📝 Piece 0: offset=229376, size=16384 bytes
📝 Piece 0: offset=245760, size=0 bytes
📝 Piece 0: offset=245760, size=13187 bytes
📝 Piece 0: offset=258947, size=3197 bytes
📝 Piece 0: offset=262144, size=16384 bytes
📝 Piece 0: offset=278528, size=0 bytes
📝 Piece 0: offset=278528, size=13161 bytes
📝 Piece 0: offset=291689, size=3223 bytes
📝 Piece 0: offset=294912, size=16384 bytes
📝 Piece 0: offset=311296, size=0 bytes
📝 Piece 0: offset=311296, size=13135 bytes
📝 Piece 0: offset=324431, size=3249 bytes
📝 Piece 0: offset=327680, size=16384 bytes
📝 Piece 0: offset=344064, size=0 bytes
📝 Piece 0: offset=344064, size=13109 bytes
📝 Piece 0: offset=357173, size=3275 bytes
📝 Piece 0: offset=360448, size=16384 bytes
📝 Piece 0: offset=376832, size=0 bytes
📝 Piece 0: offset=376832, size=13083 bytes
📝 Piece 0: offset=389915, size=3301 bytes
📝 Piece 0: offset=393216, size=16384 bytes
📝 Piece 0: offset=409600, size=0 bytes
📝 Piece 0: offset=409600, size=13057 bytes
📝 Piece 0: offset=422657, size=3327 bytes
📝 Piece 0: offset=425984, size=16384 bytes
📝 Piece 0: offset=442368, size=0 bytes
📝 Piece 0: offset=442368, size=13031 bytes
📝 Piece 0: offset=455399, size=3353 bytes
📝 Piece 0: offset=458752, size=16384 bytes
📝 Piece 0: offset=475136, size=0 bytes
📝 Piece 0: offset=475136, size=13005 bytes
📝 Piece 0: offset=488141, size=3379 bytes
📝 Piece 0: offset=491520, size=16384 bytes
📝 Piece 0: offset=507904, size=0 bytes
📝 Piece 0: offset=507904, size=12979 bytes
📝 Piece 0: offset=520883, size=3405 bytes
📝 Piece 0: offset=524288, size=16384 bytes
📝 Piece 0: offset=540672, size=0 bytes
📝 Piece 0: offset=540672, size=12953 bytes
📝 Piece 0: offset=553625, size=3431 bytes
📝 Piece 0: offset=557056, size=16384 bytes
📝 Piece 0: offset=573440, size=0 bytes
📝 Piece 0: offset=573440, size=12927 bytes
📝 Piece 0: offset=586367, size=3457 bytes
📝 Piece 0: offset=589824, size=16384 bytes
📝 Piece 0: offset=606208, size=0 bytes
📝 Piece 0: offset=606208, size=12901 bytes
📝 Piece 0: offset=619109, size=3483 bytes
📝 Piece 0: offset=622592, size=16384 bytes
📝 Piece 0: offset=638976, size=0 bytes
📝 Piece 0: offset=638976, size=12875 bytes
📝 Piece 0: offset=651851, size=3509 bytes
📝 Piece 0: offset=655360, size=16384 bytes
📝 Piece 0: offset=671744, size=0 bytes
📝 Piece 0: offset=671744, size=12849 bytes
📝 Piece 0: offset=684593, size=3535 bytes
📝 Piece 0: offset=688128, size=16384 bytes
📝 Piece 0: offset=704512, size=0 bytes
📝 Piece 0: offset=704512, size=12823 bytes
📝 Piece 0: offset=717335, size=3561 bytes
📝 Piece 0: offset=720896, size=16384 bytes
📝 Piece 0: offset=737280, size=0 bytes
📝 Piece 0: offset=737280, size=12797 bytes
📝 Piece 0: offset=750077, size=3587 bytes
📝 Piece 0: offset=753664, size=16384 bytes
📝 Piece 0: offset=770048, size=0 bytes
📝 Piece 0: offset=770048, size=12771 bytes
📝 Piece 0: offset=782819, size=3613 bytes
📝 Piece 0: offset=786432, size=16384 bytes
📝 Piece 0: offset=802816, size=0 bytes
📝 Piece 0: offset=802816, size=12745 bytes
📝 Piece 0: offset=815561, size=3639 bytes
📝 Piece 0: offset=819200, size=16384 bytes
📝 Piece 0: offset=835584, size=0 bytes
📝 Piece 0: offset=835584, size=12719 bytes
📝 Piece 0: offset=848303, size=3665 bytes
📝 Piece 0: offset=851968, size=16384 bytes
📝 Piece 0: offset=868352, size=0 bytes
📝 Piece 0: offset=868352, size=12693 bytes
📝 Piece 0: offset=881045, size=3691 bytes
📝 Piece 0: offset=884736, size=16384 bytes
📝 Piece 0: offset=901120, size=0 bytes
📝 Piece 0: offset=901120, size=12667 bytes
📝 Piece 0: offset=913787, size=3717 bytes
📝 Piece 0: offset=917504, size=16384 bytes
📝 Piece 0: offset=933888, size=0 bytes
📝 Piece 0: offset=933888, size=12641 bytes
📝 Piece 0: offset=946529, size=3743 bytes
📝 Piece 0: offset=950272, size=16384 bytes
📝 Piece 0: offset=966656, size=0 bytes
📝 Piece 0: offset=966656, size=12615 bytes
📝 Piece 0: offset=979271, size=3769 bytes
📝 Piece 0: offset=983040, size=16384 bytes
📝 Piece 0: offset=999424, size=0 bytes
📝 Piece 0: offset=999424, size=12589 bytes
📝 Piece 0: offset=1012013, size=3795 bytes
📝 Piece 0: offset=1015808, size=16384 bytes
📝 Piece 0: offset=1032192, size=0 bytes
📝 Piece 0: offset=1032192, size=12563 bytes
📝 Piece 0: offset=1044755, size=3821 bytes
📝 Piece 0: offset=1048576, size=16384 bytes
📝 Piece 0: offset=1064960, size=0 bytes
📝 Piece 0: offset=1064960, size=12537 bytes
📝 Piece 0: offset=1077497, size=3847 bytes
📝 Piece 0: offset=1081344, size=16384 bytes
📝 Piece 0: offset=1097728, size=0 bytes
📝 Piece 0: offset=1097728, size=12511 bytes
📝 Piece 0: offset=1110239, size=3873 bytes
📝 Piece 0: offset=1114112, size=16384 bytes
📝 Piece 0: offset=1130496, size=0 bytes
📝 Piece 0: offset=1130496, size=12485 bytes
📝 Piece 0: offset=1142981, size=3899 bytes
📝 Piece 0: offset=1146880, size=16384 bytes
📝 Piece 0: offset=1163264, size=0 bytes
📝 Piece 0: offset=1163264, size=12459 bytes
📝 Piece 0: offset=1175723, size=3925 bytes
📝 Piece 0: offset=1179648, size=16384 bytes
📝 Piece 0: offset=1196032, size=0 bytes
📝 Piece 0: offset=1196032, size=12433 bytes
📝 Piece 0: offset=1208465, size=3951 bytes
📝 Piece 0: offset=1212416, size=16384 bytes
📝 Piece 0: offset=1228800, size=0 bytes
📝 Piece 0: offset=1228800, size=12407 bytes
📝 Piece 0: offset=1241207, size=3977 bytes
📝 Piece 0: offset=1245184, size=16384 bytes
📝 Piece 0: offset=1261568, size=0 bytes
📝 Piece 0: offset=1261568, size=12381 bytes
📝 Piece 0: offset=1273949, size=4003 bytes
📝 Piece 0: offset=1277952, size=16384 bytes
📝 Piece 0: offset=1294336, size=0 bytes
📝 Piece 0: offset=1294336, size=12355 bytes
📝 Piece 0: offset=1306691, size=4029 bytes
📝 Piece 0: offset=1310720, size=16384 bytes
📝 Piece 0: offset=1327104, size=0 bytes
📝 Piece 0: offset=1327104, size=12329 bytes
📝 Piece 0: offset=1339433, size=4055 bytes
📝 Piece 0: offset=1343488, size=16384 bytes
📝 Piece 0: offset=1359872, size=0 bytes
📝 Piece 0: offset=1359872, size=12303 bytes
📝 Piece 0: offset=1372175, size=4081 bytes
📝 Piece 0: offset=1376256, size=16384 bytes
📝 Piece 0: offset=1392640, size=0 bytes
📝 Piece 0: offset=1392640, size=12277 bytes
📝 Piece 0: offset=1404917, size=4107 bytes
📝 Piece 0: offset=1409024, size=16384 bytes
📝 Piece 0: offset=1425408, size=0 bytes
📝 Piece 0: offset=1425408, size=12251 bytes
📝 Piece 0: offset=1437659, size=4133 bytes
📝 Piece 0: offset=1441792, size=16384 bytes
📝 Piece 0: offset=1458176, size=0 bytes
📝 Piece 0: offset=1458176, size=12225 bytes
📝 Piece 0: offset=1470401, size=4159 bytes
📝 Piece 0: offset=1474560, size=16384 bytes
📝 Piece 0: offset=1490944, size=0 bytes
📝 Piece 0: offset=1490944, size=12199 bytes
📝 Piece 0: offset=1503143, size=4185 bytes
📝 Piece 0: offset=1507328, size=16384 bytes
📝 Piece 0: offset=1523712, size=0 bytes
📝 Piece 0: offset=1523712, size=12173 bytes
📝 Piece 0: offset=1535885, size=4211 bytes
📝 Piece 0: offset=1540096, size=16384 bytes
📝 Piece 0: offset=1556480, size=0 bytes
📝 Piece 0: offset=1556480, size=12147 bytes
📝 Piece 0: offset=1568627, size=4237 bytes
📝 Piece 0: offset=1572864, size=16384 bytes
📝 Piece 0: offset=1589248, size=0 bytes
📝 Piece 0: offset=1589248, size=12121 bytes
📝 Piece 0: offset=1601369, size=4263 bytes
📝 Piece 0: offset=1605632, size=16384 bytes
📝 Piece 0: offset=1622016, size=0 bytes
📝 Piece 0: offset=1622016, size=12095 bytes
📝 Piece 0: offset=1634111, size=4289 bytes
📝 Piece 0: offset=1638400, size=16384 bytes
📝 Piece 0: offset=1654784, size=0 bytes
📝 Piece 0: offset=1654784, size=12069 bytes
📝 Piece 0: offset=1666853, size=4315 bytes
📝 Piece 0: offset=1671168, size=16384 bytes
📝 Piece 0: offset=1687552, size=0 bytes
📝 Piece 0: offset=1687552, size=12043 bytes
📝 Piece 0: offset=1699595, size=4341 bytes
📝 Piece 0: offset=1703936, size=16384 bytes
📝 Piece 0: offset=1720320, size=0 bytes
📝 Piece 0: offset=1720320, size=12017 bytes
📝 Piece 0: offset=1732337, size=4367 bytes
📝 Piece 0: offset=1736704, size=16384 bytes
📝 Piece 0: offset=1753088, size=0 bytes
📝 Piece 0: offset=1753088, size=11991 bytes
📝 Piece 0: offset=1765079, size=4393 bytes
📝 Piece 0: offset=1769472, size=16384 bytes
📝 Piece 0: offset=1785856, size=0 bytes
📝 Piece 0: offset=1785856, size=11965 bytes
📝 Piece 0: offset=1797821, size=4419 bytes
📝 Piece 0: offset=1802240, size=16384 bytes
📝 Piece 0: offset=1818624, size=0 bytes
📝 Piece 0: offset=1818624, size=11939 bytes
📝 Piece 0: offset=1830563, size=4445 bytes
📝 Piece 0: offset=1835008, size=16384 bytes
📝 Piece 0: offset=1851392, size=0 bytes
📝 Piece 0: offset=1851392, size=11913 bytes
📝 Piece 0: offset=1863305, size=4471 bytes
📝 Piece 0: offset=1867776, size=16384 bytes
📝 Piece 0: offset=1884160, size=0 bytes
📝 Piece 0: offset=1884160, size=11887 bytes
📝 Piece 0: offset=1896047, size=4497 bytes
📝 Piece 0: offset=1900544, size=16384 bytes
📝 Piece 0: offset=1916928, size=0 bytes
📝 Piece 0: offset=1916928, size=11861 bytes
📝 Piece 0: offset=1928789, size=4523 bytes
📝 Piece 0: offset=1933312, size=16384 bytes
📝 Piece 0: offset=1949696, size=0 bytes
📝 Piece 0: offset=1949696, size=11835 bytes
📝 Piece 0: offset=1961531, size=4549 bytes
📝 Piece 0: offset=1966080, size=16384 bytes
📝 Piece 0: offset=1982464, size=0 bytes
📝 Piece 0: offset=1982464, size=11809 bytes
📝 Piece 0: offset=1994273, size=4575 bytes
📝 Piece 0: offset=1998848, size=16384 bytes
📝 Piece 0: offset=2015232, size=0 bytes
📝 Piece 0: offset=2015232, size=11783 bytes
📝 Piece 0: offset=2027015, size=4601 bytes
📝 Piece 0: offset=2031616, size=16384 bytes
📝 Piece 0: offset=2048000, size=0 bytes
📝 Piece 0: offset=2048000, size=11757 bytes
📝 Piece 0: offset=2059757, size=4627 bytes
📝 Piece 0: offset=2064384, size=16384 bytes
📝 Piece 0: offset=2080768, size=0 bytes
📝 Piece 0: offset=2080768, size=11731 bytes
📝 Piece 0: offset=2092499, size=4653 bytes
📝 Piece 0: offset=2097152, size=16384 bytes
📝 Piece 0: offset=2113536, size=0 bytes
📝 Piece 0: offset=2113536, size=11705 bytes
📝 Piece 0: offset=2125241, size=4679 bytes
📝 Piece 0: offset=2129920, size=16384 bytes
📝 Piece 0: offset=2146304, size=0 bytes
📝 Piece 0: offset=2146304, size=11679 bytes
📝 Piece 0: offset=2157983, size=4705 bytes
📝 Piece 0: offset=2162688, size=16384 bytes
📝 Piece 0: offset=2179072, size=0 bytes
📝 Piece 0: offset=2179072, size=11653 bytes
📝 Piece 0: offset=2190725, size=4731 bytes
📝 Piece 0: offset=2195456, size=16384 bytes
📝 Piece 0: offset=2211840, size=0 bytes
📝 Piece 0: offset=2211840, size=11627 bytes
📝 Piece 0: offset=2223467, size=4757 bytes
📝 Piece 0: offset=2228224, size=16384 bytes
📝 Piece 0: offset=2244608, size=0 bytes
📝 Piece 0: offset=2244608, size=11601 bytes
📝 Piece 0: offset=2256209, size=4783 bytes
📝 Piece 0: offset=2260992, size=16384 bytes
📝 Piece 0: offset=2277376, size=0 bytes
📝 Piece 0: offset=2277376, size=11575 bytes
📝 Piece 0: offset=2288951, size=4809 bytes
📝 Piece 0: offset=2293760, size=16384 bytes
📝 Piece 0: offset=2310144, size=0 bytes
📝 Piece 0: offset=2310144, size=11549 bytes
📝 Piece 0: offset=2321693, size=4835 bytes
📝 Piece 0: offset=2326528, size=16384 bytes
📝 Piece 0: offset=2342912, size=0 bytes
📝 Piece 0: offset=2342912, size=11523 bytes
📝 Piece 0: offset=2354435, size=4861 bytes
📝 Piece 0: offset=2359296, size=16384 bytes
📝 Piece 0: offset=2375680, size=0 bytes
📝 Piece 0: offset=2375680, size=11497 bytes
📝 Piece 0: offset=2387177, size=4887 bytes
📝 Piece 0: offset=2392064, size=16384 bytes
📝 Piece 0: offset=2408448, size=0 bytes
📝 Piece 0: offset=2408448, size=11471 bytes
📝 Piece 0: offset=2419919, size=4913 bytes
📝 Piece 0: offset=2424832, size=16384 bytes
📝 Piece 0: offset=2441216, size=0 bytes
📝 Piece 0: offset=2441216, size=11445 bytes
📝 Piece 0: offset=2452661, size=4939 bytes
📝 Piece 0: offset=2457600, size=16384 bytes
📝 Piece 0: offset=2473984, size=0 bytes
📝 Piece 0: offset=2473984, size=11419 bytes
📝 Piece 0: offset=2485403, size=4965 bytes
📝 Piece 0: offset=2490368, size=16384 bytes
📝 Piece 0: offset=2506752, size=0 bytes
📝 Piece 0: offset=2506752, size=11393 bytes
📝 Piece 0: offset=2518145, size=4991 bytes
📝 Piece 0: offset=2523136, size=16384 bytes
📝 Piece 0: offset=2539520, size=0 bytes
📝 Piece 0: offset=2539520, size=11367 bytes
📝 Piece 0: offset=2550887, size=5017 bytes
📝 Piece 0: offset=2555904, size=16384 bytes
📝 Piece 0: offset=2572288, size=0 bytes
📝 Piece 0: offset=2572288, size=11341 bytes
📝 Piece 0: offset=2583629, size=5043 bytes
📝 Piece 0: offset=2588672, size=16384 bytes
📝 Piece 0: offset=2605056, size=0 bytes
📝 Piece 0: offset=2605056, size=11315 bytes
📝 Piece 0: offset=2616371, size=5069 bytes
📝 Piece 0: offset=2621440, size=16384 bytes
📝 Piece 0: offset=2637824, size=0 bytes
📝 Piece 0: offset=2637824, size=11289 bytes
📝 Piece 0: offset=2649113, size=5095 bytes
📝 Piece 0: offset=2654208, size=16384 bytes
📝 Piece 0: offset=2670592, size=0 bytes
📝 Piece 0: offset=2670592, size=11263 bytes
📝 Piece 0: offset=2681855, size=5121 bytes
📝 Piece 0: offset=2686976, size=16384 bytes
📝 Piece 0: offset=2703360, size=0 bytes
📝 Piece 0: offset=2703360, size=11237 bytes
📝 Piece 0: offset=2714597, size=5147 bytes
📝 Piece 0: offset=2719744, size=16384 bytes
📝 Piece 0: offset=2736128, size=0 bytes
📝 Piece 0: offset=2736128, size=11211 bytes
📝 Piece 0: offset=2747339, size=5173 bytes
📝 Piece 0: offset=2752512, size=16384 bytes
📝 Piece 0: offset=2768896, size=0 bytes
📝 Piece 0: offset=2768896, size=11185 bytes
📝 Piece 0: offset=2780081, size=5199 bytes
📝 Piece 0: offset=2785280, size=16384 bytes
📝 Piece 0: offset=2801664, size=0 bytes
📝 Piece 0: offset=2801664, size=11159 bytes
📝 Piece 0: offset=2812823, size=5225 bytes
📝 Piece 0: offset=2818048, size=16384 bytes
📝 Piece 0: offset=2834432, size=0 bytes
📝 Piece 0: offset=2834432, size=11133 bytes
📝 Piece 0: offset=2845565, size=5251 bytes
📝 Piece 0: offset=2850816, size=16384 bytes
📝 Piece 0: offset=2867200, size=0 bytes
📝 Piece 0: offset=2867200, size=11107 bytes
📝 Piece 0: offset=2878307, size=5277 bytes
📝 Piece 0: offset=2883584, size=16384 bytes
📝 Piece 0: offset=2899968, size=0 bytes
📝 Piece 0: offset=2899968, size=11081 bytes
📝 Piece 0: offset=2911049, size=5303 bytes
📝 Piece 0: offset=2916352, size=16384 bytes
📝 Piece 0: offset=2932736, size=0 bytes
📊 live: 0.00% (0 / 85.0Gi) [down speed: 4.92 MiB/s, eta: 4h 54m, up speed: 0.00 MiB/s]
.📝 Piece 0: offset=2932736, size=11055 bytes
📝 Piece 0: offset=2943791, size=5329 bytes
📝 Piece 0: offset=2949120, size=16384 bytes
📝 Piece 0: offset=2965504, size=0 bytes
📝 Piece 0: offset=2965504, size=11029 bytes
📝 Piece 0: offset=2976533, size=5355 bytes
📝 Piece 0: offset=2981888, size=16384 bytes
📝 Piece 0: offset=2998272, size=0 bytes
📝 Piece 0: offset=2998272, size=11003 bytes
📝 Piece 0: offset=3009275, size=5381 bytes
📝 Piece 0: offset=3014656, size=16384 bytes
📝 Piece 0: offset=3031040, size=0 bytes
📝 Piece 0: offset=3031040, size=10977 bytes
📝 Piece 0: offset=3042017, size=5407 bytes
📝 Piece 0: offset=3047424, size=16384 bytes
📝 Piece 0: offset=3063808, size=0 bytes
📝 Piece 0: offset=3063808, size=10951 bytes
📝 Piece 0: offset=3074759, size=5433 bytes
📝 Piece 0: offset=3080192, size=16384 bytes
📝 Piece 0: offset=3096576, size=0 bytes
📝 Piece 0: offset=3096576, size=10925 bytes
📝 Piece 0: offset=3107501, size=5459 bytes
📝 Piece 0: offset=3112960, size=16384 bytes
📝 Piece 0: offset=3129344, size=0 bytes
📝 Piece 0: offset=3129344, size=10899 bytes
📝 Piece 0: offset=3140243, size=5485 bytes
📝 Piece 0: offset=3145728, size=16384 bytes
📝 Piece 0: offset=3162112, size=0 bytes
📝 Piece 0: offset=3162112, size=10873 bytes
📝 Piece 0: offset=3172985, size=5511 bytes
📝 Piece 0: offset=3178496, size=16384 bytes
📝 Piece 0: offset=3194880, size=0 bytes
📝 Piece 0: offset=3194880, size=10847 bytes
📝 Piece 0: offset=3205727, size=5537 bytes
📝 Piece 0: offset=3211264, size=16384 bytes
📝 Piece 0: offset=3227648, size=0 bytes
📝 Piece 0: offset=3227648, size=10821 bytes
📝 Piece 0: offset=3238469, size=5563 bytes
📝 Piece 0: offset=3244032, size=16384 bytes
📝 Piece 0: offset=3260416, size=0 bytes
📝 Piece 0: offset=3260416, size=10795 bytes
📝 Piece 0: offset=3271211, size=5589 bytes
📝 Piece 0: offset=3276800, size=16384 bytes
📝 Piece 0: offset=3293184, size=0 bytes
📝 Piece 0: offset=3293184, size=10769 bytes
📝 Piece 0: offset=3303953, size=5615 bytes
📝 Piece 0: offset=3309568, size=16384 bytes
📝 Piece 0: offset=3325952, size=0 bytes
📝 Piece 0: offset=3325952, size=10743 bytes
📝 Piece 0: offset=3336695, size=5641 bytes
📝 Piece 0: offset=3342336, size=16384 bytes
📝 Piece 0: offset=3358720, size=0 bytes
📝 Piece 0: offset=3358720, size=10717 bytes
📝 Piece 0: offset=3369437, size=5667 bytes
📝 Piece 0: offset=3375104, size=16384 bytes
📝 Piece 0: offset=3391488, size=0 bytes
📝 Piece 0: offset=3391488, size=10691 bytes
📝 Piece 0: offset=3402179, size=5693 bytes
📝 Piece 0: offset=3407872, size=16384 bytes
📝 Piece 0: offset=3424256, size=0 bytes
📝 Piece 0: offset=3424256, size=10665 bytes
📝 Piece 0: offset=3434921, size=5719 bytes
📝 Piece 0: offset=3440640, size=16384 bytes
📝 Piece 0: offset=3457024, size=0 bytes
📝 Piece 0: offset=3457024, size=10639 bytes
📝 Piece 0: offset=3467663, size=5745 bytes
📝 Piece 0: offset=3473408, size=16384 bytes
📝 Piece 0: offset=3489792, size=0 bytes
📝 Piece 0: offset=3489792, size=10613 bytes
📝 Piece 0: offset=3500405, size=5771 bytes
📝 Piece 0: offset=3506176, size=16384 bytes
📝 Piece 0: offset=3522560, size=0 bytes
📝 Piece 0: offset=3522560, size=10587 bytes
📝 Piece 0: offset=3533147, size=5797 bytes
📝 Piece 0: offset=3538944, size=16384 bytes
📝 Piece 0: offset=3555328, size=0 bytes
📝 Piece 0: offset=3555328, size=10561 bytes
📝 Piece 0: offset=3565889, size=5823 bytes
📝 Piece 0: offset=3571712, size=16384 bytes
📝 Piece 0: offset=3588096, size=0 bytes
📝 Piece 0: offset=3588096, size=10535 bytes
📝 Piece 0: offset=3598631, size=5849 bytes
📝 Piece 0: offset=3604480, size=16384 bytes
📝 Piece 0: offset=3620864, size=0 bytes
📝 Piece 0: offset=3620864, size=10509 bytes
📝 Piece 0: offset=3631373, size=5875 bytes
📝 Piece 0: offset=3637248, size=16384 bytes
📝 Piece 0: offset=3653632, size=0 bytes
📝 Piece 0: offset=3653632, size=10483 bytes
📝 Piece 0: offset=3664115, size=5901 bytes
📝 Piece 0: offset=3670016, size=16384 bytes
📝 Piece 0: offset=3686400, size=0 bytes
📝 Piece 0: offset=3686400, size=10457 bytes
📝 Piece 0: offset=3696857, size=5927 bytes
📝 Piece 0: offset=3702784, size=16384 bytes
📝 Piece 0: offset=3719168, size=0 bytes
📝 Piece 0: offset=3719168, size=10431 bytes
📝 Piece 0: offset=3729599, size=5953 bytes
📝 Piece 0: offset=3735552, size=16384 bytes
📝 Piece 0: offset=3751936, size=0 bytes
📝 Piece 0: offset=3751936, size=10405 bytes
📝 Piece 0: offset=3762341, size=5979 bytes
📝 Piece 0: offset=3768320, size=16384 bytes
📝 Piece 0: offset=3784704, size=0 bytes
📝 Piece 0: offset=3784704, size=10379 bytes
📝 Piece 0: offset=3795083, size=6005 bytes
📝 Piece 0: offset=3801088, size=16384 bytes
📝 Piece 0: offset=3817472, size=0 bytes
📝 Piece 0: offset=3817472, size=10353 bytes
📝 Piece 0: offset=3827825, size=6031 bytes
📝 Piece 0: offset=3833856, size=16384 bytes
📝 Piece 0: offset=3850240, size=0 bytes
📝 Piece 0: offset=3850240, size=10327 bytes
📝 Piece 0: offset=3860567, size=6057 bytes
📝 Piece 0: offset=3866624, size=16384 bytes
📝 Piece 0: offset=3883008, size=0 bytes
📝 Piece 0: offset=3883008, size=10301 bytes
📝 Piece 0: offset=3893309, size=6083 bytes
📝 Piece 0: offset=3899392, size=16384 bytes
📝 Piece 0: offset=3915776, size=0 bytes
📝 Piece 0: offset=3915776, size=10275 bytes
📝 Piece 0: offset=3926051, size=6109 bytes
📝 Piece 0: offset=3932160, size=16384 bytes
📝 Piece 0: offset=3948544, size=0 bytes
📝 Piece 0: offset=3948544, size=10249 bytes
📝 Piece 0: offset=3958793, size=6135 bytes
📝 Piece 0: offset=3964928, size=16384 bytes
📝 Piece 0: offset=3981312, size=0 bytes
📝 Piece 0: offset=3981312, size=10223 bytes
📝 Piece 0: offset=3991535, size=6161 bytes
📝 Piece 0: offset=3997696, size=16384 bytes
📝 Piece 0: offset=4014080, size=0 bytes
📝 Piece 0: offset=4014080, size=10197 bytes
📝 Piece 0: offset=4024277, size=6187 bytes
📝 Piece 0: offset=4030464, size=16384 bytes
📝 Piece 0: offset=4046848, size=0 bytes
📝 Piece 0: offset=4046848, size=10171 bytes
📝 Piece 0: offset=4057019, size=6213 bytes
📝 Piece 0: offset=4063232, size=16384 bytes
📝 Piece 0: offset=4079616, size=0 bytes
📝 Piece 0: offset=4079616, size=10145 bytes
📝 Piece 0: offset=4089761, size=6239 bytes
📝 Piece 0: offset=4096000, size=16384 bytes
📝 Piece 0: offset=4112384, size=0 bytes
📝 Piece 0: offset=4112384, size=10119 bytes
📝 Piece 0: offset=4122503, size=6265 bytes
📝 Piece 0: offset=4128768, size=16384 bytes
📝 Piece 0: offset=4145152, size=0 bytes
📝 Piece 0: offset=4145152, size=10093 bytes
📝 Piece 0: offset=4155245, size=6291 bytes
📝 Piece 0: offset=4161536, size=16384 bytes
📝 Piece 0: offset=4177920, size=0 bytes
📝 Piece 0: offset=4177920, size=10067 bytes
📝 Piece 0: offset=4187987, size=6317 bytes
....📊 live: 0.00% (0 / 85.0Gi) [down speed: 0.00 MiB/s, up speed: 0.00 MiB/s]
...📝 Piece 0: offset=0, size=16384 bytes
📝 Piece 0: offset=16384, size=0 bytes
📝 Piece 0: offset=16384, size=13339 bytes
📝 Piece 0: offset=29723, size=3045 bytes
📝 Piece 0: offset=32768, size=16384 bytes
📝 Piece 0: offset=49152, size=0 bytes
📝 Piece 0: offset=49152, size=13313 bytes
📝 Piece 0: offset=62465, size=3071 bytes
📝 Piece 0: offset=65536, size=16384 bytes
📝 Piece 0: offset=81920, size=0 bytes
📝 Piece 0: offset=81920, size=13287 bytes
📝 Piece 0: offset=95207, size=3097 bytes
📝 Piece 0: offset=98304, size=16384 bytes
📝 Piece 0: offset=114688, size=0 bytes
📝 Piece 0: offset=114688, size=13261 bytes
📝 Piece 0: offset=127949, size=3123 bytes
📝 Piece 0: offset=131072, size=16384 bytes
📝 Piece 0: offset=147456, size=0 bytes
📝 Piece 0: offset=147456, size=13235 bytes
📝 Piece 0: offset=160691, size=3149 bytes
📝 Piece 0: offset=163840, size=16384 bytes
📝 Piece 0: offset=180224, size=0 bytes
📝 Piece 0: offset=180224, size=13209 bytes
📝 Piece 0: offset=193433, size=3175 bytes
📝 Piece 0: offset=196608, size=16384 bytes
📝 Piece 0: offset=212992, size=0 bytes
📝 Piece 0: offset=212992, size=13183 bytes
📝 Piece 0: offset=226175, size=3201 bytes
📝 Piece 0: offset=229376, size=16384 bytes
📝 Piece 0: offset=245760, size=0 bytes
📝 Piece 0: offset=245760, size=13157 bytes
📝 Piece 0: offset=258917, size=3227 bytes
📝 Piece 0: offset=262144, size=16384 bytes
📝 Piece 0: offset=278528, size=0 bytes
📝 Piece 0: offset=278528, size=13131 bytes
📝 Piece 0: offset=291659, size=3253 bytes
📝 Piece 0: offset=294912, size=16384 bytes
📝 Piece 0: offset=311296, size=0 bytes
📝 Piece 0: offset=311296, size=13105 bytes
📝 Piece 0: offset=324401, size=3279 bytes
📝 Piece 0: offset=327680, size=16384 bytes
📝 Piece 0: offset=344064, size=0 bytes
📝 Piece 0: offset=344064, size=13079 bytes
📝 Piece 0: offset=357143, size=3305 bytes
📝 Piece 0: offset=360448, size=16384 bytes
📝 Piece 0: offset=376832, size=0 bytes
📝 Piece 0: offset=376832, size=13053 bytes
📝 Piece 0: offset=389885, size=3331 bytes
📝 Piece 0: offset=393216, size=16384 bytes
📝 Piece 0: offset=409600, size=0 bytes
📝 Piece 0: offset=409600, size=13027 bytes
📝 Piece 0: offset=422627, size=3357 bytes
📝 Piece 0: offset=425984, size=16384 bytes
📝 Piece 0: offset=442368, size=0 bytes
📝 Piece 0: offset=442368, size=13001 bytes
📝 Piece 0: offset=455369, size=3383 bytes
📝 Piece 0: offset=458752, size=16384 bytes
📝 Piece 0: offset=475136, size=0 bytes
📝 Piece 0: offset=475136, size=12975 bytes
📝 Piece 0: offset=488111, size=3409 bytes
📝 Piece 0: offset=491520, size=16384 bytes
📝 Piece 0: offset=507904, size=0 bytes
📝 Piece 0: offset=507904, size=12949 bytes
📝 Piece 0: offset=520853, size=3435 bytes
📝 Piece 0: offset=524288, size=16384 bytes
📝 Piece 0: offset=540672, size=0 bytes
📝 Piece 0: offset=540672, size=12923 bytes
📝 Piece 0: offset=553595, size=3461 bytes
📝 Piece 0: offset=557056, size=16384 bytes
📝 Piece 0: offset=573440, size=0 bytes
📝 Piece 0: offset=573440, size=12897 bytes
📝 Piece 0: offset=586337, size=3487 bytes
📝 Piece 0: offset=589824, size=16384 bytes
📝 Piece 0: offset=606208, size=0 bytes
📝 Piece 0: offset=606208, size=12871 bytes
📝 Piece 0: offset=619079, size=3513 bytes
📝 Piece 0: offset=622592, size=16384 bytes
📝 Piece 0: offset=638976, size=0 bytes
📝 Piece 0: offset=638976, size=12845 bytes
📝 Piece 0: offset=651821, size=3539 bytes
📝 Piece 0: offset=655360, size=16384 bytes
📝 Piece 0: offset=671744, size=0 bytes
📝 Piece 0: offset=671744, size=12819 bytes
📝 Piece 0: offset=684563, size=3565 bytes
📝 Piece 0: offset=688128, size=16384 bytes
📝 Piece 0: offset=704512, size=0 bytes
📝 Piece 0: offset=704512, size=12793 bytes
📝 Piece 0: offset=717305, size=3591 bytes
📝 Piece 0: offset=720896, size=16384 bytes
📝 Piece 0: offset=737280, size=0 bytes
📝 Piece 0: offset=737280, size=12767 bytes
📝 Piece 0: offset=750047, size=3617 bytes
📝 Piece 0: offset=753664, size=16384 bytes
📝 Piece 0: offset=770048, size=0 bytes
📝 Piece 0: offset=770048, size=12741 bytes
📝 Piece 0: offset=782789, size=3643 bytes
📝 Piece 0: offset=786432, size=16384 bytes
📝 Piece 0: offset=802816, size=0 bytes
📝 Piece 0: offset=802816, size=12715 bytes
📝 Piece 0: offset=815531, size=3669 bytes
📝 Piece 0: offset=819200, size=16384 bytes
📝 Piece 0: offset=835584, size=0 bytes
📝 Piece 0: offset=835584, size=12689 bytes
📝 Piece 0: offset=848273, size=3695 bytes
📝 Piece 0: offset=851968, size=16384 bytes
📝 Piece 0: offset=868352, size=0 bytes
📝 Piece 0: offset=868352, size=12663 bytes
📝 Piece 0: offset=881015, size=3721 bytes
📝 Piece 0: offset=884736, size=16384 bytes
📝 Piece 0: offset=901120, size=0 bytes
📝 Piece 0: offset=901120, size=12637 bytes
📝 Piece 0: offset=913757, size=3747 bytes
📝 Piece 0: offset=917504, size=16384 bytes
📝 Piece 0: offset=933888, size=0 bytes
📝 Piece 0: offset=933888, size=12611 bytes
📝 Piece 0: offset=946499, size=3773 bytes
📝 Piece 0: offset=950272, size=16384 bytes
📝 Piece 0: offset=966656, size=0 bytes
📝 Piece 0: offset=966656, size=12585 bytes
📝 Piece 0: offset=979241, size=3799 bytes
📝 Piece 0: offset=983040, size=16384 bytes
📝 Piece 0: offset=999424, size=0 bytes
📝 Piece 0: offset=999424, size=12559 bytes
📝 Piece 0: offset=1011983, size=3825 bytes
📝 Piece 0: offset=1015808, size=16384 bytes
📝 Piece 0: offset=1032192, size=0 bytes
📝 Piece 0: offset=1032192, size=12533 bytes
📝 Piece 0: offset=1044725, size=3851 bytes
📝 Piece 0: offset=1048576, size=16384 bytes
📝 Piece 0: offset=1064960, size=0 bytes
📝 Piece 0: offset=1064960, size=12507 bytes
📝 Piece 0: offset=1077467, size=3877 bytes
📝 Piece 0: offset=1081344, size=16384 bytes
📝 Piece 0: offset=1097728, size=0 bytes
📝 Piece 0: offset=1097728, size=12481 bytes
📝 Piece 0: offset=1110209, size=3903 bytes
📝 Piece 0: offset=1114112, size=16384 bytes
📝 Piece 0: offset=1130496, size=0 bytes
📝 Piece 0: offset=1130496, size=12455 bytes
📝 Piece 0: offset=1142951, size=3929 bytes
📝 Piece 0: offset=1146880, size=16384 bytes
📝 Piece 0: offset=1163264, size=0 bytes
📝 Piece 0: offset=1163264, size=12429 bytes
📝 Piece 0: offset=1175693, size=3955 bytes
📝 Piece 0: offset=1179648, size=16384 bytes
📝 Piece 0: offset=1196032, size=0 bytes
📝 Piece 0: offset=1196032, size=12403 bytes
📝 Piece 0: offset=1208435, size=3981 bytes
📝 Piece 0: offset=1212416, size=16384 bytes
📝 Piece 0: offset=1228800, size=0 bytes
📝 Piece 0: offset=1228800, size=12377 bytes
📝 Piece 0: offset=1241177, size=4007 bytes
📝 Piece 0: offset=1245184, size=16384 bytes
📝 Piece 0: offset=1261568, size=0 bytes
📝 Piece 0: offset=1261568, size=12351 bytes
📝 Piece 0: offset=1273919, size=4033 bytes
📝 Piece 0: offset=1277952, size=16384 bytes
📝 Piece 0: offset=1294336, size=0 bytes
📝 Piece 0: offset=1294336, size=12325 bytes
📝 Piece 0: offset=1306661, size=4059 bytes
📝 Piece 0: offset=1310720, size=16384 bytes
📝 Piece 0: offset=1327104, size=0 bytes
📝 Piece 0: offset=1327104, size=12299 bytes
📝 Piece 0: offset=1339403, size=4085 bytes
📝 Piece 0: offset=1343488, size=16384 bytes
📝 Piece 0: offset=1359872, size=0 bytes
📝 Piece 0: offset=1359872, size=12273 bytes
📝 Piece 0: offset=1372145, size=4111 bytes
📝 Piece 0: offset=1376256, size=16384 bytes
📝 Piece 0: offset=1392640, size=0 bytes
📝 Piece 0: offset=1392640, size=12247 bytes
📝 Piece 0: offset=1404887, size=4137 bytes
📝 Piece 0: offset=1409024, size=16384 bytes
📝 Piece 0: offset=1425408, size=0 bytes
📝 Piece 0: offset=1425408, size=12221 bytes
📝 Piece 0: offset=1437629, size=4163 bytes
📝 Piece 0: offset=1441792, size=16384 bytes
📝 Piece 0: offset=1458176, size=0 bytes
📝 Piece 0: offset=1458176, size=12195 bytes
📝 Piece 0: offset=1470371, size=4189 bytes
📝 Piece 0: offset=1474560, size=16384 bytes
📝 Piece 0: offset=1490944, size=0 bytes
📝 Piece 0: offset=1490944, size=12169 bytes
📝 Piece 0: offset=1503113, size=4215 bytes
📝 Piece 0: offset=1507328, size=16384 bytes
📝 Piece 0: offset=1523712, size=0 bytes
📝 Piece 0: offset=1523712, size=12143 bytes
📝 Piece 0: offset=1535855, size=4241 bytes
📝 Piece 0: offset=1540096, size=16384 bytes
📝 Piece 0: offset=1556480, size=0 bytes
📝 Piece 0: offset=1556480, size=12117 bytes
📝 Piece 0: offset=1568597, size=4267 bytes
📝 Piece 0: offset=1572864, size=16384 bytes
📝 Piece 0: offset=1589248, size=0 bytes
📝 Piece 0: offset=1589248, size=12091 bytes
📝 Piece 0: offset=1601339, size=4293 bytes
📝 Piece 0: offset=1605632, size=16384 bytes
📝 Piece 0: offset=1622016, size=0 bytes
📝 Piece 0: offset=1622016, size=12065 bytes
📝 Piece 0: offset=1634081, size=4319 bytes
📝 Piece 0: offset=1638400, size=16384 bytes
📝 Piece 0: offset=1654784, size=0 bytes
📝 Piece 0: offset=1654784, size=12039 bytes
📝 Piece 0: offset=1666823, size=4345 bytes
📝 Piece 0: offset=1671168, size=16384 bytes
📝 Piece 0: offset=1687552, size=0 bytes
📝 Piece 0: offset=1687552, size=12013 bytes
📝 Piece 0: offset=1699565, size=4371 bytes
📝 Piece 0: offset=1703936, size=16384 bytes
📝 Piece 0: offset=1720320, size=0 bytes
📝 Piece 0: offset=1720320, size=11987 bytes
📝 Piece 0: offset=1732307, size=4397 bytes
📝 Piece 0: offset=1736704, size=16384 bytes
📝 Piece 0: offset=1753088, size=0 bytes
📝 Piece 0: offset=1753088, size=11961 bytes
📝 Piece 0: offset=1765049, size=4423 bytes
📝 Piece 0: offset=1769472, size=16384 bytes
📝 Piece 0: offset=1785856, size=0 bytes
📝 Piece 0: offset=1785856, size=11935 bytes
📝 Piece 0: offset=1797791, size=4449 bytes
📝 Piece 0: offset=1802240, size=16384 bytes
📝 Piece 0: offset=1818624, size=0 bytes
📝 Piece 0: offset=1818624, size=11909 bytes
📝 Piece 0: offset=1830533, size=4475 bytes
📝 Piece 0: offset=1835008, size=16384 bytes
📝 Piece 0: offset=1851392, size=0 bytes
📝 Piece 0: offset=1851392, size=11883 bytes
📝 Piece 0: offset=1863275, size=4501 bytes
📝 Piece 0: offset=1867776, size=16384 bytes
📝 Piece 0: offset=1884160, size=0 bytes
📝 Piece 0: offset=1884160, size=11857 bytes
📝 Piece 0: offset=1896017, size=4527 bytes
📝 Piece 0: offset=1900544, size=16384 bytes
📝 Piece 0: offset=1916928, size=0 bytes
📝 Piece 0: offset=1916928, size=11831 bytes
📝 Piece 0: offset=1928759, size=4553 bytes
📝 Piece 0: offset=1933312, size=16384 bytes
📝 Piece 0: offset=1949696, size=0 bytes
📝 Piece 0: offset=1949696, size=11805 bytes
📝 Piece 0: offset=1961501, size=4579 bytes
📝 Piece 0: offset=1966080, size=16384 bytes
📝 Piece 0: offset=1982464, size=0 bytes
📝 Piece 0: offset=1982464, size=11779 bytes
📝 Piece 0: offset=1994243, size=4605 bytes
📝 Piece 0: offset=1998848, size=16384 bytes
📝 Piece 0: offset=2015232, size=0 bytes
📝 Piece 0: offset=2015232, size=11753 bytes
📝 Piece 0: offset=2026985, size=4631 bytes
📝 Piece 0: offset=2031616, size=16384 bytes
📝 Piece 0: offset=2048000, size=0 bytes
📝 Piece 0: offset=2048000, size=11727 bytes
📝 Piece 0: offset=2059727, size=4657 bytes
📝 Piece 0: offset=2064384, size=16384 bytes
📝 Piece 0: offset=2080768, size=0 bytes
📝 Piece 0: offset=2080768, size=11701 bytes
📝 Piece 0: offset=2092469, size=4683 bytes
📝 Piece 0: offset=2097152, size=16384 bytes
📝 Piece 0: offset=2113536, size=0 bytes
📝 Piece 0: offset=2113536, size=11675 bytes
📝 Piece 0: offset=2125211, size=4709 bytes
📝 Piece 0: offset=2129920, size=16384 bytes
📝 Piece 0: offset=2146304, size=0 bytes
📝 Piece 0: offset=2146304, size=11649 bytes
📝 Piece 0: offset=2157953, size=4735 bytes
📝 Piece 0: offset=2162688, size=16384 bytes
📝 Piece 0: offset=2179072, size=0 bytes
📝 Piece 0: offset=2179072, size=11623 bytes
📝 Piece 0: offset=2190695, size=4761 bytes
📝 Piece 0: offset=2195456, size=16384 bytes
📝 Piece 0: offset=2211840, size=0 bytes
📝 Piece 0: offset=2211840, size=11597 bytes
📝 Piece 0: offset=2223437, size=4787 bytes
📝 Piece 0: offset=2228224, size=16384 bytes
📝 Piece 0: offset=2244608, size=0 bytes
📝 Piece 0: offset=2244608, size=11571 bytes
📝 Piece 0: offset=2256179, size=4813 bytes
📝 Piece 0: offset=2260992, size=16384 bytes
📝 Piece 0: offset=2277376, size=0 bytes
📝 Piece 0: offset=2277376, size=11545 bytes
📝 Piece 0: offset=2288921, size=4839 bytes
📝 Piece 0: offset=2293760, size=16384 bytes
📝 Piece 0: offset=2310144, size=0 bytes
📝 Piece 0: offset=2310144, size=11519 bytes
📝 Piece 0: offset=2321663, size=4865 bytes
📝 Piece 0: offset=2326528, size=16384 bytes
📝 Piece 0: offset=2342912, size=0 bytes
📝 Piece 0: offset=2342912, size=11493 bytes
📝 Piece 0: offset=2354405, size=4891 bytes
📝 Piece 0: offset=2359296, size=16384 bytes
📝 Piece 0: offset=2375680, size=0 bytes
📝 Piece 0: offset=2375680, size=11467 bytes
📝 Piece 0: offset=2387147, size=4917 bytes
📝 Piece 0: offset=2392064, size=16384 bytes
📝 Piece 0: offset=2408448, size=0 bytes
📝 Piece 0: offset=2408448, size=11441 bytes
📝 Piece 0: offset=2419889, size=4943 bytes
📝 Piece 0: offset=2424832, size=16384 bytes
📝 Piece 0: offset=2441216, size=0 bytes
📝 Piece 0: offset=2441216, size=11415 bytes
📝 Piece 0: offset=2452631, size=4969 bytes
📝 Piece 0: offset=2457600, size=16384 bytes
📝 Piece 0: offset=2473984, size=0 bytes
📝 Piece 0: offset=2473984, size=11389 bytes
📝 Piece 0: offset=2485373, size=4995 bytes
📝 Piece 0: offset=2490368, size=16384 bytes
📝 Piece 0: offset=2506752, size=0 bytes
📝 Piece 0: offset=2506752, size=11363 bytes
📝 Piece 0: offset=2518115, size=5021 bytes
📝 Piece 0: offset=2523136, size=16384 bytes
📝 Piece 0: offset=2539520, size=0 bytes
.📝 Piece 0: offset=2539520, size=11337 bytes
📝 Piece 0: offset=2550857, size=5047 bytes
📝 Piece 0: offset=2555904, size=16384 bytes
📝 Piece 0: offset=2572288, size=0 bytes
📝 Piece 0: offset=2572288, size=11311 bytes
📝 Piece 0: offset=2583599, size=5073 bytes
📝 Piece 0: offset=2588672, size=16384 bytes
📝 Piece 0: offset=2605056, size=0 bytes
📝 Piece 0: offset=2605056, size=11285 bytes
📝 Piece 0: offset=2616341, size=5099 bytes
📝 Piece 0: offset=2621440, size=16384 bytes
📝 Piece 0: offset=2637824, size=0 bytes
📝 Piece 0: offset=2637824, size=11259 bytes
📝 Piece 0: offset=2649083, size=5125 bytes
📝 Piece 0: offset=2654208, size=16384 bytes
📝 Piece 0: offset=2670592, size=0 bytes
📝 Piece 0: offset=2670592, size=11233 bytes
📝 Piece 0: offset=2681825, size=5151 bytes
📝 Piece 0: offset=2686976, size=16384 bytes
📝 Piece 0: offset=2703360, size=0 bytes
📝 Piece 0: offset=2703360, size=11207 bytes
📝 Piece 0: offset=2714567, size=5177 bytes
📝 Piece 0: offset=2719744, size=16384 bytes
📝 Piece 0: offset=2736128, size=0 bytes
📝 Piece 0: offset=2736128, size=11181 bytes
📝 Piece 0: offset=2747309, size=5203 bytes
📝 Piece 0: offset=2752512, size=16384 bytes
📝 Piece 0: offset=2768896, size=0 bytes
📝 Piece 0: offset=2768896, size=11155 bytes
📝 Piece 0: offset=2780051, size=5229 bytes
📝 Piece 0: offset=2785280, size=16384 bytes
📝 Piece 0: offset=2801664, size=0 bytes
📝 Piece 0: offset=2801664, size=11129 bytes
📝 Piece 0: offset=2812793, size=5255 bytes
📝 Piece 0: offset=2818048, size=16384 bytes
📝 Piece 0: offset=2834432, size=0 bytes
📝 Piece 0: offset=2834432, size=11103 bytes
📝 Piece 0: offset=2845535, size=5281 bytes
📝 Piece 0: offset=2850816, size=16384 bytes
📝 Piece 0: offset=2867200, size=0 bytes
📝 Piece 0: offset=2867200, size=11077 bytes
📝 Piece 0: offset=2878277, size=5307 bytes
📝 Piece 0: offset=2883584, size=16384 bytes
📝 Piece 0: offset=2899968, size=0 bytes
📝 Piece 0: offset=2899968, size=11051 bytes
📝 Piece 0: offset=2911019, size=5333 bytes
📝 Piece 0: offset=2916352, size=16384 bytes
📝 Piece 0: offset=2932736, size=0 bytes
📝 Piece 0: offset=2932736, size=11025 bytes
📝 Piece 0: offset=2943761, size=5359 bytes
📝 Piece 0: offset=2949120, size=16384 bytes
📝 Piece 0: offset=2965504, size=0 bytes
📝 Piece 0: offset=2965504, size=10999 bytes
📝 Piece 0: offset=2976503, size=5385 bytes
📝 Piece 0: offset=2981888, size=16384 bytes
📝 Piece 0: offset=2998272, size=0 bytes
📝 Piece 0: offset=2998272, size=10973 bytes
📝 Piece 0: offset=3009245, size=5411 bytes
📝 Piece 0: offset=3014656, size=16384 bytes
📝 Piece 0: offset=3031040, size=0 bytes
📝 Piece 0: offset=3031040, size=10947 bytes
📝 Piece 0: offset=3041987, size=5437 bytes
📝 Piece 0: offset=3047424, size=16384 bytes
📝 Piece 0: offset=3063808, size=0 bytes
📝 Piece 0: offset=3063808, size=10921 bytes
📝 Piece 0: offset=3074729, size=5463 bytes
📝 Piece 0: offset=3080192, size=16384 bytes
📝 Piece 0: offset=3096576, size=0 bytes
📝 Piece 0: offset=3096576, size=10895 bytes
📝 Piece 0: offset=3107471, size=5489 bytes
📝 Piece 0: offset=3112960, size=16384 bytes
📝 Piece 0: offset=3129344, size=0 bytes
📝 Piece 0: offset=3129344, size=10869 bytes
📝 Piece 0: offset=3140213, size=5515 bytes
📝 Piece 0: offset=3145728, size=16384 bytes
📝 Piece 0: offset=3162112, size=0 bytes
📝 Piece 0: offset=3162112, size=10843 bytes
📝 Piece 0: offset=3172955, size=5541 bytes
📝 Piece 0: offset=3178496, size=16384 bytes
📝 Piece 0: offset=3194880, size=0 bytes
📝 Piece 0: offset=3194880, size=10817 bytes
📝 Piece 0: offset=3205697, size=5567 bytes
📝 Piece 0: offset=3211264, size=16384 bytes
📝 Piece 0: offset=3227648, size=0 bytes
📝 Piece 0: offset=3227648, size=10791 bytes
📝 Piece 0: offset=3238439, size=5593 bytes
📝 Piece 0: offset=3244032, size=16384 bytes
📝 Piece 0: offset=3260416, size=0 bytes
📝 Piece 0: offset=3260416, size=10765 bytes
📝 Piece 0: offset=3271181, size=5619 bytes
📝 Piece 0: offset=3276800, size=16384 bytes
📝 Piece 0: offset=3293184, size=0 bytes
📝 Piece 0: offset=3293184, size=10739 bytes
📝 Piece 0: offset=3303923, size=5645 bytes
📝 Piece 0: offset=3309568, size=16384 bytes
📝 Piece 0: offset=3325952, size=0 bytes
📝 Piece 0: offset=3325952, size=10713 bytes
📝 Piece 0: offset=3336665, size=5671 bytes
📝 Piece 0: offset=3342336, size=16384 bytes
📝 Piece 0: offset=3358720, size=0 bytes
📝 Piece 0: offset=3358720, size=10687 bytes
📝 Piece 0: offset=3369407, size=5697 bytes
📝 Piece 0: offset=3375104, size=16384 bytes
📝 Piece 0: offset=3391488, size=0 bytes
📝 Piece 0: offset=3391488, size=10661 bytes
📝 Piece 0: offset=3402149, size=5723 bytes
📝 Piece 0: offset=3407872, size=16384 bytes
📝 Piece 0: offset=3424256, size=0 bytes
📝 Piece 0: offset=3424256, size=10635 bytes
📝 Piece 0: offset=3434891, size=5749 bytes
📝 Piece 0: offset=3440640, size=16384 bytes
📝 Piece 0: offset=3457024, size=0 bytes
📝 Piece 0: offset=3457024, size=10609 bytes
📝 Piece 0: offset=3467633, size=5775 bytes
📝 Piece 0: offset=3473408, size=16384 bytes
📝 Piece 0: offset=3489792, size=0 bytes
📝 Piece 0: offset=3489792, size=10583 bytes
📝 Piece 0: offset=3500375, size=5801 bytes
📝 Piece 0: offset=3506176, size=16384 bytes
📝 Piece 0: offset=3522560, size=0 bytes
📝 Piece 0: offset=3522560, size=10557 bytes
📝 Piece 0: offset=3533117, size=5827 bytes
📝 Piece 0: offset=3538944, size=16384 bytes
📝 Piece 0: offset=3555328, size=0 bytes
📝 Piece 0: offset=3555328, size=10531 bytes
📝 Piece 0: offset=3565859, size=5853 bytes
📝 Piece 0: offset=3571712, size=16384 bytes
📝 Piece 0: offset=3588096, size=0 bytes
📝 Piece 0: offset=3588096, size=10505 bytes
📝 Piece 0: offset=3598601, size=5879 bytes
📝 Piece 0: offset=3604480, size=16384 bytes
📝 Piece 0: offset=3620864, size=0 bytes
📝 Piece 0: offset=3620864, size=10479 bytes
📝 Piece 0: offset=3631343, size=5905 bytes
📝 Piece 0: offset=3637248, size=16384 bytes
📝 Piece 0: offset=3653632, size=0 bytes
📝 Piece 0: offset=3653632, size=10453 bytes
📝 Piece 0: offset=3664085, size=5931 bytes
📝 Piece 0: offset=3670016, size=16384 bytes
📝 Piece 0: offset=3686400, size=0 bytes
📝 Piece 0: offset=3686400, size=10427 bytes
📝 Piece 0: offset=3696827, size=5957 bytes
📝 Piece 0: offset=3702784, size=16384 bytes
📝 Piece 0: offset=3719168, size=0 bytes
📝 Piece 0: offset=3719168, size=10401 bytes
📝 Piece 0: offset=3729569, size=5983 bytes
📝 Piece 0: offset=3735552, size=16384 bytes
📝 Piece 0: offset=3751936, size=0 bytes
📝 Piece 0: offset=3751936, size=10375 bytes
📝 Piece 0: offset=3762311, size=6009 bytes
📝 Piece 0: offset=3768320, size=16384 bytes
📝 Piece 0: offset=3784704, size=0 bytes
📝 Piece 0: offset=3784704, size=10349 bytes
📝 Piece 0: offset=3795053, size=6035 bytes
📝 Piece 0: offset=3801088, size=16384 bytes
📝 Piece 0: offset=3817472, size=0 bytes
📝 Piece 0: offset=3817472, size=10323 bytes
📝 Piece 0: offset=3827795, size=6061 bytes
📝 Piece 0: offset=3833856, size=16384 bytes
📝 Piece 0: offset=3850240, size=0 bytes
📝 Piece 0: offset=3850240, size=10297 bytes
📝 Piece 0: offset=3860537, size=6087 bytes
📝 Piece 0: offset=3866624, size=16384 bytes
📝 Piece 0: offset=3883008, size=0 bytes
📝 Piece 0: offset=3883008, size=10271 bytes
📝 Piece 0: offset=3893279, size=6113 bytes
📝 Piece 0: offset=3899392, size=16384 bytes
📝 Piece 0: offset=3915776, size=0 bytes
📝 Piece 0: offset=3915776, size=10245 bytes
📝 Piece 0: offset=3926021, size=6139 bytes
📝 Piece 0: offset=3932160, size=16384 bytes
📝 Piece 0: offset=3948544, size=0 bytes
📝 Piece 0: offset=3948544, size=10219 bytes
📝 Piece 0: offset=3958763, size=6165 bytes
📝 Piece 0: offset=3964928, size=16384 bytes
📝 Piece 0: offset=3981312, size=0 bytes
📝 Piece 0: offset=3981312, size=10193 bytes
📝 Piece 0: offset=3991505, size=6191 bytes
📝 Piece 0: offset=3997696, size=16384 bytes
📝 Piece 0: offset=4014080, size=0 bytes
📝 Piece 0: offset=4014080, size=10167 bytes
📝 Piece 0: offset=4024247, size=6217 bytes
📝 Piece 0: offset=4030464, size=16384 bytes
📝 Piece 0: offset=4046848, size=0 bytes
📝 Piece 0: offset=4046848, size=10141 bytes
📝 Piece 0: offset=4056989, size=6243 bytes
📝 Piece 0: offset=4063232, size=16384 bytes
📝 Piece 0: offset=4079616, size=0 bytes
📝 Piece 0: offset=4079616, size=10115 bytes
📝 Piece 0: offset=4089731, size=6269 bytes
📝 Piece 0: offset=4096000, size=16384 bytes
📝 Piece 0: offset=4112384, size=0 bytes
📝 Piece 0: offset=4112384, size=10089 bytes
📝 Piece 0: offset=4122473, size=6295 bytes
📝 Piece 0: offset=4128768, size=16384 bytes
📝 Piece 0: offset=4145152, size=0 bytes
📝 Piece 0: offset=4145152, size=10063 bytes
📝 Piece 0: offset=4155215, size=6321 bytes
📝 Piece 0: offset=4161536, size=16384 bytes
📝 Piece 0: offset=4177920, size=0 bytes
📝 Piece 0: offset=4177920, size=10037 bytes
📝 Piece 0: offset=4187957, size=6347 bytes
.📊 live: 0.00% (0 / 85.0Gi) [down speed: 0.00 MiB/s, up speed: 0.00 MiB/s]
.....📊 live: 0.00% (0 / 85.0Gi) [down speed: 0.00 MiB/s, up speed: 0.00 MiB/s]
.....📊 live: 0.00% (0 / 85.0Gi) [down speed: 0.00 MiB/s, up speed: 0.00 MiB/s]
.....📊 live: 0.00% (0 / 85.0Gi) [down speed: 0.00 MiB/s, up speed: 0.00 MiB/s]
.....📊 live: 0.00% (0 / 85.0Gi) [down speed: 0.00 MiB/s, up speed: 0.00 MiB/s]
.....📊 live: 0.00% (0 / 85.0Gi) [down speed: 0.00 MiB/s, up speed: 0.00 MiB/s]
.....📊 live: 0.00% (0 / 85.0Gi) [down speed: 0.00 MiB/s, up speed: 0.00 MiB/s]
.....📊 live: 0.00% (0 / 85.0Gi) [down speed: 0.00 MiB/s, up speed: 0.00 MiB/s]
.....📊 live: 0.00% (0 / 85.0Gi) [down speed: 0.00 MiB/s, up speed: 0.00 MiB/s]
.....📊 live: 0.00% (0 / 85.0Gi) [down speed: 0.00 MiB/s, up speed: 0.00 MiB/s]
.....📊 live: 0.00% (0 / 85.0Gi) [down speed: 0.00 MiB/s, up speed: 0.00 MiB/s]
.....📊 live: 0.00% (0 / 85.0Gi) [down speed: 0.00 MiB/s, up speed: 0.00 MiB/s]
.....📊 live: 0.00% (0 / 85.0Gi) [down speed: 0.00 MiB/s, up speed: 0.00 MiB/s]
.....📊 live: 0.00% (0 / 85.0Gi) [down speed: 0.00 MiB/s, up speed: 0.00 MiB/s]
.....📊 live: 0.00% (0 / 85.0Gi) [down speed: 0.00 MiB/s, up speed: 0.00 MiB/s]
.....📊 live: 0.00% (0 / 85.0Gi) [down speed: 0.00 MiB/s, up speed: 0.00 MiB/s]
.....📊 live: 0.00% (0 / 85.0Gi) [down speed: 0.00 MiB/s, up speed: 0.00 MiB/s]
.....📊 live: 0.00% (0 / 85.0Gi) [down speed: 0.00 MiB/s, up speed: 0.00 MiB/s]
.....📊 live: 0.00% (0 / 85.0Gi) [down speed: 0.00 MiB/s, up speed: 0.00 MiB/s]
.....📊 live: 0.00% (0 / 85.0Gi) [down speed: 0.00 MiB/s, up speed: 0.00 MiB/s]
.....📊 live: 0.00% (0 / 85.0Gi) [down speed: 0.00 MiB/s, up speed: 0.00 MiB/s]
.....📊 live: 0.00% (0 / 85.0Gi) [down speed: 0.00 MiB/s, up speed: 0.00 MiB/s]
.....📊 live: 0.00% (0 / 85.0Gi) [down speed: 0.00 MiB/s, up speed: 0.00 MiB/s]
.....📊 live: 0.00% (0 / 85.0Gi) [down speed: 0.00 MiB/s, up speed: 0.00 MiB/s]
.....📊 live: 0.00% (0 / 85.0Gi) [down speed: 0.00 MiB/s, up speed: 0.00 MiB/s]
.....📊 live: 0.00% (0 / 85.0Gi) [down speed: 0.00 MiB/s, up speed: 0.00 MiB/s]
.....📊 live: 0.00% (0 / 85.0Gi) [down speed: 0.00 MiB/s, up speed: 0.00 MiB/s]
.....📊 live: 0.00% (0 / 85.0Gi) [down speed: 0.00 MiB/s, up speed: 0.00 MiB/s]
.....📊 live: 0.00% (0 / 85.0Gi) [down speed: 0.00 MiB/s, up speed: 0.00 MiB/s]
.....📊 live: 0.00% (0 / 85.0Gi) [down speed: 0.00 MiB/s, up speed: 0.00 MiB/s]
.....📊 live: 0.00% (0 / 85.0Gi) [down speed: 0.00 MiB/s, up speed: 0.00 MiB/s]
.....📊 live: 0.00% (0 / 85.0Gi) [down speed: 0.00 MiB/s, up speed: 0.00 MiB/s]
.....📊 live: 0.00% (0 / 85.0Gi) [down speed: 0.00 MiB/s, up speed: 0.00 MiB/s]
.....📊 live: 0.00% (0 / 85.0Gi) [down speed: 0.00 MiB/s, up speed: 0.00 MiB/s]
.....📊 live: 0.00% (0 / 85.0Gi) [down speed: 0.00 MiB/s, up speed: 0.00 MiB/s]
.....📊 live: 0.00% (0 / 85.0Gi) [down speed: 0.00 MiB/s, up speed: 0.00 MiB/s]
.....📊 live: 0.00% (0 / 85.0Gi) [down speed: 0.00 MiB/s, up speed: 0.00 MiB/s]
.....📊 live: 0.00% (0 / 85.0Gi) [down speed: 0.00 MiB/s, up speed: 0.00 MiB/s]
.....📊 live: 0.00% (0 / 85.0Gi) [down speed: 0.00 MiB/s, up speed: 0.00 MiB/s]
.....📊 live: 0.00% (0 / 85.0Gi) [down speed: 0.00 MiB/s, up speed: 0.00 MiB/s]
.....📊 live: 0.00% (0 / 85.0Gi) [down speed: 0.00 MiB/s, up speed: 0.00 MiB/s]
.....📊 live: 0.00% (0 / 85.0Gi) [down speed: 0.00 MiB/s, up speed: 0.00 MiB/s]
.....📊 live: 0.00% (0 / 85.0Gi) [down speed: 0.00 MiB/s, up speed: 0.00 MiB/s]
.....📊 live: 0.00% (0 / 85.0Gi) [down speed: 0.00 MiB/s, up speed: 0.00 MiB/s]
.....📊 live: 0.00% (0 / 85.0Gi) [down speed: 0.00 MiB/s, up speed: 0.00 MiB/s]
.....📊 live: 0.00% (0 / 85.0Gi) [down speed: 0.00 MiB/s, up speed: 0.00 MiB/s]
.....📊 live: 0.00% (0 / 85.0Gi) [down speed: 0.00 MiB/s, up speed: 0.00 MiB/s]
.....📊 live: 0.00% (0 / 85.0Gi) [down speed: 0.00 MiB/s, up speed: 0.00 MiB/s]
.....📊 live: 0.00% (0 / 85.0Gi) [down speed: 0.00 MiB/s, up speed: 0.00 MiB/s]
.....📊 live: 0.00% (0 / 85.0Gi) [down speed: 0.00 MiB/s, up speed: 0.00 MiB/s]
.....📊 live: 0.00% (0 / 85.0Gi) [down speed: 0.00 MiB/s, up speed: 0.00 MiB/s]
.....📊 live: 0.00% (0 / 85.0Gi) [down speed: 0.00 MiB/s, up speed: 0.00 MiB/s]
.....📊 live: 0.00% (0 / 85.0Gi) [down speed: 0.00 MiB/s, up speed: 0.00 MiB/s]
.....📊 live: 0.00% (0 / 85.0Gi) [down speed: 0.00 MiB/s, up speed: 0.00 MiB/s]
.....📊 live: 0.00% (0 / 85.0Gi) [down speed: 0.00 MiB/s, up speed: 0.00 MiB/s]
.....📊 live: 0.00% (0 / 85.0Gi) [down speed: 0.00 MiB/s, up speed: 0.00 MiB/s]
.....📊 live: 0.00% (0 / 85.0Gi) [down speed: 0.00 MiB/s, up speed: 0.00 MiB/s]
.....📊 live: 0.00% (0 / 85.0Gi) [down speed: 0.00 MiB/s, up speed: 0.00 MiB/s]
.....📊 live: 0.00% (0 / 85.0Gi) [down speed: 0.00 MiB/s, up speed: 0.00 MiB/s]
.....📊 live: 0.00% (0 / 85.0Gi) [down speed: 0.00 MiB/s, up speed: 0.00 MiB/s]
.....📊 live: 0.00% (0 / 85.0Gi) [down speed: 0.00 MiB/s, up speed: 0.00 MiB/s]
.....📊 live: 0.00% (0 / 85.0Gi) [down speed: 0.00 MiB/s, up speed: 0.00 MiB/s]
.....📊 live: 0.00% (0 / 85.0Gi) [down speed: 0.00 MiB/s, up speed: 0.00 MiB/s]
.....📊 live: 0.00% (0 / 85.0Gi) [down speed: 0.00 MiB/s, up speed: 0.00 MiB/s]
.....📊 live: 0.00% (0 / 85.0Gi) [down speed: 0.00 MiB/s, up speed: 0.00 MiB/s]
.....📊 live: 0.00% (0 / 85.0Gi) [down speed: 0.00 MiB/s, up speed: 0.00 MiB/s]
.....📊 live: 0.00% (0 / 85.0Gi) [down speed: 0.00 MiB/s, up speed: 0.00 MiB/s]
.....📊 live: 0.00% (0 / 85.0Gi) [down speed: 0.00 MiB/s, up speed: 0.00 MiB/s]
.....📊 live: 0.00% (0 / 85.0Gi) [down speed: 0.00 MiB/s, up speed: 0.00 MiB/s]
.....📊 live: 0.00% (0 / 85.0Gi) [down speed: 0.00 MiB/s, up speed: 0.00 MiB/s]
.📝 Piece 0: offset=0, size=16384 bytes
📝 Piece 0: offset=16384, size=0 bytes
📝 Piece 0: offset=16384, size=13362 bytes
📝 Piece 0: offset=29746, size=3022 bytes
📝 Piece 0: offset=32768, size=16384 bytes
📝 Piece 0: offset=49152, size=0 bytes
📝 Piece 0: offset=49152, size=13336 bytes
📝 Piece 0: offset=62488, size=3048 bytes
📝 Piece 0: offset=65536, size=16384 bytes
📝 Piece 0: offset=81920, size=0 bytes
📝 Piece 0: offset=81920, size=13310 bytes
📝 Piece 0: offset=95230, size=3074 bytes
📝 Piece 0: offset=98304, size=16384 bytes
📝 Piece 0: offset=114688, size=0 bytes
📝 Piece 0: offset=114688, size=13284 bytes
📝 Piece 0: offset=127972, size=3100 bytes
📝 Piece 0: offset=131072, size=16384 bytes
📝 Piece 0: offset=147456, size=0 bytes
📝 Piece 0: offset=147456, size=13258 bytes
📝 Piece 0: offset=160714, size=3126 bytes
📝 Piece 0: offset=163840, size=16384 bytes
📝 Piece 0: offset=180224, size=0 bytes
📝 Piece 0: offset=180224, size=13232 bytes
📝 Piece 0: offset=193456, size=3152 bytes
📝 Piece 0: offset=196608, size=16384 bytes
📝 Piece 0: offset=212992, size=0 bytes
📝 Piece 0: offset=212992, size=13206 bytes
📝 Piece 0: offset=226198, size=3178 bytes
📝 Piece 0: offset=229376, size=16384 bytes
📝 Piece 0: offset=245760, size=0 bytes
.📝 Piece 0: offset=245760, size=13180 bytes
📝 Piece 0: offset=258940, size=3204 bytes
📝 Piece 0: offset=262144, size=16384 bytes
📝 Piece 0: offset=278528, size=0 bytes
📝 Piece 0: offset=278528, size=13154 bytes
📝 Piece 0: offset=291682, size=3230 bytes
📝 Piece 0: offset=294912, size=16384 bytes
📝 Piece 0: offset=311296, size=0 bytes
📝 Piece 0: offset=311296, size=13128 bytes
📝 Piece 0: offset=324424, size=3256 bytes
📝 Piece 0: offset=344064, size=16384 bytes
📝 Piece 0: offset=360448, size=0 bytes
📝 Piece 0: offset=360448, size=13102 bytes
📝 Piece 0: offset=373550, size=3282 bytes
📝 Piece 0: offset=327680, size=16384 bytes
📝 Piece 0: offset=344064, size=0 bytes
📝 Piece 0: offset=376832, size=13076 bytes
📝 Piece 0: offset=389908, size=3308 bytes
📝 Piece 0: offset=393216, size=16384 bytes
📝 Piece 0: offset=409600, size=0 bytes
📝 Piece 0: offset=409600, size=13050 bytes
📝 Piece 0: offset=422650, size=3334 bytes
📝 Piece 0: offset=425984, size=16384 bytes
📝 Piece 0: offset=442368, size=0 bytes
📝 Piece 0: offset=442368, size=13024 bytes
📝 Piece 0: offset=455392, size=3360 bytes
📝 Piece 0: offset=458752, size=16384 bytes
📝 Piece 0: offset=475136, size=0 bytes
📝 Piece 0: offset=475136, size=12998 bytes
📝 Piece 0: offset=488134, size=3386 bytes
📝 Piece 0: offset=507904, size=16384 bytes
📝 Piece 0: offset=524288, size=0 bytes
📝 Piece 0: offset=491520, size=12972 bytes
📝 Piece 0: offset=504492, size=3412 bytes
📝 Piece 0: offset=524288, size=16384 bytes
📝 Piece 0: offset=540672, size=0 bytes
📝 Piece 0: offset=540672, size=12946 bytes
📝 Piece 0: offset=553618, size=3438 bytes
📝 Piece 0: offset=557056, size=16384 bytes
📝 Piece 0: offset=573440, size=0 bytes
📝 Piece 0: offset=573440, size=12920 bytes
📝 Piece 0: offset=586360, size=3464 bytes
📝 Piece 0: offset=589824, size=16384 bytes
📝 Piece 0: offset=606208, size=0 bytes
📝 Piece 0: offset=606208, size=12894 bytes
📝 Piece 0: offset=619102, size=3490 bytes
📝 Piece 0: offset=622592, size=16384 bytes
📝 Piece 0: offset=638976, size=0 bytes
📝 Piece 0: offset=638976, size=12868 bytes
📝 Piece 0: offset=651844, size=3516 bytes
📝 Piece 0: offset=655360, size=16384 bytes
📝 Piece 0: offset=671744, size=0 bytes
📝 Piece 0: offset=688128, size=12842 bytes
📝 Piece 0: offset=700970, size=3542 bytes
📝 Piece 0: offset=671744, size=16384 bytes
📝 Piece 0: offset=688128, size=0 bytes
📝 Piece 0: offset=704512, size=12816 bytes
📝 Piece 0: offset=717328, size=3568 bytes
📝 Piece 0: offset=720896, size=16384 bytes
📝 Piece 0: offset=737280, size=0 bytes
📝 Piece 0: offset=737280, size=12790 bytes
📝 Piece 0: offset=750070, size=3594 bytes
📝 Piece 0: offset=770048, size=16384 bytes
📝 Piece 0: offset=786432, size=0 bytes
📝 Piece 0: offset=753664, size=12764 bytes
📝 Piece 0: offset=766428, size=3620 bytes
📝 Piece 0: offset=786432, size=16384 bytes
📝 Piece 0: offset=802816, size=0 bytes
📝 Piece 0: offset=802816, size=12738 bytes
📝 Piece 0: offset=815554, size=3646 bytes
📝 Piece 0: offset=819200, size=16384 bytes
📝 Piece 0: offset=835584, size=0 bytes
📝 Piece 0: offset=851968, size=12712 bytes
📝 Piece 0: offset=864680, size=3672 bytes
📝 Piece 0: offset=835584, size=16384 bytes
📝 Piece 0: offset=851968, size=0 bytes
📝 Piece 0: offset=868352, size=12686 bytes
📝 Piece 0: offset=881038, size=3698 bytes
📝 Piece 0: offset=884736, size=16384 bytes
📝 Piece 0: offset=901120, size=0 bytes
📝 Piece 0: offset=901120, size=12660 bytes
📝 Piece 0: offset=913780, size=3724 bytes
📝 Piece 0: offset=917504, size=16384 bytes
📝 Piece 0: offset=933888, size=0 bytes
📝 Piece 0: offset=950272, size=12634 bytes
📝 Piece 0: offset=962906, size=3750 bytes
📝 Piece 0: offset=933888, size=16384 bytes
📝 Piece 0: offset=950272, size=0 bytes
📝 Piece 0: offset=966656, size=12608 bytes
📝 Piece 0: offset=979264, size=3776 bytes
📝 Piece 0: offset=983040, size=16384 bytes
📝 Piece 0: offset=999424, size=0 bytes
📝 Piece 0: offset=1015808, size=12582 bytes
📝 Piece 0: offset=1028390, size=3802 bytes
📝 Piece 0: offset=999424, size=16384 bytes
📝 Piece 0: offset=1015808, size=0 bytes
📝 Piece 0: offset=1032192, size=12556 bytes
📝 Piece 0: offset=1044748, size=3828 bytes
📝 Piece 0: offset=1048576, size=16384 bytes
📝 Piece 0: offset=1064960, size=0 bytes
📝 Piece 0: offset=1064960, size=12530 bytes
📝 Piece 0: offset=1077490, size=3854 bytes
📝 Piece 0: offset=1081344, size=16384 bytes
📝 Piece 0: offset=1097728, size=0 bytes
📝 Piece 0: offset=1097728, size=12504 bytes
📝 Piece 0: offset=1110232, size=3880 bytes
📝 Piece 0: offset=1114112, size=16384 bytes
📝 Piece 0: offset=1130496, size=0 bytes
📝 Piece 0: offset=1130496, size=12478 bytes
📝 Piece 0: offset=1142974, size=3906 bytes
.📝 Piece 0: offset=1146880, size=16384 bytes
📝 Piece 0: offset=1163264, size=0 bytes
📝 Piece 0: offset=1163264, size=12452 bytes
📝 Piece 0: offset=1175716, size=3932 bytes
📝 Piece 0: offset=1179648, size=16384 bytes
📝 Piece 0: offset=1196032, size=0 bytes
📝 Piece 0: offset=1196032, size=12426 bytes
📝 Piece 0: offset=1208458, size=3958 bytes
📝 Piece 0: offset=1228800, size=16384 bytes
📝 Piece 0: offset=1245184, size=0 bytes
📝 Piece 0: offset=1212416, size=12400 bytes
📝 Piece 0: offset=1224816, size=3984 bytes
📝 Piece 0: offset=1245184, size=16384 bytes
📝 Piece 0: offset=1261568, size=0 bytes
📝 Piece 0: offset=1261568, size=12374 bytes
📝 Piece 0: offset=1273942, size=4010 bytes
📝 Piece 0: offset=1277952, size=16384 bytes
📝 Piece 0: offset=1294336, size=0 bytes
📝 Piece 0: offset=1294336, size=12348 bytes
📝 Piece 0: offset=1306684, size=4036 bytes
📝 Piece 0: offset=1310720, size=16384 bytes
📝 Piece 0: offset=1327104, size=0 bytes
📝 Piece 0: offset=1327104, size=12322 bytes
📝 Piece 0: offset=1339426, size=4062 bytes
📝 Piece 0: offset=1343488, size=16384 bytes
📝 Piece 0: offset=1359872, size=0 bytes
📝 Piece 0: offset=1359872, size=12296 bytes
📝 Piece 0: offset=1372168, size=4088 bytes
📝 Piece 0: offset=1425408, size=16384 bytes
📝 Piece 0: offset=1441792, size=0 bytes
📝 Piece 0: offset=1409024, size=12270 bytes
📝 Piece 0: offset=1421294, size=4114 bytes
📝 Piece 0: offset=1392640, size=16384 bytes
📝 Piece 0: offset=1409024, size=0 bytes
📝 Piece 0: offset=1376256, size=12244 bytes
📝 Piece 0: offset=1388500, size=4140 bytes
📝 Piece 0: offset=1441792, size=16384 bytes
📝 Piece 0: offset=1458176, size=0 bytes
📝 Piece 0: offset=1458176, size=12218 bytes
📝 Piece 0: offset=1470394, size=4166 bytes
📝 Piece 0: offset=1474560, size=16384 bytes
📝 Piece 0: offset=1490944, size=0 bytes
📝 Piece 0: offset=1523712, size=12192 bytes
📝 Piece 0: offset=1535904, size=4192 bytes
📝 Piece 0: offset=1507328, size=16384 bytes
📝 Piece 0: offset=1523712, size=0 bytes
📝 Piece 0: offset=1490944, size=12166 bytes
📝 Piece 0: offset=1503110, size=4218 bytes
📝 Piece 0: offset=1540096, size=16384 bytes
📝 Piece 0: offset=1556480, size=0 bytes
📝 Piece 0: offset=1556480, size=12140 bytes
📝 Piece 0: offset=1568620, size=4244 bytes
📝 Piece 0: offset=1638400, size=16384 bytes
📝 Piece 0: offset=1654784, size=0 bytes
📝 Piece 0: offset=1572864, size=12114 bytes
📝 Piece 0: offset=1584978, size=4270 bytes
📝 Piece 0: offset=1622016, size=16384 bytes
📝 Piece 0: offset=1638400, size=0 bytes
📝 Piece 0: offset=1605632, size=12088 bytes
📝 Piece 0: offset=1617720, size=4296 bytes
📝 Piece 0: offset=1654784, size=16384 bytes
📝 Piece 0: offset=1671168, size=0 bytes
📝 Piece 0: offset=1671168, size=12062 bytes
📝 Piece 0: offset=1683230, size=4322 bytes
📝 Piece 0: offset=1589248, size=16384 bytes
📝 Piece 0: offset=1605632, size=0 bytes
📝 Piece 0: offset=1687552, size=12036 bytes
📝 Piece 0: offset=1699588, size=4348 bytes
📝 Piece 0: offset=1703936, size=16384 bytes
📝 Piece 0: offset=1720320, size=0 bytes
📝 Piece 0: offset=1720320, size=12010 bytes
📝 Piece 0: offset=1732330, size=4374 bytes
📝 Piece 0: offset=1736704, size=16384 bytes
📝 Piece 0: offset=1753088, size=0 bytes
📝 Piece 0: offset=1769472, size=11984 bytes
📝 Piece 0: offset=1781456, size=4400 bytes
📝 Piece 0: offset=1753088, size=16384 bytes
📝 Piece 0: offset=1769472, size=0 bytes
📝 Piece 0: offset=1785856, size=11958 bytes
📝 Piece 0: offset=1797814, size=4426 bytes
📝 Piece 0: offset=1802240, size=16384 bytes
📝 Piece 0: offset=1818624, size=0 bytes
📝 Piece 0: offset=1818624, size=11932 bytes
📝 Piece 0: offset=1830556, size=4452 bytes
📝 Piece 0: offset=1851392, size=16384 bytes
📝 Piece 0: offset=1867776, size=0 bytes
📝 Piece 0: offset=1835008, size=11906 bytes
📝 Piece 0: offset=1846914, size=4478 bytes
📝 Piece 0: offset=1867776, size=16384 bytes
📝 Piece 0: offset=1884160, size=0 bytes
📝 Piece 0: offset=1884160, size=11880 bytes
📝 Piece 0: offset=1896040, size=4504 bytes
📝 Piece 0: offset=1916928, size=16384 bytes
📝 Piece 0: offset=1933312, size=0 bytes
📝 Piece 0: offset=1900544, size=11854 bytes
📝 Piece 0: offset=1912398, size=4530 bytes
📝 Piece 0: offset=1933312, size=16384 bytes
📝 Piece 0: offset=1949696, size=0 bytes
.📝 Piece 0: offset=1949696, size=11828 bytes
📝 Piece 0: offset=1961524, size=4556 bytes
📝 Piece 0: offset=1966080, size=16384 bytes
📝 Piece 0: offset=1982464, size=0 bytes
📝 Piece 0: offset=1998848, size=11802 bytes
📝 Piece 0: offset=2010650, size=4582 bytes
📝 Piece 0: offset=1982464, size=16384 bytes
📝 Piece 0: offset=1998848, size=0 bytes
📝 Piece 0: offset=2015232, size=11776 bytes
📝 Piece 0: offset=2027008, size=4608 bytes
📝 Piece 0: offset=2031616, size=16384 bytes
📝 Piece 0: offset=2048000, size=0 bytes
📝 Piece 0: offset=2064384, size=11750 bytes
📝 Piece 0: offset=2076134, size=4634 bytes
📝 Piece 0: offset=2048000, size=16384 bytes
📝 Piece 0: offset=2064384, size=0 bytes
📝 Piece 0: offset=2080768, size=11724 bytes
📝 Piece 0: offset=2092492, size=4660 bytes
📝 Piece 0: offset=2097152, size=16384 bytes
📝 Piece 0: offset=2113536, size=0 bytes
📝 Piece 0: offset=2113536, size=11698 bytes
📝 Piece 0: offset=2125234, size=4686 bytes
📝 Piece 0: offset=2129920, size=16384 bytes
📝 Piece 0: offset=2146304, size=0 bytes
📝 Piece 0: offset=2146304, size=11672 bytes
📝 Piece 0: offset=2157976, size=4712 bytes
📝 Piece 0: offset=2179072, size=16384 bytes
📝 Piece 0: offset=2195456, size=0 bytes
📝 Piece 0: offset=2162688, size=11646 bytes
📝 Piece 0: offset=2174334, size=4738 bytes
📝 Piece 0: offset=2195456, size=16384 bytes
📝 Piece 0: offset=2211840, size=0 bytes
📝 Piece 0: offset=2211840, size=11620 bytes
📝 Piece 0: offset=2223460, size=4764 bytes
📝 Piece 0: offset=2244608, size=16384 bytes
📝 Piece 0: offset=2260992, size=0 bytes
📝 Piece 0: offset=2228224, size=11594 bytes
📝 Piece 0: offset=2239818, size=4790 bytes
📝 Piece 0: offset=2260992, size=16384 bytes
📝 Piece 0: offset=2277376, size=0 bytes
📝 Piece 0: offset=2277376, size=11568 bytes
📝 Piece 0: offset=2288944, size=4816 bytes
📝 Piece 0: offset=2293760, size=16384 bytes
📝 Piece 0: offset=2310144, size=0 bytes
📝 Piece 0: offset=2310144, size=11542 bytes
📝 Piece 0: offset=2321686, size=4842 bytes
📝 Piece 0: offset=2326528, size=16384 bytes
📝 Piece 0: offset=2342912, size=0 bytes
📝 Piece 0: offset=2342912, size=11516 bytes
📝 Piece 0: offset=2354428, size=4868 bytes
📝 Piece 0: offset=2375680, size=16384 bytes
📝 Piece 0: offset=2392064, size=0 bytes
📝 Piece 0: offset=2359296, size=11490 bytes
📝 Piece 0: offset=2370786, size=4894 bytes
📝 Piece 0: offset=2392064, size=16384 bytes
📝 Piece 0: offset=2408448, size=0 bytes
📝 Piece 0: offset=2424832, size=11464 bytes
📝 Piece 0: offset=2436296, size=4920 bytes
📝 Piece 0: offset=2408448, size=16384 bytes
📝 Piece 0: offset=2424832, size=0 bytes
📝 Piece 0: offset=2441216, size=11438 bytes
📝 Piece 0: offset=2452654, size=4946 bytes
📝 Piece 0: offset=2457600, size=16384 bytes
📝 Piece 0: offset=2473984, size=0 bytes
📝 Piece 0: offset=2473984, size=11412 bytes
📝 Piece 0: offset=2485396, size=4972 bytes
.📝 Piece 0: offset=2490368, size=16384 bytes
📝 Piece 0: offset=2506752, size=0 bytes
📝 Piece 0: offset=2506752, size=11386 bytes
📝 Piece 0: offset=2518138, size=4998 bytes
📝 Piece 0: offset=2523136, size=16384 bytes
📝 Piece 0: offset=2539520, size=0 bytes
📝 Piece 0: offset=2555904, size=11360 bytes
📝 Piece 0: offset=2567264, size=5024 bytes
📝 Piece 0: offset=2539520, size=16384 bytes
📝 Piece 0: offset=2555904, size=0 bytes
📝 Piece 0: offset=2572288, size=11334 bytes
📝 Piece 0: offset=2583622, size=5050 bytes
📝 Piece 0: offset=2588672, size=16384 bytes
📝 Piece 0: offset=2605056, size=0 bytes
📝 Piece 0: offset=2621440, size=11308 bytes
📝 Piece 0: offset=2632748, size=5076 bytes
📝 Piece 0: offset=2605056, size=16384 bytes
📝 Piece 0: offset=2621440, size=0 bytes
📝 Piece 0: offset=2637824, size=11282 bytes
📝 Piece 0: offset=2649106, size=5102 bytes
📝 Piece 0: offset=2654208, size=16384 bytes
📝 Piece 0: offset=2670592, size=0 bytes
📝 Piece 0: offset=2670592, size=11256 bytes
📝 Piece 0: offset=2681848, size=5128 bytes
📝 Piece 0: offset=2686976, size=16384 bytes
📝 Piece 0: offset=2703360, size=0 bytes
📝 Piece 0: offset=2703360, size=11230 bytes
📝 Piece 0: offset=2714590, size=5154 bytes
📝 Piece 0: offset=2719744, size=16384 bytes
📝 Piece 0: offset=2736128, size=0 bytes
📝 Piece 0: offset=2736128, size=11204 bytes
📝 Piece 0: offset=2747332, size=5180 bytes
📝 Piece 0: offset=2752512, size=16384 bytes
📝 Piece 0: offset=2768896, size=0 bytes
📝 Piece 0: offset=2768896, size=11178 bytes
📝 Piece 0: offset=2780074, size=5206 bytes
📝 Piece 0: offset=2785280, size=16384 bytes
📝 Piece 0: offset=2801664, size=0 bytes
📝 Piece 0: offset=2801664, size=11152 bytes
📝 Piece 0: offset=2812816, size=5232 bytes
📝 Piece 0: offset=2818048, size=16384 bytes
📝 Piece 0: offset=2834432, size=0 bytes
📝 Piece 0: offset=2834432, size=11126 bytes
📝 Piece 0: offset=2845558, size=5258 bytes
📝 Piece 0: offset=2867200, size=16384 bytes
📝 Piece 0: offset=2883584, size=0 bytes
📝 Piece 0: offset=2850816, size=11100 bytes
📝 Piece 0: offset=2861916, size=5284 bytes
📝 Piece 0: offset=2883584, size=16384 bytes
📝 Piece 0: offset=2899968, size=0 bytes
📝 Piece 0: offset=2899968, size=11074 bytes
📝 Piece 0: offset=2911042, size=5310 bytes
📝 Piece 0: offset=2916352, size=16384 bytes
📝 Piece 0: offset=2932736, size=0 bytes
📝 Piece 0: offset=2932736, size=11048 bytes
📝 Piece 0: offset=2943784, size=5336 bytes
📝 Piece 0: offset=2949120, size=16384 bytes
📝 Piece 0: offset=2965504, size=0 bytes
📝 Piece 0: offset=2965504, size=11022 bytes
📝 Piece 0: offset=2976526, size=5362 bytes
📝 Piece 0: offset=2981888, size=16384 bytes
📝 Piece 0: offset=2998272, size=0 bytes
📝 Piece 0: offset=2998272, size=10996 bytes
📝 Piece 0: offset=3009268, size=5388 bytes
📝 Piece 0: offset=3031040, size=16384 bytes
📝 Piece 0: offset=3047424, size=0 bytes
📝 Piece 0: offset=3014656, size=10970 bytes
📝 Piece 0: offset=3025626, size=5414 bytes
📝 Piece 0: offset=3047424, size=16384 bytes
📝 Piece 0: offset=3063808, size=0 bytes
📝 Piece 0: offset=3063808, size=10944 bytes
📝 Piece 0: offset=3074752, size=5440 bytes
📝 Piece 0: offset=3080192, size=16384 bytes
📝 Piece 0: offset=3096576, size=0 bytes
📝 Piece 0: offset=3096576, size=10918 bytes
📝 Piece 0: offset=3107494, size=5466 bytes
📝 Piece 0: offset=3112960, size=16384 bytes
📝 Piece 0: offset=3129344, size=0 bytes
📝 Piece 0: offset=3129344, size=10892 bytes
📝 Piece 0: offset=3140236, size=5492 bytes
📝 Piece 0: offset=3145728, size=16384 bytes
📝 Piece 0: offset=3162112, size=0 bytes
📝 Piece 0: offset=3162112, size=10866 bytes
📝 Piece 0: offset=3172978, size=5518 bytes
📝 Piece 0: offset=3178496, size=16384 bytes
📝 Piece 0: offset=3194880, size=0 bytes
📝 Piece 0: offset=3194880, size=10840 bytes
📝 Piece 0: offset=3205720, size=5544 bytes
📝 Piece 0: offset=3211264, size=16384 bytes
📝 Piece 0: offset=3227648, size=0 bytes
📝 Piece 0: offset=3227648, size=10814 bytes
📝 Piece 0: offset=3238462, size=5570 bytes
📝 Piece 0: offset=3244032, size=16384 bytes
📝 Piece 0: offset=3260416, size=0 bytes
📝 Piece 0: offset=3260416, size=10788 bytes
📝 Piece 0: offset=3271204, size=5596 bytes
📝 Piece 0: offset=3276800, size=16384 bytes
📝 Piece 0: offset=3293184, size=0 bytes
📝 Piece 0: offset=3293184, size=10762 bytes
📝 Piece 0: offset=3303946, size=5622 bytes
📝 Piece 0: offset=3309568, size=16384 bytes
📝 Piece 0: offset=3325952, size=0 bytes
📝 Piece 0: offset=3342336, size=10736 bytes
📝 Piece 0: offset=3353072, size=5648 bytes
📝 Piece 0: offset=3325952, size=16384 bytes
📝 Piece 0: offset=3342336, size=0 bytes
📝 Piece 0: offset=3358720, size=10710 bytes
📝 Piece 0: offset=3369430, size=5674 bytes
📝 Piece 0: offset=3391488, size=16384 bytes
📝 Piece 0: offset=3407872, size=0 bytes
📝 Piece 0: offset=3375104, size=10684 bytes
📝 Piece 0: offset=3385788, size=5700 bytes
📝 Piece 0: offset=3407872, size=16384 bytes
📝 Piece 0: offset=3424256, size=0 bytes
📝 Piece 0: offset=3424256, size=10658 bytes
📝 Piece 0: offset=3434914, size=5726 bytes
📝 Piece 0: offset=3457024, size=16384 bytes
📝 Piece 0: offset=3473408, size=0 bytes
📝 Piece 0: offset=3473408, size=10632 bytes
📝 Piece 0: offset=3484040, size=5752 bytes
📝 Piece 0: offset=3440640, size=16384 bytes
📝 Piece 0: offset=3457024, size=0 bytes
📝 Piece 0: offset=3489792, size=10606 bytes
📝 Piece 0: offset=3500398, size=5778 bytes
📝 Piece 0: offset=3522560, size=16384 bytes
📝 Piece 0: offset=3538944, size=0 bytes
📝 Piece 0: offset=3506176, size=10580 bytes
📝 Piece 0: offset=3516756, size=5804 bytes
📝 Piece 0: offset=3538944, size=16384 bytes
📝 Piece 0: offset=3555328, size=0 bytes
📝 Piece 0: offset=3555328, size=10554 bytes
📝 Piece 0: offset=3565882, size=5830 bytes
📝 Piece 0: offset=3571712, size=16384 bytes
📝 Piece 0: offset=3588096, size=0 bytes
📝 Piece 0: offset=3604480, size=10528 bytes
📝 Piece 0: offset=3615008, size=5856 bytes
📝 Piece 0: offset=3588096, size=16384 bytes
📝 Piece 0: offset=3604480, size=0 bytes
📝 Piece 0: offset=3620864, size=10502 bytes
📝 Piece 0: offset=3631366, size=5882 bytes
📝 Piece 0: offset=3637248, size=16384 bytes
📝 Piece 0: offset=3653632, size=0 bytes
📝 Piece 0: offset=3653632, size=10476 bytes
📝 Piece 0: offset=3664108, size=5908 bytes
📝 Piece 0: offset=3686400, size=16384 bytes
📝 Piece 0: offset=3702784, size=0 bytes
📝 Piece 0: offset=3670016, size=10450 bytes
📝 Piece 0: offset=3680466, size=5934 bytes
📝 Piece 0: offset=3702784, size=16384 bytes
📝 Piece 0: offset=3719168, size=0 bytes
📝 Piece 0: offset=3719168, size=10424 bytes
📝 Piece 0: offset=3729592, size=5960 bytes
📝 Piece 0: offset=3751936, size=16384 bytes
📝 Piece 0: offset=3768320, size=0 bytes
📝 Piece 0: offset=3735552, size=10398 bytes
📝 Piece 0: offset=3745950, size=5986 bytes
📝 Piece 0: offset=3768320, size=16384 bytes
📝 Piece 0: offset=3784704, size=0 bytes
📊 live: 0.00% (0 / 85.0Gi) [down speed: 1.17 MiB/s, eta: 20h 34m, up speed: 0.00 MiB/s]
.📝 Piece 0: offset=3784704, size=10372 bytes
📝 Piece 0: offset=3795076, size=6012 bytes
📝 Piece 0: offset=3801088, size=16384 bytes
📝 Piece 0: offset=3817472, size=0 bytes
📝 Piece 0: offset=3817472, size=10346 bytes
📝 Piece 0: offset=3827818, size=6038 bytes
📝 Piece 0: offset=3833856, size=16384 bytes
📝 Piece 0: offset=3850240, size=0 bytes
📝 Piece 0: offset=3850240, size=10320 bytes
📝 Piece 0: offset=3860560, size=6064 bytes
📝 Piece 0: offset=3866624, size=16384 bytes
📝 Piece 0: offset=3883008, size=0 bytes
📝 Piece 0: offset=3883008, size=10294 bytes
📝 Piece 0: offset=3893302, size=6090 bytes
📝 Piece 0: offset=3899392, size=16384 bytes
📝 Piece 0: offset=3915776, size=0 bytes
📝 Piece 0: offset=3915776, size=10268 bytes
📝 Piece 0: offset=3926044, size=6116 bytes
📝 Piece 0: offset=3932160, size=16384 bytes
📝 Piece 0: offset=3948544, size=0 bytes
📝 Piece 0: offset=3948544, size=10242 bytes
📝 Piece 0: offset=3958786, size=6142 bytes
📝 Piece 0: offset=3964928, size=16384 bytes
📝 Piece 0: offset=3981312, size=0 bytes
📝 Piece 0: offset=3997696, size=10216 bytes
📝 Piece 0: offset=4007912, size=6168 bytes
📝 Piece 0: offset=3981312, size=16384 bytes
📝 Piece 0: offset=3997696, size=0 bytes
📝 Piece 0: offset=4014080, size=10190 bytes
📝 Piece 0: offset=4024270, size=6194 bytes
📝 Piece 0: offset=4030464, size=16384 bytes
📝 Piece 0: offset=4046848, size=0 bytes
📝 Piece 0: offset=4063232, size=10164 bytes
📝 Piece 0: offset=4073396, size=6220 bytes
📝 Piece 0: offset=4079616, size=16384 bytes
📝 Piece 0: offset=4096000, size=0 bytes
📝 Piece 0: offset=4046848, size=10138 bytes
📝 Piece 0: offset=4056986, size=6246 bytes
📝 Piece 0: offset=4112384, size=16384 bytes
📝 Piece 0: offset=4128768, size=0 bytes
📝 Piece 0: offset=4128768, size=10112 bytes
📝 Piece 0: offset=4138880, size=6272 bytes
📝 Piece 0: offset=4096000, size=16384 bytes
📝 Piece 0: offset=4112384, size=0 bytes
📝 Piece 0: offset=4145152, size=10086 bytes
📝 Piece 0: offset=4155238, size=6298 bytes
📝 Piece 0: offset=4161536, size=16384 bytes
📝 Piece 0: offset=4177920, size=0 bytes
📝 Piece 0: offset=4177920, size=10060 bytes
📝 Piece 0: offset=4187980, size=6324 bytes
....📊 live: 0.00% (0 / 85.0Gi) [down speed: 0.00 MiB/s, up speed: 0.00 MiB/s]
.....📊 live: 0.00% (0 / 85.0Gi) [down speed: 0.00 MiB/s, up speed: 0.00 MiB/s]
.....📊 live: 0.00% (0 / 85.0Gi) [down speed: 0.00 MiB/s, up speed: 0.00 MiB/s]
.....📊 live: 0.00% (0 / 85.0Gi) [down speed: 0.00 MiB/s, up speed: 0.00 MiB/s]
.....📊 live: 0.00% (0 / 85.0Gi) [down speed: 0.00 MiB/s, up speed: 0.00 MiB/s]
.....📊 live: 0.00% (0 / 85.0Gi) [down speed: 0.00 MiB/s, up speed: 0.00 MiB/s]
.....📊 live: 0.00% (0 / 85.0Gi) [down speed: 0.00 MiB/s, up speed: 0.00 MiB/s]
.....📊 live: 0.00% (0 / 85.0Gi) [down speed: 0.00 MiB/s, up speed: 0.00 MiB/s]
.....📊 live: 0.00% (0 / 85.0Gi) [down speed: 0.00 MiB/s, up speed: 0.00 MiB/s]
.....📊 live: 0.00% (0 / 85.0Gi) [down speed: 0.00 MiB/s, up speed: 0.00 MiB/s]
.....📊 live: 0.00% (0 / 85.0Gi) [down speed: 0.00 MiB/s, up speed: 0.00 MiB/s]
.....📊 live: 0.00% (0 / 85.0Gi) [down speed: 0.00 MiB/s, up speed: 0.00 MiB/s]
.....📊 live: 0.00% (0 / 85.0Gi) [down speed: 0.00 MiB/s, up speed: 0.00 MiB/s]
.....📊 live: 0.00% (0 / 85.0Gi) [down speed: 0.00 MiB/s, up speed: 0.00 MiB/s]
.....📊 live: 0.00% (0 / 85.0Gi) [down speed: 0.00 MiB/s, up speed: 0.00 MiB/s]
.....📊 live: 0.00% (0 / 85.0Gi) [down speed: 0.00 MiB/s, up speed: 0.00 MiB/s]
.....📊 live: 0.00% (0 / 85.0Gi) [down speed: 0.00 MiB/s, up speed: 0.00 MiB/s]
.....📊 live: 0.00% (0 / 85.0Gi) [down speed: 0.00 MiB/s, up speed: 0.00 MiB/s]
.....📊 live: 0.00% (0 / 85.0Gi) [down speed: 0.00 MiB/s, up speed: 0.00 MiB/s]
.....📊 live: 0.00% (0 / 85.0Gi) [down speed: 0.00 MiB/s, up speed: 0.00 MiB/s]
.....📊 live: 0.00% (0 / 85.0Gi) [down speed: 0.00 MiB/s, up speed: 0.00 MiB/s]
.....📊 live: 0.00% (0 / 85.0Gi) [down speed: 0.00 MiB/s, up speed: 0.00 MiB/s]
.....📊 live: 0.00% (0 / 85.0Gi) [down speed: 0.00 MiB/s, up speed: 0.00 MiB/s]
.....📊 live: 0.00% (0 / 85.0Gi) [down speed: 0.00 MiB/s, up speed: 0.00 MiB/s]
.....📊 live: 0.00% (0 / 85.0Gi) [down speed: 0.00 MiB/s, up speed: 0.00 MiB/s]
.....📊 live: 0.00% (0 / 85.0Gi) [down speed: 0.00 MiB/s, up speed: 0.00 MiB/s]
.....📊 live: 0.00% (0 / 85.0Gi) [down speed: 0.00 MiB/s, up speed: 0.00 MiB/s]
.....📊 live: 0.00% (0 / 85.0Gi) [down speed: 0.00 MiB/s, up speed: 0.00 MiB/s]
.....📊 live: 0.00% (0 / 85.0Gi) [down speed: 0.00 MiB/s, up speed: 0.00 MiB/s]
.....📊 live: 0.00% (0 / 85.0Gi) [down speed: 0.00 MiB/s, up speed: 0.00 MiB/s]
.....📊 live: 0.00% (0 / 85.0Gi) [down speed: 0.00 MiB/s, up speed: 0.00 MiB/s]
.....📊 live: 0.00% (0 / 85.0Gi) [down speed: 0.00 MiB/s, up speed: 0.00 MiB/s]
.....📊 live: 0.00% (0 / 85.0Gi) [down speed: 0.00 MiB/s, up speed: 0.00 MiB/s]
.....📊 live: 0.00% (0 / 85.0Gi) [down speed: 0.00 MiB/s, up speed: 0.00 MiB/s]
.....📊 live: 0.00% (0 / 85.0Gi) [down speed: 0.00 MiB/s, up speed: 0.00 MiB/s]
.....📊 live: 0.00% (0 / 85.0Gi) [down speed: 0.00 MiB/s, up speed: 0.00 MiB/s]
.....📊 live: 0.00% (0 / 85.0Gi) [down speed: 0.00 MiB/s, up speed: 0.00 MiB/s]
.....📊 live: 0.00% (0 / 85.0Gi) [down speed: 0.00 MiB/s, up speed: 0.00 MiB/s]
.....📊 live: 0.00% (0 / 85.0Gi) [down speed: 0.00 MiB/s, up speed: 0.00 MiB/s]
.....📊 live: 0.00% (0 / 85.0Gi) [down speed: 0.00 MiB/s, up speed: 0.00 MiB/s]
.....📊 live: 0.00% (0 / 85.0Gi) [down speed: 0.00 MiB/s, up speed: 0.00 MiB/s]
.....📊 live: 0.00% (0 / 85.0Gi) [down speed: 0.00 MiB/s, up speed: 0.00 MiB/s]
.....📊 live: 0.00% (0 / 85.0Gi) [down speed: 0.00 MiB/s, up speed: 0.00 MiB/s]
.....📝 Piece 0: offset=0, size=16384 bytes
📝 Piece 0: offset=16384, size=0 bytes
📝 Piece 0: offset=16384, size=13444 bytes
📝 Piece 0: offset=29828, size=2940 bytes
📝 Piece 0: offset=32768, size=16384 bytes
📝 Piece 0: offset=49152, size=0 bytes
📝 Piece 0: offset=49152, size=13418 bytes
📝 Piece 0: offset=62570, size=2966 bytes
📝 Piece 0: offset=65536, size=16384 bytes
📝 Piece 0: offset=81920, size=0 bytes
📝 Piece 0: offset=81920, size=13392 bytes
📝 Piece 0: offset=95312, size=2992 bytes
📝 Piece 0: offset=98304, size=16384 bytes
📝 Piece 0: offset=114688, size=0 bytes
📝 Piece 0: offset=114688, size=13366 bytes
📝 Piece 0: offset=128054, size=3018 bytes
📝 Piece 0: offset=131072, size=16384 bytes
📝 Piece 0: offset=147456, size=0 bytes
📝 Piece 0: offset=147456, size=13340 bytes
📝 Piece 0: offset=160796, size=3044 bytes
📝 Piece 0: offset=163840, size=16384 bytes
📝 Piece 0: offset=180224, size=0 bytes
📝 Piece 0: offset=180224, size=13314 bytes
📝 Piece 0: offset=193538, size=3070 bytes
📝 Piece 0: offset=196608, size=16384 bytes
📝 Piece 0: offset=212992, size=0 bytes
📝 Piece 0: offset=212992, size=13288 bytes
📝 Piece 0: offset=226280, size=3096 bytes
📝 Piece 0: offset=229376, size=16384 bytes
📝 Piece 0: offset=245760, size=0 bytes
📝 Piece 0: offset=245760, size=13262 bytes
📝 Piece 0: offset=259022, size=3122 bytes
📝 Piece 0: offset=262144, size=16384 bytes
📝 Piece 0: offset=278528, size=0 bytes
📝 Piece 0: offset=278528, size=13236 bytes
📝 Piece 0: offset=291764, size=3148 bytes
📝 Piece 0: offset=294912, size=16384 bytes
📝 Piece 0: offset=311296, size=0 bytes
📝 Piece 0: offset=311296, size=13210 bytes
📝 Piece 0: offset=324506, size=3174 bytes
📝 Piece 0: offset=327680, size=16384 bytes
📝 Piece 0: offset=344064, size=0 bytes
📝 Piece 0: offset=344064, size=13184 bytes
📝 Piece 0: offset=357248, size=3200 bytes
📝 Piece 0: offset=360448, size=16384 bytes
📝 Piece 0: offset=376832, size=0 bytes
📝 Piece 0: offset=376832, size=13158 bytes
📝 Piece 0: offset=389990, size=3226 bytes
📝 Piece 0: offset=393216, size=16384 bytes
📝 Piece 0: offset=409600, size=0 bytes
📝 Piece 0: offset=409600, size=13132 bytes
📝 Piece 0: offset=422732, size=3252 bytes
📝 Piece 0: offset=425984, size=16384 bytes
📝 Piece 0: offset=442368, size=0 bytes
📝 Piece 0: offset=442368, size=13106 bytes
📝 Piece 0: offset=455474, size=3278 bytes
📝 Piece 0: offset=458752, size=16384 bytes
📝 Piece 0: offset=475136, size=0 bytes
📝 Piece 0: offset=475136, size=13080 bytes
📝 Piece 0: offset=488216, size=3304 bytes
📝 Piece 0: offset=491520, size=16384 bytes
📝 Piece 0: offset=507904, size=0 bytes
📝 Piece 0: offset=507904, size=13054 bytes
📝 Piece 0: offset=520958, size=3330 bytes
📝 Piece 0: offset=524288, size=16384 bytes
📝 Piece 0: offset=540672, size=0 bytes
📝 Piece 0: offset=540672, size=13028 bytes
📝 Piece 0: offset=553700, size=3356 bytes
📝 Piece 0: offset=557056, size=16384 bytes
📝 Piece 0: offset=573440, size=0 bytes
📝 Piece 0: offset=573440, size=13002 bytes
📝 Piece 0: offset=586442, size=3382 bytes
📝 Piece 0: offset=589824, size=16384 bytes
📝 Piece 0: offset=606208, size=0 bytes
📝 Piece 0: offset=606208, size=12976 bytes
📝 Piece 0: offset=619184, size=3408 bytes
📝 Piece 0: offset=622592, size=16384 bytes
📝 Piece 0: offset=638976, size=0 bytes
📝 Piece 0: offset=638976, size=12950 bytes
📝 Piece 0: offset=651926, size=3434 bytes
📝 Piece 0: offset=655360, size=16384 bytes
📝 Piece 0: offset=671744, size=0 bytes
📝 Piece 0: offset=671744, size=12924 bytes
📝 Piece 0: offset=684668, size=3460 bytes
📝 Piece 0: offset=688128, size=16384 bytes
📝 Piece 0: offset=704512, size=0 bytes
📝 Piece 0: offset=704512, size=12898 bytes
📝 Piece 0: offset=717410, size=3486 bytes
📝 Piece 0: offset=720896, size=16384 bytes
📝 Piece 0: offset=737280, size=0 bytes
📝 Piece 0: offset=737280, size=12872 bytes
📝 Piece 0: offset=750152, size=3512 bytes
📝 Piece 0: offset=753664, size=16384 bytes
📝 Piece 0: offset=770048, size=0 bytes
📝 Piece 0: offset=770048, size=12846 bytes
📝 Piece 0: offset=782894, size=3538 bytes
📝 Piece 0: offset=786432, size=16384 bytes
📝 Piece 0: offset=802816, size=0 bytes
📝 Piece 0: offset=802816, size=12820 bytes
📝 Piece 0: offset=815636, size=3564 bytes
📝 Piece 0: offset=819200, size=16384 bytes
📝 Piece 0: offset=835584, size=0 bytes
📝 Piece 0: offset=835584, size=12794 bytes
📝 Piece 0: offset=848378, size=3590 bytes
📝 Piece 0: offset=851968, size=16384 bytes
📝 Piece 0: offset=868352, size=0 bytes
📝 Piece 0: offset=868352, size=12768 bytes
📝 Piece 0: offset=881120, size=3616 bytes
📝 Piece 0: offset=884736, size=16384 bytes
📝 Piece 0: offset=901120, size=0 bytes
📝 Piece 0: offset=901120, size=12742 bytes
📝 Piece 0: offset=913862, size=3642 bytes
📝 Piece 0: offset=917504, size=16384 bytes
📝 Piece 0: offset=933888, size=0 bytes
📝 Piece 0: offset=933888, size=12716 bytes
📝 Piece 0: offset=946604, size=3668 bytes
📝 Piece 0: offset=950272, size=16384 bytes
📝 Piece 0: offset=966656, size=0 bytes
📝 Piece 0: offset=966656, size=12690 bytes
📝 Piece 0: offset=979346, size=3694 bytes
📝 Piece 0: offset=983040, size=16384 bytes
📝 Piece 0: offset=999424, size=0 bytes
📝 Piece 0: offset=999424, size=12664 bytes
📝 Piece 0: offset=1012088, size=3720 bytes
📝 Piece 0: offset=1015808, size=16384 bytes
📝 Piece 0: offset=1032192, size=0 bytes
📝 Piece 0: offset=1032192, size=12638 bytes
📝 Piece 0: offset=1044830, size=3746 bytes
📝 Piece 0: offset=1048576, size=16384 bytes
📝 Piece 0: offset=1064960, size=0 bytes
📝 Piece 0: offset=1064960, size=12612 bytes
📝 Piece 0: offset=1077572, size=3772 bytes
📝 Piece 0: offset=1081344, size=16384 bytes
📝 Piece 0: offset=1097728, size=0 bytes
📝 Piece 0: offset=1097728, size=12586 bytes
📝 Piece 0: offset=1110314, size=3798 bytes
📝 Piece 0: offset=1114112, size=16384 bytes
📝 Piece 0: offset=1130496, size=0 bytes
📝 Piece 0: offset=1130496, size=12560 bytes
📝 Piece 0: offset=1143056, size=3824 bytes
📝 Piece 0: offset=1146880, size=16384 bytes
📝 Piece 0: offset=1163264, size=0 bytes
📝 Piece 0: offset=1163264, size=12534 bytes
📝 Piece 0: offset=1175798, size=3850 bytes
📝 Piece 0: offset=1179648, size=16384 bytes
📝 Piece 0: offset=1196032, size=0 bytes
📝 Piece 0: offset=1196032, size=12508 bytes
📝 Piece 0: offset=1208540, size=3876 bytes
📝 Piece 0: offset=1212416, size=16384 bytes
📝 Piece 0: offset=1228800, size=0 bytes
📝 Piece 0: offset=1228800, size=12482 bytes
📝 Piece 0: offset=1241282, size=3902 bytes
📝 Piece 0: offset=1245184, size=16384 bytes
📝 Piece 0: offset=1261568, size=0 bytes
📝 Piece 0: offset=1261568, size=12456 bytes
📝 Piece 0: offset=1274024, size=3928 bytes
📝 Piece 0: offset=1277952, size=16384 bytes
📝 Piece 0: offset=1294336, size=0 bytes
📝 Piece 0: offset=1294336, size=12430 bytes
📝 Piece 0: offset=1306766, size=3954 bytes
📝 Piece 0: offset=1310720, size=16384 bytes
📝 Piece 0: offset=1327104, size=0 bytes
📝 Piece 0: offset=1327104, size=12404 bytes
📝 Piece 0: offset=1339508, size=3980 bytes
📝 Piece 0: offset=1343488, size=16384 bytes
📝 Piece 0: offset=1359872, size=0 bytes
📝 Piece 0: offset=1359872, size=12378 bytes
📝 Piece 0: offset=1372250, size=4006 bytes
📝 Piece 0: offset=1376256, size=16384 bytes
📝 Piece 0: offset=1392640, size=0 bytes
📝 Piece 0: offset=1392640, size=12352 bytes
📝 Piece 0: offset=1404992, size=4032 bytes
📝 Piece 0: offset=1409024, size=16384 bytes
📝 Piece 0: offset=1425408, size=0 bytes
📝 Piece 0: offset=1425408, size=12326 bytes
📝 Piece 0: offset=1437734, size=4058 bytes
📝 Piece 0: offset=1441792, size=16384 bytes
📝 Piece 0: offset=1458176, size=0 bytes
📝 Piece 0: offset=1458176, size=12300 bytes
📝 Piece 0: offset=1470476, size=4084 bytes
📝 Piece 0: offset=1474560, size=16384 bytes
📝 Piece 0: offset=1490944, size=0 bytes
📝 Piece 0: offset=1490944, size=12274 bytes
📝 Piece 0: offset=1503218, size=4110 bytes
📝 Piece 0: offset=1507328, size=16384 bytes
📝 Piece 0: offset=1523712, size=0 bytes
📝 Piece 0: offset=1523712, size=12248 bytes
📝 Piece 0: offset=1535960, size=4136 bytes
📝 Piece 0: offset=1540096, size=16384 bytes
📝 Piece 0: offset=1556480, size=0 bytes
📝 Piece 0: offset=1556480, size=12222 bytes
📝 Piece 0: offset=1568702, size=4162 bytes
📝 Piece 0: offset=1572864, size=16384 bytes
📝 Piece 0: offset=1589248, size=0 bytes
📝 Piece 0: offset=1589248, size=12196 bytes
📝 Piece 0: offset=1601444, size=4188 bytes
📝 Piece 0: offset=1605632, size=16384 bytes
📝 Piece 0: offset=1622016, size=0 bytes
📝 Piece 0: offset=1622016, size=12170 bytes
📝 Piece 0: offset=1634186, size=4214 bytes
📝 Piece 0: offset=1638400, size=16384 bytes
📝 Piece 0: offset=1654784, size=0 bytes
📝 Piece 0: offset=1654784, size=12144 bytes
📝 Piece 0: offset=1666928, size=4240 bytes
📝 Piece 0: offset=1671168, size=16384 bytes
📝 Piece 0: offset=1687552, size=0 bytes
📝 Piece 0: offset=1687552, size=12118 bytes
📝 Piece 0: offset=1699670, size=4266 bytes
📝 Piece 0: offset=1703936, size=16384 bytes
📝 Piece 0: offset=1720320, size=0 bytes
📝 Piece 0: offset=1720320, size=12092 bytes
📝 Piece 0: offset=1732412, size=4292 bytes
📝 Piece 0: offset=1736704, size=16384 bytes
📝 Piece 0: offset=1753088, size=0 bytes
📝 Piece 0: offset=1753088, size=12066 bytes
📝 Piece 0: offset=1765154, size=4318 bytes
📝 Piece 0: offset=1769472, size=16384 bytes
📝 Piece 0: offset=1785856, size=0 bytes
📝 Piece 0: offset=1785856, size=12040 bytes
📝 Piece 0: offset=1797896, size=4344 bytes
📝 Piece 0: offset=1802240, size=16384 bytes
📝 Piece 0: offset=1818624, size=0 bytes
📝 Piece 0: offset=1818624, size=12014 bytes
📝 Piece 0: offset=1830638, size=4370 bytes
📝 Piece 0: offset=1835008, size=16384 bytes
📝 Piece 0: offset=1851392, size=0 bytes
📝 Piece 0: offset=1851392, size=11988 bytes
📝 Piece 0: offset=1863380, size=4396 bytes
📝 Piece 0: offset=1867776, size=16384 bytes
📝 Piece 0: offset=1884160, size=0 bytes
📝 Piece 0: offset=1884160, size=11962 bytes
📝 Piece 0: offset=1896122, size=4422 bytes
📝 Piece 0: offset=1900544, size=16384 bytes
📝 Piece 0: offset=1916928, size=0 bytes
📝 Piece 0: offset=1916928, size=11936 bytes
📝 Piece 0: offset=1928864, size=4448 bytes
📝 Piece 0: offset=1933312, size=16384 bytes
📝 Piece 0: offset=1949696, size=0 bytes
📝 Piece 0: offset=1949696, size=11910 bytes
📝 Piece 0: offset=1961606, size=4474 bytes
📝 Piece 0: offset=1966080, size=16384 bytes
📝 Piece 0: offset=1982464, size=0 bytes
📝 Piece 0: offset=1982464, size=11884 bytes
📝 Piece 0: offset=1994348, size=4500 bytes
📝 Piece 0: offset=1998848, size=16384 bytes
📝 Piece 0: offset=2015232, size=0 bytes
📝 Piece 0: offset=2015232, size=11858 bytes
📝 Piece 0: offset=2027090, size=4526 bytes
📝 Piece 0: offset=2031616, size=16384 bytes
📝 Piece 0: offset=2048000, size=0 bytes
📝 Piece 0: offset=2048000, size=11832 bytes
📝 Piece 0: offset=2059832, size=4552 bytes
📝 Piece 0: offset=2064384, size=16384 bytes
📝 Piece 0: offset=2080768, size=0 bytes
📝 Piece 0: offset=2080768, size=11806 bytes
📝 Piece 0: offset=2092574, size=4578 bytes
📝 Piece 0: offset=2097152, size=16384 bytes
📝 Piece 0: offset=2113536, size=0 bytes
📝 Piece 0: offset=2113536, size=11780 bytes
📝 Piece 0: offset=2125316, size=4604 bytes
📝 Piece 0: offset=2129920, size=16384 bytes
📝 Piece 0: offset=2146304, size=0 bytes
📝 Piece 0: offset=2146304, size=11754 bytes
📝 Piece 0: offset=2158058, size=4630 bytes
📝 Piece 0: offset=2162688, size=16384 bytes
📝 Piece 0: offset=2179072, size=0 bytes
📝 Piece 0: offset=2179072, size=11728 bytes
📝 Piece 0: offset=2190800, size=4656 bytes
📝 Piece 0: offset=2195456, size=16384 bytes
📝 Piece 0: offset=2211840, size=0 bytes
📝 Piece 0: offset=2211840, size=11702 bytes
📝 Piece 0: offset=2223542, size=4682 bytes
📝 Piece 0: offset=2228224, size=16384 bytes
📝 Piece 0: offset=2244608, size=0 bytes
📝 Piece 0: offset=2244608, size=11676 bytes
📝 Piece 0: offset=2256284, size=4708 bytes
📝 Piece 0: offset=2260992, size=16384 bytes
📝 Piece 0: offset=2277376, size=0 bytes
📝 Piece 0: offset=2277376, size=11650 bytes
📝 Piece 0: offset=2289026, size=4734 bytes
📝 Piece 0: offset=2293760, size=16384 bytes
📝 Piece 0: offset=2310144, size=0 bytes
📝 Piece 0: offset=2310144, size=11624 bytes
📝 Piece 0: offset=2321768, size=4760 bytes
📝 Piece 0: offset=2326528, size=16384 bytes
📝 Piece 0: offset=2342912, size=0 bytes
📝 Piece 0: offset=2342912, size=11598 bytes
📝 Piece 0: offset=2354510, size=4786 bytes
📝 Piece 0: offset=2359296, size=16384 bytes
📝 Piece 0: offset=2375680, size=0 bytes
📝 Piece 0: offset=2375680, size=11572 bytes
📝 Piece 0: offset=2387252, size=4812 bytes
📝 Piece 0: offset=2392064, size=16384 bytes
📝 Piece 0: offset=2408448, size=0 bytes
📝 Piece 0: offset=2408448, size=11546 bytes
📝 Piece 0: offset=2419994, size=4838 bytes
📝 Piece 0: offset=2424832, size=16384 bytes
📝 Piece 0: offset=2441216, size=0 bytes
📝 Piece 0: offset=2441216, size=11520 bytes
📝 Piece 0: offset=2452736, size=4864 bytes
📝 Piece 0: offset=2457600, size=16384 bytes
📝 Piece 0: offset=2473984, size=0 bytes
📝 Piece 0: offset=2473984, size=11494 bytes
📝 Piece 0: offset=2485478, size=4890 bytes
📝 Piece 0: offset=2490368, size=16384 bytes
📝 Piece 0: offset=2506752, size=0 bytes
📝 Piece 0: offset=2506752, size=11468 bytes
📝 Piece 0: offset=2518220, size=4916 bytes
📝 Piece 0: offset=2523136, size=16384 bytes
📝 Piece 0: offset=2539520, size=0 bytes
📝 Piece 0: offset=2539520, size=11442 bytes
📝 Piece 0: offset=2550962, size=4942 bytes
📝 Piece 0: offset=2555904, size=16384 bytes
📝 Piece 0: offset=2572288, size=0 bytes
📝 Piece 0: offset=2572288, size=11416 bytes
📝 Piece 0: offset=2583704, size=4968 bytes
📝 Piece 0: offset=2588672, size=16384 bytes
📝 Piece 0: offset=2605056, size=0 bytes
📝 Piece 0: offset=2605056, size=11390 bytes
📝 Piece 0: offset=2616446, size=4994 bytes
📝 Piece 0: offset=2621440, size=16384 bytes
📝 Piece 0: offset=2637824, size=0 bytes
📝 Piece 0: offset=2637824, size=11364 bytes
📝 Piece 0: offset=2649188, size=5020 bytes
📝 Piece 0: offset=2654208, size=16384 bytes
📝 Piece 0: offset=2670592, size=0 bytes
📝 Piece 0: offset=2670592, size=11338 bytes
📝 Piece 0: offset=2681930, size=5046 bytes
📝 Piece 0: offset=2686976, size=16384 bytes
📝 Piece 0: offset=2703360, size=0 bytes
📝 Piece 0: offset=2703360, size=11312 bytes
📝 Piece 0: offset=2714672, size=5072 bytes
📝 Piece 0: offset=2719744, size=16384 bytes
📝 Piece 0: offset=2736128, size=0 bytes
📝 Piece 0: offset=2736128, size=11286 bytes
📝 Piece 0: offset=2747414, size=5098 bytes
📝 Piece 0: offset=2752512, size=16384 bytes
📝 Piece 0: offset=2768896, size=0 bytes
📝 Piece 0: offset=2768896, size=11260 bytes
📝 Piece 0: offset=2780156, size=5124 bytes
📝 Piece 0: offset=2785280, size=16384 bytes
📝 Piece 0: offset=2801664, size=0 bytes
📝 Piece 0: offset=2801664, size=11234 bytes
📝 Piece 0: offset=2812898, size=5150 bytes
📝 Piece 0: offset=2818048, size=16384 bytes
📝 Piece 0: offset=2834432, size=0 bytes
📝 Piece 0: offset=2834432, size=11208 bytes
📝 Piece 0: offset=2845640, size=5176 bytes
📝 Piece 0: offset=2850816, size=16384 bytes
📝 Piece 0: offset=2867200, size=0 bytes
📝 Piece 0: offset=2867200, size=11182 bytes
📝 Piece 0: offset=2878382, size=5202 bytes
📝 Piece 0: offset=2883584, size=16384 bytes
📝 Piece 0: offset=2899968, size=0 bytes
📝 Piece 0: offset=2899968, size=11156 bytes
📝 Piece 0: offset=2911124, size=5228 bytes
📝 Piece 0: offset=2916352, size=16384 bytes
📝 Piece 0: offset=2932736, size=0 bytes
📝 Piece 0: offset=2932736, size=11130 bytes
📝 Piece 0: offset=2943866, size=5254 bytes
📝 Piece 0: offset=2949120, size=16384 bytes
📝 Piece 0: offset=2965504, size=0 bytes
📝 Piece 0: offset=2965504, size=11104 bytes
📝 Piece 0: offset=2976608, size=5280 bytes
📝 Piece 0: offset=2981888, size=16384 bytes
📝 Piece 0: offset=2998272, size=0 bytes
📝 Piece 0: offset=2998272, size=11078 bytes
📝 Piece 0: offset=3009350, size=5306 bytes
📝 Piece 0: offset=3014656, size=16384 bytes
📝 Piece 0: offset=3031040, size=0 bytes
📝 Piece 0: offset=3031040, size=11052 bytes
📝 Piece 0: offset=3042092, size=5332 bytes
📝 Piece 0: offset=3047424, size=16384 bytes
📝 Piece 0: offset=3063808, size=0 bytes
📝 Piece 0: offset=3063808, size=11026 bytes
📝 Piece 0: offset=3074834, size=5358 bytes
📝 Piece 0: offset=3080192, size=16384 bytes
📝 Piece 0: offset=3096576, size=0 bytes
📝 Piece 0: offset=3096576, size=11000 bytes
📝 Piece 0: offset=3107576, size=5384 bytes
📝 Piece 0: offset=3112960, size=16384 bytes
📝 Piece 0: offset=3129344, size=0 bytes
📝 Piece 0: offset=3129344, size=10974 bytes
📝 Piece 0: offset=3140318, size=5410 bytes
📝 Piece 0: offset=3145728, size=16384 bytes
📝 Piece 0: offset=3162112, size=0 bytes
📝 Piece 0: offset=3162112, size=10948 bytes
📝 Piece 0: offset=3173060, size=5436 bytes
📝 Piece 0: offset=3178496, size=16384 bytes
📝 Piece 0: offset=3194880, size=0 bytes
📝 Piece 0: offset=3194880, size=10922 bytes
📝 Piece 0: offset=3205802, size=5462 bytes
📝 Piece 0: offset=3211264, size=16384 bytes
📝 Piece 0: offset=3227648, size=0 bytes
📝 Piece 0: offset=3227648, size=10896 bytes
📝 Piece 0: offset=3238544, size=5488 bytes
📝 Piece 0: offset=3244032, size=16384 bytes
📝 Piece 0: offset=3260416, size=0 bytes
📝 Piece 0: offset=3260416, size=10870 bytes
📝 Piece 0: offset=3271286, size=5514 bytes
📝 Piece 0: offset=3276800, size=16384 bytes
📝 Piece 0: offset=3293184, size=0 bytes
📝 Piece 0: offset=3293184, size=10844 bytes
📝 Piece 0: offset=3304028, size=5540 bytes
📝 Piece 0: offset=3309568, size=16384 bytes
📝 Piece 0: offset=3325952, size=0 bytes
📝 Piece 0: offset=3325952, size=10818 bytes
📝 Piece 0: offset=3336770, size=5566 bytes
📝 Piece 0: offset=3342336, size=16384 bytes
📝 Piece 0: offset=3358720, size=0 bytes
📝 Piece 0: offset=3358720, size=10792 bytes
📝 Piece 0: offset=3369512, size=5592 bytes
📝 Piece 0: offset=3375104, size=16384 bytes
📝 Piece 0: offset=3391488, size=0 bytes
📝 Piece 0: offset=3391488, size=10766 bytes
📝 Piece 0: offset=3402254, size=5618 bytes
📝 Piece 0: offset=3407872, size=16384 bytes
📝 Piece 0: offset=3424256, size=0 bytes
📝 Piece 0: offset=3424256, size=10740 bytes
📝 Piece 0: offset=3434996, size=5644 bytes
📝 Piece 0: offset=3440640, size=16384 bytes
📝 Piece 0: offset=3457024, size=0 bytes
📝 Piece 0: offset=3457024, size=10714 bytes
📝 Piece 0: offset=3467738, size=5670 bytes
📝 Piece 0: offset=3473408, size=16384 bytes
📝 Piece 0: offset=3489792, size=0 bytes
📝 Piece 0: offset=3489792, size=10688 bytes
📝 Piece 0: offset=3500480, size=5696 bytes
📝 Piece 0: offset=3506176, size=16384 bytes
📝 Piece 0: offset=3522560, size=0 bytes
📝 Piece 0: offset=3522560, size=10662 bytes
📝 Piece 0: offset=3533222, size=5722 bytes
📝 Piece 0: offset=3538944, size=16384 bytes
📝 Piece 0: offset=3555328, size=0 bytes
📝 Piece 0: offset=3555328, size=10636 bytes
📝 Piece 0: offset=3565964, size=5748 bytes
📝 Piece 0: offset=3571712, size=16384 bytes
📝 Piece 0: offset=3588096, size=0 bytes
📝 Piece 0: offset=3588096, size=10610 bytes
📝 Piece 0: offset=3598706, size=5774 bytes
📝 Piece 0: offset=3604480, size=16384 bytes
📝 Piece 0: offset=3620864, size=0 bytes
📝 Piece 0: offset=3620864, size=10584 bytes
📝 Piece 0: offset=3631448, size=5800 bytes
📝 Piece 0: offset=3637248, size=16384 bytes
📝 Piece 0: offset=3653632, size=0 bytes
📝 Piece 0: offset=3653632, size=10558 bytes
📝 Piece 0: offset=3664190, size=5826 bytes
📝 Piece 0: offset=3670016, size=16384 bytes
📝 Piece 0: offset=3686400, size=0 bytes
📝 Piece 0: offset=3686400, size=10532 bytes
📝 Piece 0: offset=3696932, size=5852 bytes
📝 Piece 0: offset=3702784, size=16384 bytes
📝 Piece 0: offset=3719168, size=0 bytes
📝 Piece 0: offset=3719168, size=10506 bytes
📝 Piece 0: offset=3729674, size=5878 bytes
📝 Piece 0: offset=3735552, size=16384 bytes
📝 Piece 0: offset=3751936, size=0 bytes
📝 Piece 0: offset=3751936, size=10480 bytes
📝 Piece 0: offset=3762416, size=5904 bytes
📝 Piece 0: offset=3768320, size=16384 bytes
📝 Piece 0: offset=3784704, size=0 bytes
📝 Piece 0: offset=3784704, size=10454 bytes
📝 Piece 0: offset=3795158, size=5930 bytes
📝 Piece 0: offset=3801088, size=16384 bytes
📝 Piece 0: offset=3817472, size=0 bytes
📝 Piece 0: offset=3817472, size=10428 bytes
📝 Piece 0: offset=3827900, size=5956 bytes
📝 Piece 0: offset=3833856, size=16384 bytes
📝 Piece 0: offset=3850240, size=0 bytes
📝 Piece 0: offset=3850240, size=10402 bytes
📝 Piece 0: offset=3860642, size=5982 bytes
📝 Piece 0: offset=3866624, size=16384 bytes
📝 Piece 0: offset=3883008, size=0 bytes
📊 live: 0.00% (0 / 85.0Gi) [down speed: 5.33 MiB/s, eta: 4h 32m, up speed: 0.00 MiB/s]
.📝 Piece 0: offset=3883008, size=10376 bytes
📝 Piece 0: offset=3893384, size=6008 bytes
📝 Piece 0: offset=3899392, size=16384 bytes
📝 Piece 0: offset=3915776, size=0 bytes
📝 Piece 0: offset=3915776, size=10350 bytes
📝 Piece 0: offset=3926126, size=6034 bytes
📝 Piece 0: offset=3932160, size=16384 bytes
📝 Piece 0: offset=3948544, size=0 bytes
📝 Piece 0: offset=3948544, size=10324 bytes
📝 Piece 0: offset=3958868, size=6060 bytes
📝 Piece 0: offset=3964928, size=16384 bytes
📝 Piece 0: offset=3981312, size=0 bytes
📝 Piece 0: offset=3981312, size=10298 bytes
📝 Piece 0: offset=3991610, size=6086 bytes
📝 Piece 0: offset=3997696, size=16384 bytes
📝 Piece 0: offset=4014080, size=0 bytes
📝 Piece 0: offset=4014080, size=10272 bytes
📝 Piece 0: offset=4024352, size=6112 bytes
📝 Piece 0: offset=4030464, size=16384 bytes
📝 Piece 0: offset=4046848, size=0 bytes
📝 Piece 0: offset=4046848, size=10246 bytes
📝 Piece 0: offset=4057094, size=6138 bytes
📝 Piece 0: offset=4063232, size=16384 bytes
📝 Piece 0: offset=4079616, size=0 bytes
📝 Piece 0: offset=4079616, size=10220 bytes
📝 Piece 0: offset=4089836, size=6164 bytes
📝 Piece 0: offset=4096000, size=16384 bytes
📝 Piece 0: offset=4112384, size=0 bytes
📝 Piece 0: offset=4112384, size=10194 bytes
📝 Piece 0: offset=4122578, size=6190 bytes
📝 Piece 0: offset=4128768, size=16384 bytes
📝 Piece 0: offset=4145152, size=0 bytes
📝 Piece 0: offset=4145152, size=10168 bytes
📝 Piece 0: offset=4155320, size=6216 bytes
📝 Piece 0: offset=4161536, size=16384 bytes
📝 Piece 0: offset=4177920, size=0 bytes
📝 Piece 0: offset=4177920, size=10142 bytes
📝 Piece 0: offset=4188062, size=6242 bytes
....📊 live: 0.00% (0 / 85.0Gi) [down speed: 0.00 MiB/s, up speed: 0.00 MiB/s]
..📝 Piece 0: offset=0, size=16384 bytes
📝 Piece 0: offset=16384, size=0 bytes
📝 Piece 0: offset=16384, size=13339 bytes
📝 Piece 0: offset=29723, size=3045 bytes
📝 Piece 0: offset=32768, size=16384 bytes
📝 Piece 0: offset=49152, size=0 bytes
📝 Piece 0: offset=49152, size=13313 bytes
📝 Piece 0: offset=62465, size=3071 bytes
📝 Piece 0: offset=65536, size=16384 bytes
📝 Piece 0: offset=81920, size=0 bytes
📝 Piece 0: offset=81920, size=13287 bytes
📝 Piece 0: offset=95207, size=3097 bytes
📝 Piece 0: offset=98304, size=16384 bytes
📝 Piece 0: offset=114688, size=0 bytes
📝 Piece 0: offset=114688, size=13261 bytes
📝 Piece 0: offset=127949, size=3123 bytes
📝 Piece 0: offset=131072, size=16384 bytes
📝 Piece 0: offset=147456, size=0 bytes
📝 Piece 0: offset=147456, size=13235 bytes
📝 Piece 0: offset=160691, size=3149 bytes
📝 Piece 0: offset=163840, size=16384 bytes
📝 Piece 0: offset=180224, size=0 bytes
📝 Piece 0: offset=180224, size=13209 bytes
📝 Piece 0: offset=193433, size=3175 bytes
📝 Piece 0: offset=196608, size=16384 bytes
📝 Piece 0: offset=212992, size=0 bytes
📝 Piece 0: offset=212992, size=13183 bytes
📝 Piece 0: offset=226175, size=3201 bytes
📝 Piece 0: offset=229376, size=16384 bytes
📝 Piece 0: offset=245760, size=0 bytes
📝 Piece 0: offset=245760, size=13157 bytes
📝 Piece 0: offset=258917, size=3227 bytes
📝 Piece 0: offset=262144, size=16384 bytes
📝 Piece 0: offset=278528, size=0 bytes
📝 Piece 0: offset=278528, size=13131 bytes
📝 Piece 0: offset=291659, size=3253 bytes
📝 Piece 0: offset=294912, size=16384 bytes
📝 Piece 0: offset=311296, size=0 bytes
📝 Piece 0: offset=311296, size=13105 bytes
📝 Piece 0: offset=324401, size=3279 bytes
📝 Piece 0: offset=327680, size=16384 bytes
📝 Piece 0: offset=344064, size=0 bytes
📝 Piece 0: offset=344064, size=13079 bytes
📝 Piece 0: offset=357143, size=3305 bytes
📝 Piece 0: offset=360448, size=16384 bytes
📝 Piece 0: offset=376832, size=0 bytes
📝 Piece 0: offset=376832, size=13053 bytes
📝 Piece 0: offset=389885, size=3331 bytes
📝 Piece 0: offset=393216, size=16384 bytes
📝 Piece 0: offset=409600, size=0 bytes
📝 Piece 0: offset=409600, size=13027 bytes
📝 Piece 0: offset=422627, size=3357 bytes
📝 Piece 0: offset=425984, size=16384 bytes
📝 Piece 0: offset=442368, size=0 bytes
📝 Piece 0: offset=442368, size=13001 bytes
📝 Piece 0: offset=455369, size=3383 bytes
📝 Piece 0: offset=458752, size=16384 bytes
📝 Piece 0: offset=475136, size=0 bytes
📝 Piece 0: offset=475136, size=12975 bytes
📝 Piece 0: offset=488111, size=3409 bytes
📝 Piece 0: offset=491520, size=16384 bytes
📝 Piece 0: offset=507904, size=0 bytes
📝 Piece 0: offset=507904, size=12949 bytes
📝 Piece 0: offset=520853, size=3435 bytes
📝 Piece 0: offset=524288, size=16384 bytes
📝 Piece 0: offset=540672, size=0 bytes
📝 Piece 0: offset=540672, size=12923 bytes
📝 Piece 0: offset=553595, size=3461 bytes
📝 Piece 0: offset=557056, size=16384 bytes
📝 Piece 0: offset=573440, size=0 bytes
📝 Piece 0: offset=573440, size=12897 bytes
📝 Piece 0: offset=586337, size=3487 bytes
📝 Piece 0: offset=589824, size=16384 bytes
📝 Piece 0: offset=606208, size=0 bytes
📝 Piece 0: offset=606208, size=12871 bytes
📝 Piece 0: offset=619079, size=3513 bytes
📝 Piece 0: offset=622592, size=16384 bytes
📝 Piece 0: offset=638976, size=0 bytes
📝 Piece 0: offset=638976, size=12845 bytes
📝 Piece 0: offset=651821, size=3539 bytes
📝 Piece 0: offset=655360, size=16384 bytes
📝 Piece 0: offset=671744, size=0 bytes
📝 Piece 0: offset=671744, size=12819 bytes
📝 Piece 0: offset=684563, size=3565 bytes
📝 Piece 0: offset=688128, size=16384 bytes
📝 Piece 0: offset=704512, size=0 bytes
📝 Piece 0: offset=704512, size=12793 bytes
📝 Piece 0: offset=717305, size=3591 bytes
📝 Piece 0: offset=720896, size=16384 bytes
📝 Piece 0: offset=737280, size=0 bytes
📝 Piece 0: offset=737280, size=12767 bytes
📝 Piece 0: offset=750047, size=3617 bytes
📝 Piece 0: offset=753664, size=16384 bytes
📝 Piece 0: offset=770048, size=0 bytes
📝 Piece 0: offset=770048, size=12741 bytes
📝 Piece 0: offset=782789, size=3643 bytes
📝 Piece 0: offset=786432, size=16384 bytes
📝 Piece 0: offset=802816, size=0 bytes
📝 Piece 0: offset=802816, size=12715 bytes
📝 Piece 0: offset=815531, size=3669 bytes
📝 Piece 0: offset=819200, size=16384 bytes
📝 Piece 0: offset=835584, size=0 bytes
📝 Piece 0: offset=835584, size=12689 bytes
📝 Piece 0: offset=848273, size=3695 bytes
📝 Piece 0: offset=851968, size=16384 bytes
📝 Piece 0: offset=868352, size=0 bytes
📝 Piece 0: offset=868352, size=12663 bytes
📝 Piece 0: offset=881015, size=3721 bytes
.📝 Piece 0: offset=884736, size=16384 bytes
📝 Piece 0: offset=901120, size=0 bytes
📝 Piece 0: offset=901120, size=12637 bytes
📝 Piece 0: offset=913757, size=3747 bytes
📝 Piece 0: offset=917504, size=16384 bytes
📝 Piece 0: offset=933888, size=0 bytes
📝 Piece 0: offset=933888, size=12611 bytes
📝 Piece 0: offset=946499, size=3773 bytes
📝 Piece 0: offset=950272, size=16384 bytes
📝 Piece 0: offset=966656, size=0 bytes
📝 Piece 0: offset=966656, size=12585 bytes
📝 Piece 0: offset=979241, size=3799 bytes
📝 Piece 0: offset=983040, size=16384 bytes
📝 Piece 0: offset=999424, size=0 bytes
📝 Piece 0: offset=999424, size=12559 bytes
📝 Piece 0: offset=1011983, size=3825 bytes
📝 Piece 0: offset=1015808, size=16384 bytes
📝 Piece 0: offset=1032192, size=0 bytes
📝 Piece 0: offset=1032192, size=12533 bytes
📝 Piece 0: offset=1044725, size=3851 bytes
📝 Piece 0: offset=1048576, size=16384 bytes
📝 Piece 0: offset=1064960, size=0 bytes
📝 Piece 0: offset=1064960, size=12507 bytes
📝 Piece 0: offset=1077467, size=3877 bytes
📝 Piece 0: offset=1081344, size=16384 bytes
📝 Piece 0: offset=1097728, size=0 bytes
📝 Piece 0: offset=1097728, size=12481 bytes
📝 Piece 0: offset=1110209, size=3903 bytes
📝 Piece 0: offset=1114112, size=16384 bytes
📝 Piece 0: offset=1130496, size=0 bytes
📝 Piece 0: offset=1130496, size=12455 bytes
📝 Piece 0: offset=1142951, size=3929 bytes
📝 Piece 0: offset=1146880, size=16384 bytes
📝 Piece 0: offset=1163264, size=0 bytes
📝 Piece 0: offset=1163264, size=12429 bytes
📝 Piece 0: offset=1175693, size=3955 bytes
📝 Piece 0: offset=1179648, size=16384 bytes
📝 Piece 0: offset=1196032, size=0 bytes
📝 Piece 0: offset=1196032, size=12403 bytes
📝 Piece 0: offset=1208435, size=3981 bytes
📝 Piece 0: offset=1212416, size=16384 bytes
📝 Piece 0: offset=1228800, size=0 bytes
📝 Piece 0: offset=1228800, size=12377 bytes
📝 Piece 0: offset=1241177, size=4007 bytes
📝 Piece 0: offset=1245184, size=16384 bytes
📝 Piece 0: offset=1261568, size=0 bytes
📝 Piece 0: offset=1261568, size=12351 bytes
📝 Piece 0: offset=1273919, size=4033 bytes
📝 Piece 0: offset=1277952, size=16384 bytes
📝 Piece 0: offset=1294336, size=0 bytes
📝 Piece 0: offset=1294336, size=12325 bytes
📝 Piece 0: offset=1306661, size=4059 bytes
📝 Piece 0: offset=1310720, size=16384 bytes
📝 Piece 0: offset=1327104, size=0 bytes
📝 Piece 0: offset=1327104, size=12299 bytes
📝 Piece 0: offset=1339403, size=4085 bytes
📝 Piece 0: offset=1343488, size=16384 bytes
📝 Piece 0: offset=1359872, size=0 bytes
📝 Piece 0: offset=1359872, size=12273 bytes
📝 Piece 0: offset=1372145, size=4111 bytes
📝 Piece 0: offset=1376256, size=16384 bytes
📝 Piece 0: offset=1392640, size=0 bytes
📝 Piece 0: offset=1392640, size=12247 bytes
📝 Piece 0: offset=1404887, size=4137 bytes
📝 Piece 0: offset=1409024, size=16384 bytes
📝 Piece 0: offset=1425408, size=0 bytes
📝 Piece 0: offset=1425408, size=12221 bytes
📝 Piece 0: offset=1437629, size=4163 bytes
📝 Piece 0: offset=1441792, size=16384 bytes
📝 Piece 0: offset=1458176, size=0 bytes
📝 Piece 0: offset=1458176, size=12195 bytes
📝 Piece 0: offset=1470371, size=4189 bytes
📝 Piece 0: offset=1474560, size=16384 bytes
📝 Piece 0: offset=1490944, size=0 bytes
📝 Piece 0: offset=1490944, size=12169 bytes
📝 Piece 0: offset=1503113, size=4215 bytes
📝 Piece 0: offset=1507328, size=16384 bytes
📝 Piece 0: offset=1523712, size=0 bytes
📝 Piece 0: offset=1523712, size=12143 bytes
📝 Piece 0: offset=1535855, size=4241 bytes
📝 Piece 0: offset=1540096, size=16384 bytes
📝 Piece 0: offset=1556480, size=0 bytes
📝 Piece 0: offset=1556480, size=12117 bytes
📝 Piece 0: offset=1568597, size=4267 bytes
📝 Piece 0: offset=1572864, size=16384 bytes
📝 Piece 0: offset=1589248, size=0 bytes
📝 Piece 0: offset=1589248, size=12091 bytes
📝 Piece 0: offset=1601339, size=4293 bytes
📝 Piece 0: offset=1605632, size=16384 bytes
📝 Piece 0: offset=1622016, size=0 bytes
📝 Piece 0: offset=1622016, size=12065 bytes
📝 Piece 0: offset=1634081, size=4319 bytes
📝 Piece 0: offset=1638400, size=16384 bytes
📝 Piece 0: offset=1654784, size=0 bytes
📝 Piece 0: offset=1654784, size=12039 bytes
📝 Piece 0: offset=1666823, size=4345 bytes
📝 Piece 0: offset=1671168, size=16384 bytes
📝 Piece 0: offset=1687552, size=0 bytes
📝 Piece 0: offset=1687552, size=12013 bytes
📝 Piece 0: offset=1699565, size=4371 bytes
📝 Piece 0: offset=1703936, size=16384 bytes
📝 Piece 0: offset=1720320, size=0 bytes
📝 Piece 0: offset=1720320, size=11987 bytes
📝 Piece 0: offset=1732307, size=4397 bytes
📝 Piece 0: offset=1736704, size=16384 bytes
📝 Piece 0: offset=1753088, size=0 bytes
📝 Piece 0: offset=1753088, size=11961 bytes
📝 Piece 0: offset=1765049, size=4423 bytes
📝 Piece 0: offset=1769472, size=16384 bytes
📝 Piece 0: offset=1785856, size=0 bytes
📝 Piece 0: offset=1785856, size=11935 bytes
📝 Piece 0: offset=1797791, size=4449 bytes
📝 Piece 0: offset=1802240, size=16384 bytes
📝 Piece 0: offset=1818624, size=0 bytes
📝 Piece 0: offset=1818624, size=11909 bytes
📝 Piece 0: offset=1830533, size=4475 bytes
📝 Piece 0: offset=1835008, size=16384 bytes
📝 Piece 0: offset=1851392, size=0 bytes
📝 Piece 0: offset=1851392, size=11883 bytes
📝 Piece 0: offset=1863275, size=4501 bytes
📝 Piece 0: offset=1867776, size=16384 bytes
📝 Piece 0: offset=1884160, size=0 bytes
📝 Piece 0: offset=1884160, size=11857 bytes
📝 Piece 0: offset=1896017, size=4527 bytes
📝 Piece 0: offset=1900544, size=16384 bytes
📝 Piece 0: offset=1916928, size=0 bytes
📝 Piece 0: offset=1916928, size=11831 bytes
📝 Piece 0: offset=1928759, size=4553 bytes
📝 Piece 0: offset=1933312, size=16384 bytes
📝 Piece 0: offset=1949696, size=0 bytes
📝 Piece 0: offset=1949696, size=11805 bytes
📝 Piece 0: offset=1961501, size=4579 bytes
📝 Piece 0: offset=1966080, size=16384 bytes
📝 Piece 0: offset=1982464, size=0 bytes
📝 Piece 0: offset=1982464, size=11779 bytes
📝 Piece 0: offset=1994243, size=4605 bytes
📝 Piece 0: offset=1998848, size=16384 bytes
📝 Piece 0: offset=2015232, size=0 bytes
📝 Piece 0: offset=2015232, size=11753 bytes
📝 Piece 0: offset=2026985, size=4631 bytes
📝 Piece 0: offset=2031616, size=16384 bytes
📝 Piece 0: offset=2048000, size=0 bytes
📝 Piece 0: offset=2048000, size=11727 bytes
📝 Piece 0: offset=2059727, size=4657 bytes
📝 Piece 0: offset=2064384, size=16384 bytes
📝 Piece 0: offset=2080768, size=0 bytes
📝 Piece 0: offset=2080768, size=11701 bytes
📝 Piece 0: offset=2092469, size=4683 bytes
📝 Piece 0: offset=2097152, size=16384 bytes
📝 Piece 0: offset=2113536, size=0 bytes
📝 Piece 0: offset=2113536, size=11675 bytes
📝 Piece 0: offset=2125211, size=4709 bytes
📝 Piece 0: offset=2129920, size=16384 bytes
📝 Piece 0: offset=2146304, size=0 bytes
📝 Piece 0: offset=2146304, size=11649 bytes
📝 Piece 0: offset=2157953, size=4735 bytes
📝 Piece 0: offset=2162688, size=16384 bytes
📝 Piece 0: offset=2179072, size=0 bytes
📝 Piece 0: offset=2179072, size=11623 bytes
📝 Piece 0: offset=2190695, size=4761 bytes
📝 Piece 0: offset=2195456, size=16384 bytes
📝 Piece 0: offset=2211840, size=0 bytes
📝 Piece 0: offset=2211840, size=11597 bytes
📝 Piece 0: offset=2223437, size=4787 bytes
📝 Piece 0: offset=2228224, size=16384 bytes
📝 Piece 0: offset=2244608, size=0 bytes
📝 Piece 0: offset=2244608, size=11571 bytes
📝 Piece 0: offset=2256179, size=4813 bytes
📝 Piece 0: offset=2260992, size=16384 bytes
📝 Piece 0: offset=2277376, size=0 bytes
📝 Piece 0: offset=2277376, size=11545 bytes
📝 Piece 0: offset=2288921, size=4839 bytes
📝 Piece 0: offset=2293760, size=16384 bytes
📝 Piece 0: offset=2310144, size=0 bytes
📝 Piece 0: offset=2310144, size=11519 bytes
📝 Piece 0: offset=2321663, size=4865 bytes
📝 Piece 0: offset=2326528, size=16384 bytes
📝 Piece 0: offset=2342912, size=0 bytes
📝 Piece 0: offset=2342912, size=11493 bytes
📝 Piece 0: offset=2354405, size=4891 bytes
📝 Piece 0: offset=2359296, size=16384 bytes
📝 Piece 0: offset=2375680, size=0 bytes
📝 Piece 0: offset=2375680, size=11467 bytes
📝 Piece 0: offset=2387147, size=4917 bytes
📝 Piece 0: offset=2392064, size=16384 bytes
📝 Piece 0: offset=2408448, size=0 bytes
📝 Piece 0: offset=2408448, size=11441 bytes
📝 Piece 0: offset=2419889, size=4943 bytes
📝 Piece 0: offset=2424832, size=16384 bytes
📝 Piece 0: offset=2441216, size=0 bytes
📝 Piece 0: offset=2441216, size=11415 bytes
📝 Piece 0: offset=2452631, size=4969 bytes
📝 Piece 0: offset=2457600, size=16384 bytes
📝 Piece 0: offset=2473984, size=0 bytes
📝 Piece 0: offset=2473984, size=11389 bytes
📝 Piece 0: offset=2485373, size=4995 bytes
📝 Piece 0: offset=2490368, size=16384 bytes
📝 Piece 0: offset=2506752, size=0 bytes
📝 Piece 0: offset=2506752, size=11363 bytes
📝 Piece 0: offset=2518115, size=5021 bytes
📝 Piece 0: offset=2523136, size=16384 bytes
📝 Piece 0: offset=2539520, size=0 bytes
📝 Piece 0: offset=2539520, size=11337 bytes
📝 Piece 0: offset=2550857, size=5047 bytes
📝 Piece 0: offset=2555904, size=16384 bytes
📝 Piece 0: offset=2572288, size=0 bytes
📝 Piece 0: offset=2572288, size=11311 bytes
📝 Piece 0: offset=2583599, size=5073 bytes
📝 Piece 0: offset=2588672, size=16384 bytes
📝 Piece 0: offset=2605056, size=0 bytes
📝 Piece 0: offset=2605056, size=11285 bytes
📝 Piece 0: offset=2616341, size=5099 bytes
📝 Piece 0: offset=2621440, size=16384 bytes
📝 Piece 0: offset=2637824, size=0 bytes
📝 Piece 0: offset=2637824, size=11259 bytes
📝 Piece 0: offset=2649083, size=5125 bytes
📝 Piece 0: offset=2654208, size=16384 bytes
📝 Piece 0: offset=2670592, size=0 bytes
📝 Piece 0: offset=2670592, size=11233 bytes
📝 Piece 0: offset=2681825, size=5151 bytes
📝 Piece 0: offset=2686976, size=16384 bytes
📝 Piece 0: offset=2703360, size=0 bytes
📝 Piece 0: offset=2703360, size=11207 bytes
📝 Piece 0: offset=2714567, size=5177 bytes
📝 Piece 0: offset=2719744, size=16384 bytes
📝 Piece 0: offset=2736128, size=0 bytes
📝 Piece 0: offset=2736128, size=11181 bytes
📝 Piece 0: offset=2747309, size=5203 bytes
📝 Piece 0: offset=2752512, size=16384 bytes
📝 Piece 0: offset=2768896, size=0 bytes
📝 Piece 0: offset=2768896, size=11155 bytes
📝 Piece 0: offset=2780051, size=5229 bytes
📝 Piece 0: offset=2785280, size=16384 bytes
📝 Piece 0: offset=2801664, size=0 bytes
📝 Piece 0: offset=2801664, size=11129 bytes
📝 Piece 0: offset=2812793, size=5255 bytes
📝 Piece 0: offset=2818048, size=16384 bytes
📝 Piece 0: offset=2834432, size=0 bytes
📝 Piece 0: offset=2834432, size=11103 bytes
📝 Piece 0: offset=2845535, size=5281 bytes
📝 Piece 0: offset=2850816, size=16384 bytes
📝 Piece 0: offset=2867200, size=0 bytes
📝 Piece 0: offset=2867200, size=11077 bytes
📝 Piece 0: offset=2878277, size=5307 bytes
📝 Piece 0: offset=2883584, size=16384 bytes
📝 Piece 0: offset=2899968, size=0 bytes
📝 Piece 0: offset=2899968, size=11051 bytes
📝 Piece 0: offset=2911019, size=5333 bytes
📝 Piece 0: offset=2916352, size=16384 bytes
📝 Piece 0: offset=2932736, size=0 bytes
📝 Piece 0: offset=2932736, size=11025 bytes
📝 Piece 0: offset=2943761, size=5359 bytes
📝 Piece 0: offset=2949120, size=16384 bytes
📝 Piece 0: offset=2965504, size=0 bytes
📝 Piece 0: offset=2965504, size=10999 bytes
📝 Piece 0: offset=2976503, size=5385 bytes
📝 Piece 0: offset=2981888, size=16384 bytes
📝 Piece 0: offset=2998272, size=0 bytes
📝 Piece 0: offset=2998272, size=10973 bytes
📝 Piece 0: offset=3009245, size=5411 bytes
📝 Piece 0: offset=3014656, size=16384 bytes
📝 Piece 0: offset=3031040, size=0 bytes
📝 Piece 0: offset=3031040, size=10947 bytes
📝 Piece 0: offset=3041987, size=5437 bytes
📝 Piece 0: offset=3047424, size=16384 bytes
📝 Piece 0: offset=3063808, size=0 bytes
📝 Piece 0: offset=3063808, size=10921 bytes
📝 Piece 0: offset=3074729, size=5463 bytes
📝 Piece 0: offset=3080192, size=16384 bytes
📝 Piece 0: offset=3096576, size=0 bytes
📝 Piece 0: offset=3096576, size=10895 bytes
📝 Piece 0: offset=3107471, size=5489 bytes
📝 Piece 0: offset=3112960, size=16384 bytes
📝 Piece 0: offset=3129344, size=0 bytes
📝 Piece 0: offset=3129344, size=10869 bytes
📝 Piece 0: offset=3140213, size=5515 bytes
📝 Piece 0: offset=3145728, size=16384 bytes
📝 Piece 0: offset=3162112, size=0 bytes
📝 Piece 0: offset=3162112, size=10843 bytes
📝 Piece 0: offset=3172955, size=5541 bytes
📝 Piece 0: offset=3178496, size=16384 bytes
📝 Piece 0: offset=3194880, size=0 bytes
📝 Piece 0: offset=3194880, size=10817 bytes
📝 Piece 0: offset=3205697, size=5567 bytes
📝 Piece 0: offset=3211264, size=16384 bytes
📝 Piece 0: offset=3227648, size=0 bytes
📝 Piece 0: offset=3227648, size=10791 bytes
📝 Piece 0: offset=3238439, size=5593 bytes
📝 Piece 0: offset=3244032, size=16384 bytes
📝 Piece 0: offset=3260416, size=0 bytes
📝 Piece 0: offset=3260416, size=10765 bytes
📝 Piece 0: offset=3271181, size=5619 bytes
📝 Piece 0: offset=3276800, size=16384 bytes
📝 Piece 0: offset=3293184, size=0 bytes
📝 Piece 0: offset=3293184, size=10739 bytes
📝 Piece 0: offset=3303923, size=5645 bytes
📝 Piece 0: offset=3309568, size=16384 bytes
📝 Piece 0: offset=3325952, size=0 bytes
📝 Piece 0: offset=3325952, size=10713 bytes
📝 Piece 0: offset=3336665, size=5671 bytes
📝 Piece 0: offset=3342336, size=16384 bytes
📝 Piece 0: offset=3358720, size=0 bytes
📝 Piece 0: offset=3358720, size=10687 bytes
📝 Piece 0: offset=3369407, size=5697 bytes
📝 Piece 0: offset=3375104, size=16384 bytes
📝 Piece 0: offset=3391488, size=0 bytes
📝 Piece 0: offset=3391488, size=10661 bytes
📝 Piece 0: offset=3402149, size=5723 bytes
📝 Piece 0: offset=3407872, size=16384 bytes
📝 Piece 0: offset=3424256, size=0 bytes
📝 Piece 0: offset=3424256, size=10635 bytes
📝 Piece 0: offset=3434891, size=5749 bytes
📝 Piece 0: offset=3440640, size=16384 bytes
📝 Piece 0: offset=3457024, size=0 bytes
📝 Piece 0: offset=3457024, size=10609 bytes
📝 Piece 0: offset=3467633, size=5775 bytes
📝 Piece 0: offset=3473408, size=16384 bytes
📝 Piece 0: offset=3489792, size=0 bytes
📝 Piece 0: offset=3489792, size=10583 bytes
📝 Piece 0: offset=3500375, size=5801 bytes
📝 Piece 0: offset=3506176, size=16384 bytes
📝 Piece 0: offset=3522560, size=0 bytes
📝 Piece 0: offset=3522560, size=10557 bytes
📝 Piece 0: offset=3533117, size=5827 bytes
📝 Piece 0: offset=3538944, size=16384 bytes
📝 Piece 0: offset=3555328, size=0 bytes
📝 Piece 0: offset=3555328, size=10531 bytes
📝 Piece 0: offset=3565859, size=5853 bytes
📝 Piece 0: offset=3571712, size=16384 bytes
📝 Piece 0: offset=3588096, size=0 bytes
📝 Piece 0: offset=3588096, size=10505 bytes
📝 Piece 0: offset=3598601, size=5879 bytes
📝 Piece 0: offset=3604480, size=16384 bytes
📝 Piece 0: offset=3620864, size=0 bytes
📝 Piece 0: offset=3620864, size=10479 bytes
📝 Piece 0: offset=3631343, size=5905 bytes
📝 Piece 0: offset=3637248, size=16384 bytes
📝 Piece 0: offset=3653632, size=0 bytes
📝 Piece 0: offset=3653632, size=10453 bytes
📝 Piece 0: offset=3664085, size=5931 bytes
📝 Piece 0: offset=3670016, size=16384 bytes
📝 Piece 0: offset=3686400, size=0 bytes
📝 Piece 0: offset=3686400, size=10427 bytes
📝 Piece 0: offset=3696827, size=5957 bytes
📝 Piece 0: offset=3702784, size=16384 bytes
📝 Piece 0: offset=3719168, size=0 bytes
📝 Piece 0: offset=3719168, size=10401 bytes
📝 Piece 0: offset=3729569, size=5983 bytes
📝 Piece 0: offset=3735552, size=16384 bytes
📝 Piece 0: offset=3751936, size=0 bytes
📝 Piece 0: offset=3751936, size=10375 bytes
📝 Piece 0: offset=3762311, size=6009 bytes
📝 Piece 0: offset=3768320, size=16384 bytes
📝 Piece 0: offset=3784704, size=0 bytes
📝 Piece 0: offset=3784704, size=10349 bytes
📝 Piece 0: offset=3795053, size=6035 bytes
📝 Piece 0: offset=3801088, size=16384 bytes
📝 Piece 0: offset=3817472, size=0 bytes
📝 Piece 0: offset=3817472, size=10323 bytes
📝 Piece 0: offset=3827795, size=6061 bytes
📝 Piece 0: offset=3833856, size=16384 bytes
📝 Piece 0: offset=3850240, size=0 bytes
📝 Piece 0: offset=3850240, size=10297 bytes
📝 Piece 0: offset=3860537, size=6087 bytes
📝 Piece 0: offset=3866624, size=16384 bytes
📝 Piece 0: offset=3883008, size=0 bytes
📝 Piece 0: offset=3883008, size=10271 bytes
📝 Piece 0: offset=3893279, size=6113 bytes
📝 Piece 0: offset=3899392, size=16384 bytes
📝 Piece 0: offset=3915776, size=0 bytes
📝 Piece 0: offset=3915776, size=10245 bytes
📝 Piece 0: offset=3926021, size=6139 bytes
📝 Piece 0: offset=3932160, size=16384 bytes
📝 Piece 0: offset=3948544, size=0 bytes
📝 Piece 0: offset=3948544, size=10219 bytes
📝 Piece 0: offset=3958763, size=6165 bytes
📝 Piece 0: offset=3964928, size=16384 bytes
📝 Piece 0: offset=3981312, size=0 bytes
📝 Piece 0: offset=3981312, size=10193 bytes
📝 Piece 0: offset=3991505, size=6191 bytes
📝 Piece 0: offset=3997696, size=16384 bytes
📝 Piece 0: offset=4014080, size=0 bytes
📝 Piece 0: offset=4014080, size=10167 bytes
📝 Piece 0: offset=4024247, size=6217 bytes
📝 Piece 0: offset=4030464, size=16384 bytes
📝 Piece 0: offset=4046848, size=0 bytes
📝 Piece 0: offset=4046848, size=10141 bytes
📝 Piece 0: offset=4056989, size=6243 bytes
📝 Piece 0: offset=4063232, size=16384 bytes
📝 Piece 0: offset=4079616, size=0 bytes
📝 Piece 0: offset=4079616, size=10115 bytes
📝 Piece 0: offset=4089731, size=6269 bytes
📝 Piece 0: offset=4096000, size=16384 bytes
📝 Piece 0: offset=4112384, size=0 bytes
📝 Piece 0: offset=4112384, size=10089 bytes
📝 Piece 0: offset=4122473, size=6295 bytes
📝 Piece 0: offset=4128768, size=16384 bytes
📝 Piece 0: offset=4145152, size=0 bytes
📝 Piece 0: offset=4145152, size=10063 bytes
📝 Piece 0: offset=4155215, size=6321 bytes
📝 Piece 0: offset=4161536, size=16384 bytes
📝 Piece 0: offset=4177920, size=0 bytes
📝 Piece 0: offset=4177920, size=10037 bytes
📝 Piece 0: offset=4187957, size=6347 bytes
..📊 live: 0.00% (0 / 85.0Gi) [down speed: 0.00 MiB/s, up speed: 0.00 MiB/s]
..📝 Piece 0: offset=0, size=16384 bytes
📝 Piece 0: offset=16384, size=0 bytes
📝 Piece 0: offset=16384, size=13357 bytes
📝 Piece 0: offset=29741, size=3027 bytes
📝 Piece 0: offset=32768, size=16384 bytes
📝 Piece 0: offset=49152, size=0 bytes
📝 Piece 0: offset=49152, size=13331 bytes
📝 Piece 0: offset=62483, size=3053 bytes
📝 Piece 0: offset=65536, size=16384 bytes
📝 Piece 0: offset=81920, size=0 bytes
📝 Piece 0: offset=81920, size=13305 bytes
📝 Piece 0: offset=95225, size=3079 bytes
📝 Piece 0: offset=98304, size=16384 bytes
📝 Piece 0: offset=114688, size=0 bytes
📝 Piece 0: offset=114688, size=13279 bytes
📝 Piece 0: offset=127967, size=3105 bytes
📝 Piece 0: offset=131072, size=16384 bytes
📝 Piece 0: offset=147456, size=0 bytes
📝 Piece 0: offset=147456, size=13253 bytes
📝 Piece 0: offset=160709, size=3131 bytes
📝 Piece 0: offset=163840, size=16384 bytes
📝 Piece 0: offset=180224, size=0 bytes
📝 Piece 0: offset=180224, size=13227 bytes
📝 Piece 0: offset=193451, size=3157 bytes
📝 Piece 0: offset=196608, size=16384 bytes
📝 Piece 0: offset=212992, size=0 bytes
📝 Piece 0: offset=212992, size=13201 bytes
📝 Piece 0: offset=226193, size=3183 bytes
📝 Piece 0: offset=229376, size=16384 bytes
📝 Piece 0: offset=245760, size=0 bytes
📝 Piece 0: offset=245760, size=13175 bytes
📝 Piece 0: offset=258935, size=3209 bytes
📝 Piece 0: offset=262144, size=16384 bytes
📝 Piece 0: offset=278528, size=0 bytes
📝 Piece 0: offset=278528, size=13149 bytes
📝 Piece 0: offset=291677, size=3235 bytes
📝 Piece 0: offset=294912, size=16384 bytes
📝 Piece 0: offset=311296, size=0 bytes
📝 Piece 0: offset=311296, size=13123 bytes
📝 Piece 0: offset=324419, size=3261 bytes
📝 Piece 0: offset=327680, size=16384 bytes
📝 Piece 0: offset=344064, size=0 bytes
📝 Piece 0: offset=344064, size=13097 bytes
📝 Piece 0: offset=357161, size=3287 bytes
📝 Piece 0: offset=360448, size=16384 bytes
📝 Piece 0: offset=376832, size=0 bytes
📝 Piece 0: offset=376832, size=13071 bytes
📝 Piece 0: offset=389903, size=3313 bytes
📝 Piece 0: offset=393216, size=16384 bytes
📝 Piece 0: offset=409600, size=0 bytes
📝 Piece 0: offset=409600, size=13045 bytes
📝 Piece 0: offset=422645, size=3339 bytes
📝 Piece 0: offset=425984, size=16384 bytes
📝 Piece 0: offset=442368, size=0 bytes
📝 Piece 0: offset=442368, size=13019 bytes
📝 Piece 0: offset=455387, size=3365 bytes
📝 Piece 0: offset=458752, size=16384 bytes
📝 Piece 0: offset=475136, size=0 bytes
📝 Piece 0: offset=475136, size=12993 bytes
📝 Piece 0: offset=488129, size=3391 bytes
📝 Piece 0: offset=491520, size=16384 bytes
📝 Piece 0: offset=507904, size=0 bytes
📝 Piece 0: offset=507904, size=12967 bytes
📝 Piece 0: offset=520871, size=3417 bytes
📝 Piece 0: offset=524288, size=16384 bytes
📝 Piece 0: offset=540672, size=0 bytes
📝 Piece 0: offset=540672, size=12941 bytes
📝 Piece 0: offset=553613, size=3443 bytes
📝 Piece 0: offset=557056, size=16384 bytes
📝 Piece 0: offset=573440, size=0 bytes
📝 Piece 0: offset=573440, size=12915 bytes
📝 Piece 0: offset=586355, size=3469 bytes
📝 Piece 0: offset=589824, size=16384 bytes
📝 Piece 0: offset=606208, size=0 bytes
📝 Piece 0: offset=606208, size=12889 bytes
📝 Piece 0: offset=619097, size=3495 bytes
📝 Piece 0: offset=622592, size=16384 bytes
📝 Piece 0: offset=638976, size=0 bytes
📝 Piece 0: offset=638976, size=12863 bytes
📝 Piece 0: offset=651839, size=3521 bytes
📝 Piece 0: offset=655360, size=16384 bytes
📝 Piece 0: offset=671744, size=0 bytes
📝 Piece 0: offset=671744, size=12837 bytes
📝 Piece 0: offset=684581, size=3547 bytes
📝 Piece 0: offset=688128, size=16384 bytes
📝 Piece 0: offset=704512, size=0 bytes
📝 Piece 0: offset=704512, size=12811 bytes
📝 Piece 0: offset=717323, size=3573 bytes
📝 Piece 0: offset=720896, size=16384 bytes
📝 Piece 0: offset=737280, size=0 bytes
📝 Piece 0: offset=737280, size=12785 bytes
📝 Piece 0: offset=750065, size=3599 bytes
📝 Piece 0: offset=753664, size=16384 bytes
📝 Piece 0: offset=770048, size=0 bytes
📝 Piece 0: offset=770048, size=12759 bytes
📝 Piece 0: offset=782807, size=3625 bytes
.📝 Piece 0: offset=786432, size=16384 bytes
📝 Piece 0: offset=802816, size=0 bytes
📝 Piece 0: offset=802816, size=12733 bytes
📝 Piece 0: offset=815549, size=3651 bytes
📝 Piece 0: offset=819200, size=16384 bytes
📝 Piece 0: offset=835584, size=0 bytes
📝 Piece 0: offset=835584, size=12707 bytes
📝 Piece 0: offset=848291, size=3677 bytes
📝 Piece 0: offset=851968, size=16384 bytes
📝 Piece 0: offset=868352, size=0 bytes
📝 Piece 0: offset=868352, size=12681 bytes
📝 Piece 0: offset=881033, size=3703 bytes
📝 Piece 0: offset=884736, size=16384 bytes
📝 Piece 0: offset=901120, size=0 bytes
📝 Piece 0: offset=901120, size=12655 bytes
📝 Piece 0: offset=913775, size=3729 bytes
📝 Piece 0: offset=917504, size=16384 bytes
📝 Piece 0: offset=933888, size=0 bytes
📝 Piece 0: offset=933888, size=12629 bytes
📝 Piece 0: offset=946517, size=3755 bytes
📝 Piece 0: offset=950272, size=16384 bytes
📝 Piece 0: offset=966656, size=0 bytes
📝 Piece 0: offset=966656, size=12603 bytes
📝 Piece 0: offset=979259, size=3781 bytes
📝 Piece 0: offset=983040, size=16384 bytes
📝 Piece 0: offset=999424, size=0 bytes
📝 Piece 0: offset=999424, size=12577 bytes
📝 Piece 0: offset=1012001, size=3807 bytes
📝 Piece 0: offset=1015808, size=16384 bytes
📝 Piece 0: offset=1032192, size=0 bytes
📝 Piece 0: offset=1032192, size=12551 bytes
📝 Piece 0: offset=1044743, size=3833 bytes
📝 Piece 0: offset=1048576, size=16384 bytes
📝 Piece 0: offset=1064960, size=0 bytes
📝 Piece 0: offset=1064960, size=12525 bytes
📝 Piece 0: offset=1077485, size=3859 bytes
📝 Piece 0: offset=1081344, size=16384 bytes
📝 Piece 0: offset=1097728, size=0 bytes
📝 Piece 0: offset=1097728, size=12499 bytes
📝 Piece 0: offset=1110227, size=3885 bytes
📝 Piece 0: offset=1114112, size=16384 bytes
📝 Piece 0: offset=1130496, size=0 bytes
📝 Piece 0: offset=1130496, size=12473 bytes
📝 Piece 0: offset=1142969, size=3911 bytes
📝 Piece 0: offset=1146880, size=16384 bytes
📝 Piece 0: offset=1163264, size=0 bytes
📝 Piece 0: offset=1163264, size=12447 bytes
📝 Piece 0: offset=1175711, size=3937 bytes
📝 Piece 0: offset=1179648, size=16384 bytes
📝 Piece 0: offset=1196032, size=0 bytes
📝 Piece 0: offset=1196032, size=12421 bytes
📝 Piece 0: offset=1208453, size=3963 bytes
📝 Piece 0: offset=1212416, size=16384 bytes
📝 Piece 0: offset=1228800, size=0 bytes
📝 Piece 0: offset=1228800, size=12395 bytes
📝 Piece 0: offset=1241195, size=3989 bytes
📝 Piece 0: offset=1245184, size=16384 bytes
📝 Piece 0: offset=1261568, size=0 bytes
📝 Piece 0: offset=1261568, size=12369 bytes
📝 Piece 0: offset=1273937, size=4015 bytes
📝 Piece 0: offset=1277952, size=16384 bytes
📝 Piece 0: offset=1294336, size=0 bytes
📝 Piece 0: offset=1294336, size=12343 bytes
📝 Piece 0: offset=1306679, size=4041 bytes
📝 Piece 0: offset=1310720, size=16384 bytes
📝 Piece 0: offset=1327104, size=0 bytes
📝 Piece 0: offset=1327104, size=12317 bytes
📝 Piece 0: offset=1339421, size=4067 bytes
📝 Piece 0: offset=1343488, size=16384 bytes
📝 Piece 0: offset=1359872, size=0 bytes
📝 Piece 0: offset=1359872, size=12291 bytes
📝 Piece 0: offset=1372163, size=4093 bytes
📝 Piece 0: offset=1376256, size=16384 bytes
📝 Piece 0: offset=1392640, size=0 bytes
📝 Piece 0: offset=1392640, size=12265 bytes
📝 Piece 0: offset=1404905, size=4119 bytes
📝 Piece 0: offset=1409024, size=16384 bytes
📝 Piece 0: offset=1425408, size=0 bytes
📝 Piece 0: offset=1425408, size=12239 bytes
📝 Piece 0: offset=1437647, size=4145 bytes
📝 Piece 0: offset=1441792, size=16384 bytes
📝 Piece 0: offset=1458176, size=0 bytes
📝 Piece 0: offset=1458176, size=12213 bytes
📝 Piece 0: offset=1470389, size=4171 bytes
📝 Piece 0: offset=1474560, size=16384 bytes
📝 Piece 0: offset=1490944, size=0 bytes
📝 Piece 0: offset=1490944, size=12187 bytes
📝 Piece 0: offset=1503131, size=4197 bytes
📝 Piece 0: offset=1507328, size=16384 bytes
📝 Piece 0: offset=1523712, size=0 bytes
📝 Piece 0: offset=1523712, size=12161 bytes
📝 Piece 0: offset=1535873, size=4223 bytes
📝 Piece 0: offset=1540096, size=16384 bytes
📝 Piece 0: offset=1556480, size=0 bytes
📝 Piece 0: offset=1556480, size=12135 bytes
📝 Piece 0: offset=1568615, size=4249 bytes
📝 Piece 0: offset=1572864, size=16384 bytes
📝 Piece 0: offset=1589248, size=0 bytes
📝 Piece 0: offset=1589248, size=12109 bytes
📝 Piece 0: offset=1601357, size=4275 bytes
📝 Piece 0: offset=1605632, size=16384 bytes
📝 Piece 0: offset=1622016, size=0 bytes
📝 Piece 0: offset=1622016, size=12083 bytes
📝 Piece 0: offset=1634099, size=4301 bytes
📝 Piece 0: offset=1638400, size=16384 bytes
📝 Piece 0: offset=1654784, size=0 bytes
📝 Piece 0: offset=1654784, size=12057 bytes
📝 Piece 0: offset=1666841, size=4327 bytes
📝 Piece 0: offset=1671168, size=16384 bytes
📝 Piece 0: offset=1687552, size=0 bytes
📝 Piece 0: offset=1687552, size=12031 bytes
📝 Piece 0: offset=1699583, size=4353 bytes
📝 Piece 0: offset=1703936, size=16384 bytes
📝 Piece 0: offset=1720320, size=0 bytes
📝 Piece 0: offset=1720320, size=12005 bytes
📝 Piece 0: offset=1732325, size=4379 bytes
📝 Piece 0: offset=1736704, size=16384 bytes
📝 Piece 0: offset=1753088, size=0 bytes
📝 Piece 0: offset=1753088, size=11979 bytes
📝 Piece 0: offset=1765067, size=4405 bytes
📝 Piece 0: offset=1769472, size=16384 bytes
📝 Piece 0: offset=1785856, size=0 bytes
📝 Piece 0: offset=1785856, size=11953 bytes
📝 Piece 0: offset=1797809, size=4431 bytes
📝 Piece 0: offset=1802240, size=16384 bytes
📝 Piece 0: offset=1818624, size=0 bytes
📝 Piece 0: offset=1818624, size=11927 bytes
📝 Piece 0: offset=1830551, size=4457 bytes
📝 Piece 0: offset=1835008, size=16384 bytes
📝 Piece 0: offset=1851392, size=0 bytes
📝 Piece 0: offset=1851392, size=11901 bytes
📝 Piece 0: offset=1863293, size=4483 bytes
📝 Piece 0: offset=1867776, size=16384 bytes
📝 Piece 0: offset=1884160, size=0 bytes
📝 Piece 0: offset=1884160, size=11875 bytes
📝 Piece 0: offset=1896035, size=4509 bytes
📝 Piece 0: offset=1900544, size=16384 bytes
📝 Piece 0: offset=1916928, size=0 bytes
📝 Piece 0: offset=1916928, size=11849 bytes
📝 Piece 0: offset=1928777, size=4535 bytes
📝 Piece 0: offset=1933312, size=16384 bytes
📝 Piece 0: offset=1949696, size=0 bytes
📝 Piece 0: offset=1949696, size=11823 bytes
📝 Piece 0: offset=1961519, size=4561 bytes
📝 Piece 0: offset=1966080, size=16384 bytes
📝 Piece 0: offset=1982464, size=0 bytes
📝 Piece 0: offset=1982464, size=11797 bytes
📝 Piece 0: offset=1994261, size=4587 bytes
📝 Piece 0: offset=1998848, size=16384 bytes
📝 Piece 0: offset=2015232, size=0 bytes
📝 Piece 0: offset=2015232, size=11771 bytes
📝 Piece 0: offset=2027003, size=4613 bytes
📝 Piece 0: offset=2031616, size=16384 bytes
📝 Piece 0: offset=2048000, size=0 bytes
📝 Piece 0: offset=2048000, size=11745 bytes
📝 Piece 0: offset=2059745, size=4639 bytes
📝 Piece 0: offset=2064384, size=16384 bytes
📝 Piece 0: offset=2080768, size=0 bytes
📝 Piece 0: offset=2080768, size=11719 bytes
📝 Piece 0: offset=2092487, size=4665 bytes
📝 Piece 0: offset=2097152, size=16384 bytes
📝 Piece 0: offset=2113536, size=0 bytes
📝 Piece 0: offset=2113536, size=11693 bytes
📝 Piece 0: offset=2125229, size=4691 bytes
📝 Piece 0: offset=2129920, size=16384 bytes
📝 Piece 0: offset=2146304, size=0 bytes
📝 Piece 0: offset=2146304, size=11667 bytes
📝 Piece 0: offset=2157971, size=4717 bytes
📝 Piece 0: offset=2162688, size=16384 bytes
📝 Piece 0: offset=2179072, size=0 bytes
📝 Piece 0: offset=2179072, size=11641 bytes
📝 Piece 0: offset=2190713, size=4743 bytes
📝 Piece 0: offset=2195456, size=16384 bytes
📝 Piece 0: offset=2211840, size=0 bytes
📝 Piece 0: offset=2211840, size=11615 bytes
📝 Piece 0: offset=2223455, size=4769 bytes
📝 Piece 0: offset=2228224, size=16384 bytes
📝 Piece 0: offset=2244608, size=0 bytes
📝 Piece 0: offset=2244608, size=11589 bytes
📝 Piece 0: offset=2256197, size=4795 bytes
📝 Piece 0: offset=2260992, size=16384 bytes
📝 Piece 0: offset=2277376, size=0 bytes
📝 Piece 0: offset=2277376, size=11563 bytes
📝 Piece 0: offset=2288939, size=4821 bytes
📝 Piece 0: offset=2293760, size=16384 bytes
📝 Piece 0: offset=2310144, size=0 bytes
📝 Piece 0: offset=2310144, size=11537 bytes
📝 Piece 0: offset=2321681, size=4847 bytes
📝 Piece 0: offset=2326528, size=16384 bytes
📝 Piece 0: offset=2342912, size=0 bytes
📝 Piece 0: offset=2342912, size=11511 bytes
📝 Piece 0: offset=2354423, size=4873 bytes
📝 Piece 0: offset=2359296, size=16384 bytes
📝 Piece 0: offset=2375680, size=0 bytes
📝 Piece 0: offset=2375680, size=11485 bytes
📝 Piece 0: offset=2387165, size=4899 bytes
📝 Piece 0: offset=2392064, size=16384 bytes
📝 Piece 0: offset=2408448, size=0 bytes
📝 Piece 0: offset=2408448, size=11459 bytes
📝 Piece 0: offset=2419907, size=4925 bytes
📝 Piece 0: offset=2424832, size=16384 bytes
📝 Piece 0: offset=2441216, size=0 bytes
📝 Piece 0: offset=2441216, size=11433 bytes
📝 Piece 0: offset=2452649, size=4951 bytes
📝 Piece 0: offset=2457600, size=16384 bytes
📝 Piece 0: offset=2473984, size=0 bytes
📝 Piece 0: offset=2473984, size=11407 bytes
📝 Piece 0: offset=2485391, size=4977 bytes
📝 Piece 0: offset=2490368, size=16384 bytes
📝 Piece 0: offset=2506752, size=0 bytes
📝 Piece 0: offset=2506752, size=11381 bytes
📝 Piece 0: offset=2518133, size=5003 bytes
📝 Piece 0: offset=2523136, size=16384 bytes
📝 Piece 0: offset=2539520, size=0 bytes
📝 Piece 0: offset=2539520, size=11355 bytes
📝 Piece 0: offset=2550875, size=5029 bytes
📝 Piece 0: offset=2555904, size=16384 bytes
📝 Piece 0: offset=2572288, size=0 bytes
📝 Piece 0: offset=2572288, size=11329 bytes
📝 Piece 0: offset=2583617, size=5055 bytes
📝 Piece 0: offset=2588672, size=16384 bytes
📝 Piece 0: offset=2605056, size=0 bytes
📝 Piece 0: offset=2605056, size=11303 bytes
📝 Piece 0: offset=2616359, size=5081 bytes
📝 Piece 0: offset=2621440, size=16384 bytes
📝 Piece 0: offset=2637824, size=0 bytes
📝 Piece 0: offset=2637824, size=11277 bytes
📝 Piece 0: offset=2649101, size=5107 bytes
📝 Piece 0: offset=2654208, size=16384 bytes
📝 Piece 0: offset=2670592, size=0 bytes
📝 Piece 0: offset=2670592, size=11251 bytes
📝 Piece 0: offset=2681843, size=5133 bytes
📝 Piece 0: offset=2686976, size=16384 bytes
📝 Piece 0: offset=2703360, size=0 bytes
📝 Piece 0: offset=2703360, size=11225 bytes
📝 Piece 0: offset=2714585, size=5159 bytes
📝 Piece 0: offset=2719744, size=16384 bytes
📝 Piece 0: offset=2736128, size=0 bytes
📝 Piece 0: offset=2736128, size=11199 bytes
📝 Piece 0: offset=2747327, size=5185 bytes
📝 Piece 0: offset=2752512, size=16384 bytes
📝 Piece 0: offset=2768896, size=0 bytes
📝 Piece 0: offset=2768896, size=11173 bytes
📝 Piece 0: offset=2780069, size=5211 bytes
📝 Piece 0: offset=2785280, size=16384 bytes
📝 Piece 0: offset=2801664, size=0 bytes
📝 Piece 0: offset=2801664, size=11147 bytes
📝 Piece 0: offset=2812811, size=5237 bytes
📝 Piece 0: offset=2818048, size=16384 bytes
📝 Piece 0: offset=2834432, size=0 bytes
📝 Piece 0: offset=2834432, size=11121 bytes
📝 Piece 0: offset=2845553, size=5263 bytes
📝 Piece 0: offset=2850816, size=16384 bytes
📝 Piece 0: offset=2867200, size=0 bytes
📝 Piece 0: offset=2867200, size=11095 bytes
📝 Piece 0: offset=2878295, size=5289 bytes
📝 Piece 0: offset=2883584, size=16384 bytes
📝 Piece 0: offset=2899968, size=0 bytes
📝 Piece 0: offset=2899968, size=11069 bytes
📝 Piece 0: offset=2911037, size=5315 bytes
📝 Piece 0: offset=2916352, size=16384 bytes
📝 Piece 0: offset=2932736, size=0 bytes
📝 Piece 0: offset=2932736, size=11043 bytes
📝 Piece 0: offset=2943779, size=5341 bytes
📝 Piece 0: offset=2949120, size=16384 bytes
📝 Piece 0: offset=2965504, size=0 bytes
📝 Piece 0: offset=2965504, size=11017 bytes
📝 Piece 0: offset=2976521, size=5367 bytes
📝 Piece 0: offset=2981888, size=16384 bytes
📝 Piece 0: offset=2998272, size=0 bytes
📝 Piece 0: offset=2998272, size=10991 bytes
📝 Piece 0: offset=3009263, size=5393 bytes
📝 Piece 0: offset=3014656, size=16384 bytes
📝 Piece 0: offset=3031040, size=0 bytes
📝 Piece 0: offset=3031040, size=10965 bytes
📝 Piece 0: offset=3042005, size=5419 bytes
📝 Piece 0: offset=3047424, size=16384 bytes
📝 Piece 0: offset=3063808, size=0 bytes
📝 Piece 0: offset=3063808, size=10939 bytes
📝 Piece 0: offset=3074747, size=5445 bytes
📝 Piece 0: offset=3080192, size=16384 bytes
📝 Piece 0: offset=3096576, size=0 bytes
📝 Piece 0: offset=3096576, size=10913 bytes
📝 Piece 0: offset=3107489, size=5471 bytes
📝 Piece 0: offset=3112960, size=16384 bytes
📝 Piece 0: offset=3129344, size=0 bytes
📝 Piece 0: offset=3129344, size=10887 bytes
📝 Piece 0: offset=3140231, size=5497 bytes
📝 Piece 0: offset=3145728, size=16384 bytes
📝 Piece 0: offset=3162112, size=0 bytes
📝 Piece 0: offset=3162112, size=10861 bytes
📝 Piece 0: offset=3172973, size=5523 bytes
📝 Piece 0: offset=3178496, size=16384 bytes
📝 Piece 0: offset=3194880, size=0 bytes
📝 Piece 0: offset=3194880, size=10835 bytes
📝 Piece 0: offset=3205715, size=5549 bytes
📝 Piece 0: offset=3211264, size=16384 bytes
📝 Piece 0: offset=3227648, size=0 bytes
📝 Piece 0: offset=3227648, size=10809 bytes
📝 Piece 0: offset=3238457, size=5575 bytes
📝 Piece 0: offset=3244032, size=16384 bytes
📝 Piece 0: offset=3260416, size=0 bytes
📝 Piece 0: offset=3260416, size=10783 bytes
📝 Piece 0: offset=3271199, size=5601 bytes
📝 Piece 0: offset=3276800, size=16384 bytes
📝 Piece 0: offset=3293184, size=0 bytes
📝 Piece 0: offset=3293184, size=10757 bytes
📝 Piece 0: offset=3303941, size=5627 bytes
📝 Piece 0: offset=3309568, size=16384 bytes
📝 Piece 0: offset=3325952, size=0 bytes
📝 Piece 0: offset=3325952, size=10731 bytes
📝 Piece 0: offset=3336683, size=5653 bytes
📝 Piece 0: offset=3342336, size=16384 bytes
📝 Piece 0: offset=3358720, size=0 bytes
📝 Piece 0: offset=3358720, size=10705 bytes
📝 Piece 0: offset=3369425, size=5679 bytes
📝 Piece 0: offset=3375104, size=16384 bytes
📝 Piece 0: offset=3391488, size=0 bytes
📝 Piece 0: offset=3391488, size=10679 bytes
📝 Piece 0: offset=3402167, size=5705 bytes
📝 Piece 0: offset=3407872, size=16384 bytes
📝 Piece 0: offset=3424256, size=0 bytes
📝 Piece 0: offset=3424256, size=10653 bytes
📝 Piece 0: offset=3434909, size=5731 bytes
📝 Piece 0: offset=3440640, size=16384 bytes
📝 Piece 0: offset=3457024, size=0 bytes
📝 Piece 0: offset=3457024, size=10627 bytes
📝 Piece 0: offset=3467651, size=5757 bytes
📝 Piece 0: offset=3473408, size=16384 bytes
📝 Piece 0: offset=3489792, size=0 bytes
📝 Piece 0: offset=3489792, size=10601 bytes
📝 Piece 0: offset=3500393, size=5783 bytes
📝 Piece 0: offset=3506176, size=16384 bytes
📝 Piece 0: offset=3522560, size=0 bytes
📝 Piece 0: offset=3522560, size=10575 bytes
📝 Piece 0: offset=3533135, size=5809 bytes
📝 Piece 0: offset=3538944, size=16384 bytes
📝 Piece 0: offset=3555328, size=0 bytes
📝 Piece 0: offset=3555328, size=10549 bytes
📝 Piece 0: offset=3565877, size=5835 bytes
📝 Piece 0: offset=3571712, size=16384 bytes
📝 Piece 0: offset=3588096, size=0 bytes
📝 Piece 0: offset=3588096, size=10523 bytes
📝 Piece 0: offset=3598619, size=5861 bytes
📝 Piece 0: offset=3604480, size=16384 bytes
📝 Piece 0: offset=3620864, size=0 bytes
📝 Piece 0: offset=3620864, size=10497 bytes
📝 Piece 0: offset=3631361, size=5887 bytes
📝 Piece 0: offset=3637248, size=16384 bytes
📝 Piece 0: offset=3653632, size=0 bytes
📝 Piece 0: offset=3653632, size=10471 bytes
📝 Piece 0: offset=3664103, size=5913 bytes
📝 Piece 0: offset=3670016, size=16384 bytes
📝 Piece 0: offset=3686400, size=0 bytes
📝 Piece 0: offset=3686400, size=10445 bytes
📝 Piece 0: offset=3696845, size=5939 bytes
📝 Piece 0: offset=3702784, size=16384 bytes
📝 Piece 0: offset=3719168, size=0 bytes
📝 Piece 0: offset=3719168, size=10419 bytes
📝 Piece 0: offset=3729587, size=5965 bytes
📝 Piece 0: offset=3735552, size=16384 bytes
📝 Piece 0: offset=3751936, size=0 bytes
📝 Piece 0: offset=3751936, size=10393 bytes
📝 Piece 0: offset=3762329, size=5991 bytes
📝 Piece 0: offset=3768320, size=16384 bytes
📝 Piece 0: offset=3784704, size=0 bytes
📝 Piece 0: offset=3784704, size=10367 bytes
📝 Piece 0: offset=3795071, size=6017 bytes
📝 Piece 0: offset=3801088, size=16384 bytes
📝 Piece 0: offset=3817472, size=0 bytes
📝 Piece 0: offset=3817472, size=10341 bytes
📝 Piece 0: offset=3827813, size=6043 bytes
📝 Piece 0: offset=3833856, size=16384 bytes
📝 Piece 0: offset=3850240, size=0 bytes
📝 Piece 0: offset=3850240, size=10315 bytes
📝 Piece 0: offset=3860555, size=6069 bytes
📝 Piece 0: offset=3866624, size=16384 bytes
📝 Piece 0: offset=3883008, size=0 bytes
📝 Piece 0: offset=3883008, size=10289 bytes
📝 Piece 0: offset=3893297, size=6095 bytes
📝 Piece 0: offset=3899392, size=16384 bytes
📝 Piece 0: offset=3915776, size=0 bytes
📝 Piece 0: offset=3915776, size=10263 bytes
📝 Piece 0: offset=3926039, size=6121 bytes
📝 Piece 0: offset=3932160, size=16384 bytes
📝 Piece 0: offset=3948544, size=0 bytes
📝 Piece 0: offset=3948544, size=10237 bytes
📝 Piece 0: offset=3958781, size=6147 bytes
📝 Piece 0: offset=3964928, size=16384 bytes
📝 Piece 0: offset=3981312, size=0 bytes
📝 Piece 0: offset=3981312, size=10211 bytes
📝 Piece 0: offset=3991523, size=6173 bytes
📝 Piece 0: offset=3997696, size=16384 bytes
📝 Piece 0: offset=4014080, size=0 bytes
📝 Piece 0: offset=4014080, size=10185 bytes
📝 Piece 0: offset=4024265, size=6199 bytes
📝 Piece 0: offset=4030464, size=16384 bytes
📝 Piece 0: offset=4046848, size=0 bytes
📝 Piece 0: offset=4046848, size=10159 bytes
📝 Piece 0: offset=4057007, size=6225 bytes
📝 Piece 0: offset=4063232, size=16384 bytes
📝 Piece 0: offset=4079616, size=0 bytes
📝 Piece 0: offset=4079616, size=10133 bytes
📝 Piece 0: offset=4089749, size=6251 bytes
📝 Piece 0: offset=4096000, size=16384 bytes
📝 Piece 0: offset=4112384, size=0 bytes
📝 Piece 0: offset=4112384, size=10107 bytes
📝 Piece 0: offset=4122491, size=6277 bytes
📝 Piece 0: offset=4128768, size=16384 bytes
📝 Piece 0: offset=4145152, size=0 bytes
📝 Piece 0: offset=4145152, size=10081 bytes
📝 Piece 0: offset=4155233, size=6303 bytes
📝 Piece 0: offset=4161536, size=16384 bytes
📝 Piece 0: offset=4177920, size=0 bytes
📝 Piece 0: offset=4177920, size=10055 bytes
📝 Piece 0: offset=4187975, size=6329 bytes
..📊 live: 0.00% (0 / 85.0Gi) [down speed: 0.00 MiB/s, up speed: 0.00 MiB/s]
.....📊 live: 0.00% (0 / 85.0Gi) [down speed: 0.00 MiB/s, up speed: 0.00 MiB/s]
.....📊 live: 0.00% (0 / 85.0Gi) [down speed: 0.00 MiB/s, up speed: 0.00 MiB/s]
....📝 Piece 0: offset=0, size=16384 bytes
📝 Piece 0: offset=16384, size=0 bytes
📝 Piece 0: offset=16384, size=13369 bytes
📝 Piece 0: offset=29753, size=3015 bytes
📝 Piece 0: offset=32768, size=16384 bytes
📝 Piece 0: offset=49152, size=0 bytes
📝 Piece 0: offset=49152, size=13343 bytes
📝 Piece 0: offset=62495, size=3041 bytes
📝 Piece 0: offset=65536, size=16384 bytes
📝 Piece 0: offset=81920, size=0 bytes
📝 Piece 0: offset=81920, size=13317 bytes
📝 Piece 0: offset=95237, size=3067 bytes
📝 Piece 0: offset=98304, size=16384 bytes
📝 Piece 0: offset=114688, size=0 bytes
📝 Piece 0: offset=114688, size=13291 bytes
📝 Piece 0: offset=127979, size=3093 bytes
📝 Piece 0: offset=131072, size=16384 bytes
📝 Piece 0: offset=147456, size=0 bytes
📝 Piece 0: offset=147456, size=13265 bytes
📝 Piece 0: offset=160721, size=3119 bytes
📝 Piece 0: offset=163840, size=16384 bytes
📝 Piece 0: offset=180224, size=0 bytes
📝 Piece 0: offset=180224, size=13239 bytes
📝 Piece 0: offset=193463, size=3145 bytes
📝 Piece 0: offset=196608, size=16384 bytes
📝 Piece 0: offset=212992, size=0 bytes
📝 Piece 0: offset=212992, size=13213 bytes
📝 Piece 0: offset=226205, size=3171 bytes
📝 Piece 0: offset=229376, size=16384 bytes
📝 Piece 0: offset=245760, size=0 bytes
📝 Piece 0: offset=245760, size=13187 bytes
📝 Piece 0: offset=258947, size=3197 bytes
📝 Piece 0: offset=262144, size=16384 bytes
📝 Piece 0: offset=278528, size=0 bytes
📝 Piece 0: offset=278528, size=13161 bytes
📝 Piece 0: offset=291689, size=3223 bytes
📝 Piece 0: offset=294912, size=16384 bytes
📝 Piece 0: offset=311296, size=0 bytes
📝 Piece 0: offset=311296, size=13135 bytes
📝 Piece 0: offset=324431, size=3249 bytes
📝 Piece 0: offset=327680, size=16384 bytes
📝 Piece 0: offset=344064, size=0 bytes
📝 Piece 0: offset=344064, size=13109 bytes
📝 Piece 0: offset=357173, size=3275 bytes
📝 Piece 0: offset=360448, size=16384 bytes
📝 Piece 0: offset=376832, size=0 bytes
📝 Piece 0: offset=376832, size=13083 bytes
📝 Piece 0: offset=389915, size=3301 bytes
📝 Piece 0: offset=393216, size=16384 bytes
📝 Piece 0: offset=409600, size=0 bytes
📝 Piece 0: offset=409600, size=13057 bytes
📝 Piece 0: offset=422657, size=3327 bytes
📝 Piece 0: offset=425984, size=16384 bytes
📝 Piece 0: offset=442368, size=0 bytes
📝 Piece 0: offset=442368, size=13031 bytes
📝 Piece 0: offset=455399, size=3353 bytes
📝 Piece 0: offset=458752, size=16384 bytes
📝 Piece 0: offset=475136, size=0 bytes
📝 Piece 0: offset=475136, size=13005 bytes
📝 Piece 0: offset=488141, size=3379 bytes
📝 Piece 0: offset=491520, size=16384 bytes
📝 Piece 0: offset=507904, size=0 bytes
📝 Piece 0: offset=507904, size=12979 bytes
📝 Piece 0: offset=520883, size=3405 bytes
📝 Piece 0: offset=524288, size=16384 bytes
📝 Piece 0: offset=540672, size=0 bytes
📝 Piece 0: offset=540672, size=12953 bytes
📝 Piece 0: offset=553625, size=3431 bytes
📝 Piece 0: offset=557056, size=16384 bytes
📝 Piece 0: offset=573440, size=0 bytes
📝 Piece 0: offset=573440, size=12927 bytes
📝 Piece 0: offset=586367, size=3457 bytes
📝 Piece 0: offset=589824, size=16384 bytes
📝 Piece 0: offset=606208, size=0 bytes
📝 Piece 0: offset=606208, size=12901 bytes
📝 Piece 0: offset=619109, size=3483 bytes
📝 Piece 0: offset=622592, size=16384 bytes
📝 Piece 0: offset=638976, size=0 bytes
📝 Piece 0: offset=638976, size=12875 bytes
📝 Piece 0: offset=651851, size=3509 bytes
📝 Piece 0: offset=655360, size=16384 bytes
📝 Piece 0: offset=671744, size=0 bytes
📝 Piece 0: offset=671744, size=12849 bytes
📝 Piece 0: offset=684593, size=3535 bytes
📝 Piece 0: offset=688128, size=16384 bytes
📝 Piece 0: offset=704512, size=0 bytes
📝 Piece 0: offset=704512, size=12823 bytes
📝 Piece 0: offset=717335, size=3561 bytes
📝 Piece 0: offset=720896, size=16384 bytes
📝 Piece 0: offset=737280, size=0 bytes
📝 Piece 0: offset=737280, size=12797 bytes
📝 Piece 0: offset=750077, size=3587 bytes
📝 Piece 0: offset=753664, size=16384 bytes
📝 Piece 0: offset=770048, size=0 bytes
📝 Piece 0: offset=770048, size=12771 bytes
📝 Piece 0: offset=782819, size=3613 bytes
📝 Piece 0: offset=786432, size=16384 bytes
📝 Piece 0: offset=802816, size=0 bytes
📝 Piece 0: offset=802816, size=12745 bytes
📝 Piece 0: offset=815561, size=3639 bytes
📝 Piece 0: offset=819200, size=16384 bytes
📝 Piece 0: offset=835584, size=0 bytes
📝 Piece 0: offset=835584, size=12719 bytes
📝 Piece 0: offset=848303, size=3665 bytes
📝 Piece 0: offset=851968, size=16384 bytes
📝 Piece 0: offset=868352, size=0 bytes
📝 Piece 0: offset=868352, size=12693 bytes
📝 Piece 0: offset=881045, size=3691 bytes
📝 Piece 0: offset=884736, size=16384 bytes
📝 Piece 0: offset=901120, size=0 bytes
📝 Piece 0: offset=901120, size=12667 bytes
📝 Piece 0: offset=913787, size=3717 bytes
📝 Piece 0: offset=917504, size=16384 bytes
📝 Piece 0: offset=933888, size=0 bytes
📝 Piece 0: offset=933888, size=12641 bytes
📝 Piece 0: offset=946529, size=3743 bytes
📝 Piece 0: offset=950272, size=16384 bytes
📝 Piece 0: offset=966656, size=0 bytes
📝 Piece 0: offset=966656, size=12615 bytes
📝 Piece 0: offset=979271, size=3769 bytes
📝 Piece 0: offset=983040, size=16384 bytes
📝 Piece 0: offset=999424, size=0 bytes
📝 Piece 0: offset=999424, size=12589 bytes
📝 Piece 0: offset=1012013, size=3795 bytes
📝 Piece 0: offset=1015808, size=16384 bytes
📝 Piece 0: offset=1032192, size=0 bytes
📝 Piece 0: offset=1032192, size=12563 bytes
📝 Piece 0: offset=1044755, size=3821 bytes
📝 Piece 0: offset=1048576, size=16384 bytes
📝 Piece 0: offset=1064960, size=0 bytes
📝 Piece 0: offset=1064960, size=12537 bytes
📝 Piece 0: offset=1077497, size=3847 bytes
📝 Piece 0: offset=1081344, size=16384 bytes
📝 Piece 0: offset=1097728, size=0 bytes
📝 Piece 0: offset=1097728, size=12511 bytes
📝 Piece 0: offset=1110239, size=3873 bytes
📝 Piece 0: offset=1114112, size=16384 bytes
📝 Piece 0: offset=1130496, size=0 bytes
📝 Piece 0: offset=1130496, size=12485 bytes
📝 Piece 0: offset=1142981, size=3899 bytes
📝 Piece 0: offset=1146880, size=16384 bytes
📝 Piece 0: offset=1163264, size=0 bytes
📝 Piece 0: offset=1163264, size=12459 bytes
📝 Piece 0: offset=1175723, size=3925 bytes
📝 Piece 0: offset=1179648, size=16384 bytes
📝 Piece 0: offset=1196032, size=0 bytes
📝 Piece 0: offset=1196032, size=12433 bytes
📝 Piece 0: offset=1208465, size=3951 bytes
📝 Piece 0: offset=1212416, size=16384 bytes
📝 Piece 0: offset=1228800, size=0 bytes
📝 Piece 0: offset=1228800, size=12407 bytes
📝 Piece 0: offset=1241207, size=3977 bytes
📝 Piece 0: offset=1245184, size=16384 bytes
📝 Piece 0: offset=1261568, size=0 bytes
📝 Piece 0: offset=1261568, size=12381 bytes
📝 Piece 0: offset=1273949, size=4003 bytes
📝 Piece 0: offset=1277952, size=16384 bytes
📝 Piece 0: offset=1294336, size=0 bytes
📝 Piece 0: offset=1294336, size=12355 bytes
📝 Piece 0: offset=1306691, size=4029 bytes
📝 Piece 0: offset=1310720, size=16384 bytes
📝 Piece 0: offset=1327104, size=0 bytes
📝 Piece 0: offset=1327104, size=12329 bytes
📝 Piece 0: offset=1339433, size=4055 bytes
📝 Piece 0: offset=1343488, size=16384 bytes
📝 Piece 0: offset=1359872, size=0 bytes
📝 Piece 0: offset=1359872, size=12303 bytes
📝 Piece 0: offset=1372175, size=4081 bytes
📝 Piece 0: offset=1376256, size=16384 bytes
📝 Piece 0: offset=1392640, size=0 bytes
📝 Piece 0: offset=1392640, size=12277 bytes
📝 Piece 0: offset=1404917, size=4107 bytes
📝 Piece 0: offset=1409024, size=16384 bytes
📝 Piece 0: offset=1425408, size=0 bytes
📝 Piece 0: offset=1425408, size=12251 bytes
📝 Piece 0: offset=1437659, size=4133 bytes
📝 Piece 0: offset=1441792, size=16384 bytes
📝 Piece 0: offset=1458176, size=0 bytes
📝 Piece 0: offset=1458176, size=12225 bytes
📝 Piece 0: offset=1470401, size=4159 bytes
📝 Piece 0: offset=1474560, size=16384 bytes
📝 Piece 0: offset=1490944, size=0 bytes
📝 Piece 0: offset=1490944, size=12199 bytes
📝 Piece 0: offset=1503143, size=4185 bytes
📝 Piece 0: offset=1507328, size=16384 bytes
📝 Piece 0: offset=1523712, size=0 bytes
📝 Piece 0: offset=1523712, size=12173 bytes
📝 Piece 0: offset=1535885, size=4211 bytes
📝 Piece 0: offset=1540096, size=16384 bytes
📝 Piece 0: offset=1556480, size=0 bytes
📝 Piece 0: offset=1556480, size=12147 bytes
📝 Piece 0: offset=1568627, size=4237 bytes
📝 Piece 0: offset=1572864, size=16384 bytes
📝 Piece 0: offset=1589248, size=0 bytes
📝 Piece 0: offset=1589248, size=12121 bytes
📝 Piece 0: offset=1601369, size=4263 bytes
📝 Piece 0: offset=1605632, size=16384 bytes
📝 Piece 0: offset=1622016, size=0 bytes
📝 Piece 0: offset=1622016, size=12095 bytes
📝 Piece 0: offset=1634111, size=4289 bytes
📝 Piece 0: offset=1638400, size=16384 bytes
📝 Piece 0: offset=1654784, size=0 bytes
📝 Piece 0: offset=1654784, size=12069 bytes
📝 Piece 0: offset=1666853, size=4315 bytes
📝 Piece 0: offset=1671168, size=16384 bytes
📝 Piece 0: offset=1687552, size=0 bytes
📝 Piece 0: offset=1687552, size=12043 bytes
📝 Piece 0: offset=1699595, size=4341 bytes
📝 Piece 0: offset=1703936, size=16384 bytes
📝 Piece 0: offset=1720320, size=0 bytes
📝 Piece 0: offset=1720320, size=12017 bytes
📝 Piece 0: offset=1732337, size=4367 bytes
📝 Piece 0: offset=1736704, size=16384 bytes
📝 Piece 0: offset=1753088, size=0 bytes
📝 Piece 0: offset=1753088, size=11991 bytes
📝 Piece 0: offset=1765079, size=4393 bytes
📝 Piece 0: offset=1769472, size=16384 bytes
📝 Piece 0: offset=1785856, size=0 bytes
📝 Piece 0: offset=1785856, size=11965 bytes
📝 Piece 0: offset=1797821, size=4419 bytes
📝 Piece 0: offset=1802240, size=16384 bytes
📝 Piece 0: offset=1818624, size=0 bytes
📝 Piece 0: offset=1818624, size=11939 bytes
📝 Piece 0: offset=1830563, size=4445 bytes
📝 Piece 0: offset=1835008, size=16384 bytes
📝 Piece 0: offset=1851392, size=0 bytes
📝 Piece 0: offset=1851392, size=11913 bytes
📝 Piece 0: offset=1863305, size=4471 bytes
📝 Piece 0: offset=1867776, size=16384 bytes
📝 Piece 0: offset=1884160, size=0 bytes
📝 Piece 0: offset=1884160, size=11887 bytes
📝 Piece 0: offset=1896047, size=4497 bytes
📝 Piece 0: offset=1900544, size=16384 bytes
📝 Piece 0: offset=1916928, size=0 bytes
📝 Piece 0: offset=1916928, size=11861 bytes
📝 Piece 0: offset=1928789, size=4523 bytes
📝 Piece 0: offset=1933312, size=16384 bytes
📝 Piece 0: offset=1949696, size=0 bytes
📝 Piece 0: offset=1949696, size=11835 bytes
📝 Piece 0: offset=1961531, size=4549 bytes
📝 Piece 0: offset=1966080, size=16384 bytes
📝 Piece 0: offset=1982464, size=0 bytes
📝 Piece 0: offset=1982464, size=11809 bytes
📝 Piece 0: offset=1994273, size=4575 bytes
📝 Piece 0: offset=1998848, size=16384 bytes
📝 Piece 0: offset=2015232, size=0 bytes
📝 Piece 0: offset=2015232, size=11783 bytes
📝 Piece 0: offset=2027015, size=4601 bytes
📝 Piece 0: offset=2031616, size=16384 bytes
📝 Piece 0: offset=2048000, size=0 bytes
📝 Piece 0: offset=2048000, size=11757 bytes
📝 Piece 0: offset=2059757, size=4627 bytes
📝 Piece 0: offset=2064384, size=16384 bytes
📝 Piece 0: offset=2080768, size=0 bytes
📝 Piece 0: offset=2080768, size=11731 bytes
📝 Piece 0: offset=2092499, size=4653 bytes
📝 Piece 0: offset=2097152, size=16384 bytes
📝 Piece 0: offset=2113536, size=0 bytes
📝 Piece 0: offset=2113536, size=11705 bytes
📝 Piece 0: offset=2125241, size=4679 bytes
📝 Piece 0: offset=2129920, size=16384 bytes
📝 Piece 0: offset=2146304, size=0 bytes
📝 Piece 0: offset=2146304, size=11679 bytes
📝 Piece 0: offset=2157983, size=4705 bytes
📝 Piece 0: offset=2162688, size=16384 bytes
📝 Piece 0: offset=2179072, size=0 bytes
📝 Piece 0: offset=2179072, size=11653 bytes
📝 Piece 0: offset=2190725, size=4731 bytes
📝 Piece 0: offset=2195456, size=16384 bytes
📝 Piece 0: offset=2211840, size=0 bytes
📝 Piece 0: offset=2211840, size=11627 bytes
📝 Piece 0: offset=2223467, size=4757 bytes
📝 Piece 0: offset=2228224, size=16384 bytes
📝 Piece 0: offset=2244608, size=0 bytes
📝 Piece 0: offset=2244608, size=11601 bytes
📝 Piece 0: offset=2256209, size=4783 bytes
📝 Piece 0: offset=2260992, size=16384 bytes
📝 Piece 0: offset=2277376, size=0 bytes
📝 Piece 0: offset=2277376, size=11575 bytes
📝 Piece 0: offset=2288951, size=4809 bytes
📝 Piece 0: offset=2293760, size=16384 bytes
📝 Piece 0: offset=2310144, size=0 bytes
📝 Piece 0: offset=2310144, size=11549 bytes
📝 Piece 0: offset=2321693, size=4835 bytes
📝 Piece 0: offset=2326528, size=16384 bytes
📝 Piece 0: offset=2342912, size=0 bytes
📝 Piece 0: offset=2342912, size=11523 bytes
.📝 Piece 0: offset=2354435, size=4861 bytes
📝 Piece 0: offset=2359296, size=16384 bytes
📝 Piece 0: offset=2375680, size=0 bytes
📝 Piece 0: offset=2375680, size=11497 bytes
📝 Piece 0: offset=2387177, size=4887 bytes
📝 Piece 0: offset=2392064, size=16384 bytes
📝 Piece 0: offset=2408448, size=0 bytes
📝 Piece 0: offset=2408448, size=11471 bytes
📝 Piece 0: offset=2419919, size=4913 bytes
📝 Piece 0: offset=2424832, size=16384 bytes
📝 Piece 0: offset=2441216, size=0 bytes
📝 Piece 0: offset=2441216, size=11445 bytes
📝 Piece 0: offset=2452661, size=4939 bytes
📝 Piece 0: offset=2457600, size=16384 bytes
📝 Piece 0: offset=2473984, size=0 bytes
📝 Piece 0: offset=2473984, size=11419 bytes
📝 Piece 0: offset=2485403, size=4965 bytes
📝 Piece 0: offset=2490368, size=16384 bytes
📝 Piece 0: offset=2506752, size=0 bytes
📝 Piece 0: offset=2506752, size=11393 bytes
📝 Piece 0: offset=2518145, size=4991 bytes
📝 Piece 0: offset=2523136, size=16384 bytes
📝 Piece 0: offset=2539520, size=0 bytes
📝 Piece 0: offset=2539520, size=11367 bytes
📝 Piece 0: offset=2550887, size=5017 bytes
📝 Piece 0: offset=2555904, size=16384 bytes
📝 Piece 0: offset=2572288, size=0 bytes
📝 Piece 0: offset=2572288, size=11341 bytes
📝 Piece 0: offset=2583629, size=5043 bytes
📝 Piece 0: offset=2588672, size=16384 bytes
📝 Piece 0: offset=2605056, size=0 bytes
📝 Piece 0: offset=2605056, size=11315 bytes
📝 Piece 0: offset=2616371, size=5069 bytes
📝 Piece 0: offset=2621440, size=16384 bytes
📝 Piece 0: offset=2637824, size=0 bytes
📝 Piece 0: offset=2637824, size=11289 bytes
📝 Piece 0: offset=2649113, size=5095 bytes
📝 Piece 0: offset=2654208, size=16384 bytes
📝 Piece 0: offset=2670592, size=0 bytes
📝 Piece 0: offset=2670592, size=11263 bytes
📝 Piece 0: offset=2681855, size=5121 bytes
📝 Piece 0: offset=2686976, size=16384 bytes
📝 Piece 0: offset=2703360, size=0 bytes
📝 Piece 0: offset=2703360, size=11237 bytes
📝 Piece 0: offset=2714597, size=5147 bytes
📝 Piece 0: offset=2719744, size=16384 bytes
📝 Piece 0: offset=2736128, size=0 bytes
📝 Piece 0: offset=2736128, size=11211 bytes
📝 Piece 0: offset=2747339, size=5173 bytes
📝 Piece 0: offset=2752512, size=16384 bytes
📝 Piece 0: offset=2768896, size=0 bytes
📝 Piece 0: offset=2768896, size=11185 bytes
📝 Piece 0: offset=2780081, size=5199 bytes
📝 Piece 0: offset=2785280, size=16384 bytes
📝 Piece 0: offset=2801664, size=0 bytes
📝 Piece 0: offset=2801664, size=11159 bytes
📝 Piece 0: offset=2812823, size=5225 bytes
📝 Piece 0: offset=2818048, size=16384 bytes
📝 Piece 0: offset=2834432, size=0 bytes
📝 Piece 0: offset=2834432, size=11133 bytes
📝 Piece 0: offset=2845565, size=5251 bytes
📝 Piece 0: offset=2850816, size=16384 bytes
📝 Piece 0: offset=2867200, size=0 bytes
📝 Piece 0: offset=2867200, size=11107 bytes
📝 Piece 0: offset=2878307, size=5277 bytes
📝 Piece 0: offset=2883584, size=16384 bytes
📝 Piece 0: offset=2899968, size=0 bytes
📝 Piece 0: offset=2899968, size=11081 bytes
📝 Piece 0: offset=2911049, size=5303 bytes
📝 Piece 0: offset=2916352, size=16384 bytes
📝 Piece 0: offset=2932736, size=0 bytes
📝 Piece 0: offset=2932736, size=11055 bytes
📝 Piece 0: offset=2943791, size=5329 bytes
📝 Piece 0: offset=2949120, size=16384 bytes
📝 Piece 0: offset=2965504, size=0 bytes
📝 Piece 0: offset=2965504, size=11029 bytes
📝 Piece 0: offset=2976533, size=5355 bytes
📝 Piece 0: offset=2981888, size=16384 bytes
📝 Piece 0: offset=2998272, size=0 bytes
📝 Piece 0: offset=2998272, size=11003 bytes
📝 Piece 0: offset=3009275, size=5381 bytes
📝 Piece 0: offset=3014656, size=16384 bytes
📝 Piece 0: offset=3031040, size=0 bytes
📝 Piece 0: offset=3031040, size=10977 bytes
📝 Piece 0: offset=3042017, size=5407 bytes
📝 Piece 0: offset=3047424, size=16384 bytes
📝 Piece 0: offset=3063808, size=0 bytes
📝 Piece 0: offset=3063808, size=10951 bytes
📝 Piece 0: offset=3074759, size=5433 bytes
📝 Piece 0: offset=3080192, size=16384 bytes
📝 Piece 0: offset=3096576, size=0 bytes
📝 Piece 0: offset=3096576, size=10925 bytes
📝 Piece 0: offset=3107501, size=5459 bytes
📝 Piece 0: offset=3112960, size=16384 bytes
📝 Piece 0: offset=3129344, size=0 bytes
📝 Piece 0: offset=3129344, size=10899 bytes
📝 Piece 0: offset=3140243, size=5485 bytes
📝 Piece 0: offset=3145728, size=16384 bytes
📝 Piece 0: offset=3162112, size=0 bytes
📝 Piece 0: offset=3162112, size=10873 bytes
📝 Piece 0: offset=3172985, size=5511 bytes
📝 Piece 0: offset=3178496, size=16384 bytes
📝 Piece 0: offset=3194880, size=0 bytes
📝 Piece 0: offset=3194880, size=10847 bytes
📝 Piece 0: offset=3205727, size=5537 bytes
📝 Piece 0: offset=3211264, size=16384 bytes
📝 Piece 0: offset=3227648, size=0 bytes
📝 Piece 0: offset=3227648, size=10821 bytes
📝 Piece 0: offset=3238469, size=5563 bytes
📝 Piece 0: offset=3244032, size=16384 bytes
📝 Piece 0: offset=3260416, size=0 bytes
📝 Piece 0: offset=3260416, size=10795 bytes
📝 Piece 0: offset=3271211, size=5589 bytes
📝 Piece 0: offset=3276800, size=16384 bytes
📝 Piece 0: offset=3293184, size=0 bytes
📝 Piece 0: offset=3293184, size=10769 bytes
📝 Piece 0: offset=3303953, size=5615 bytes
📝 Piece 0: offset=3309568, size=16384 bytes
📝 Piece 0: offset=3325952, size=0 bytes
📝 Piece 0: offset=3325952, size=10743 bytes
📝 Piece 0: offset=3336695, size=5641 bytes
📝 Piece 0: offset=3342336, size=16384 bytes
📝 Piece 0: offset=3358720, size=0 bytes
📝 Piece 0: offset=3358720, size=10717 bytes
📝 Piece 0: offset=3369437, size=5667 bytes
📝 Piece 0: offset=3375104, size=16384 bytes
📝 Piece 0: offset=3391488, size=0 bytes
📝 Piece 0: offset=3391488, size=10691 bytes
📝 Piece 0: offset=3402179, size=5693 bytes
📝 Piece 0: offset=3407872, size=16384 bytes
📝 Piece 0: offset=3424256, size=0 bytes
📝 Piece 0: offset=3424256, size=10665 bytes
📝 Piece 0: offset=3434921, size=5719 bytes
📝 Piece 0: offset=3440640, size=16384 bytes
📝 Piece 0: offset=3457024, size=0 bytes
📝 Piece 0: offset=3457024, size=10639 bytes
📝 Piece 0: offset=3467663, size=5745 bytes
📝 Piece 0: offset=3473408, size=16384 bytes
📝 Piece 0: offset=3489792, size=0 bytes
📝 Piece 0: offset=3489792, size=10613 bytes
📝 Piece 0: offset=3500405, size=5771 bytes
📝 Piece 0: offset=3506176, size=16384 bytes
📝 Piece 0: offset=3522560, size=0 bytes
📝 Piece 0: offset=3522560, size=10587 bytes
📝 Piece 0: offset=3533147, size=5797 bytes
📝 Piece 0: offset=3538944, size=16384 bytes
📝 Piece 0: offset=3555328, size=0 bytes
📝 Piece 0: offset=3555328, size=10561 bytes
📝 Piece 0: offset=3565889, size=5823 bytes
📝 Piece 0: offset=3571712, size=16384 bytes
📝 Piece 0: offset=3588096, size=0 bytes
📝 Piece 0: offset=3588096, size=10535 bytes
📝 Piece 0: offset=3598631, size=5849 bytes
📝 Piece 0: offset=3604480, size=16384 bytes
📝 Piece 0: offset=3620864, size=0 bytes
📝 Piece 0: offset=3620864, size=10509 bytes
📝 Piece 0: offset=3631373, size=5875 bytes
📝 Piece 0: offset=3637248, size=16384 bytes
📝 Piece 0: offset=3653632, size=0 bytes
📝 Piece 0: offset=3653632, size=10483 bytes
📝 Piece 0: offset=3664115, size=5901 bytes
📝 Piece 0: offset=3670016, size=16384 bytes
📝 Piece 0: offset=3686400, size=0 bytes
📝 Piece 0: offset=3686400, size=10457 bytes
📝 Piece 0: offset=3696857, size=5927 bytes
📝 Piece 0: offset=3702784, size=16384 bytes
📝 Piece 0: offset=3719168, size=0 bytes
📝 Piece 0: offset=3719168, size=10431 bytes
📝 Piece 0: offset=3729599, size=5953 bytes
📝 Piece 0: offset=3735552, size=16384 bytes
📝 Piece 0: offset=3751936, size=0 bytes
📝 Piece 0: offset=3751936, size=10405 bytes
📝 Piece 0: offset=3762341, size=5979 bytes
📝 Piece 0: offset=3768320, size=16384 bytes
📝 Piece 0: offset=3784704, size=0 bytes
📝 Piece 0: offset=3784704, size=10379 bytes
📝 Piece 0: offset=3795083, size=6005 bytes
📝 Piece 0: offset=3801088, size=16384 bytes
📝 Piece 0: offset=3817472, size=0 bytes
📝 Piece 0: offset=3817472, size=10353 bytes
📝 Piece 0: offset=3827825, size=6031 bytes
📝 Piece 0: offset=3833856, size=16384 bytes
📝 Piece 0: offset=3850240, size=0 bytes
📝 Piece 0: offset=3850240, size=10327 bytes
📝 Piece 0: offset=3860567, size=6057 bytes
📝 Piece 0: offset=3866624, size=16384 bytes
📝 Piece 0: offset=3883008, size=0 bytes
📝 Piece 0: offset=3883008, size=10301 bytes
📝 Piece 0: offset=3893309, size=6083 bytes
📝 Piece 0: offset=3899392, size=16384 bytes
📝 Piece 0: offset=3915776, size=0 bytes
📝 Piece 0: offset=3915776, size=10275 bytes
📝 Piece 0: offset=3926051, size=6109 bytes
📝 Piece 0: offset=3932160, size=16384 bytes
📝 Piece 0: offset=3948544, size=0 bytes
📝 Piece 0: offset=3948544, size=10249 bytes
📝 Piece 0: offset=3958793, size=6135 bytes
📝 Piece 0: offset=3964928, size=16384 bytes
📝 Piece 0: offset=3981312, size=0 bytes
📝 Piece 0: offset=3981312, size=10223 bytes
📝 Piece 0: offset=3991535, size=6161 bytes
📝 Piece 0: offset=3997696, size=16384 bytes
📝 Piece 0: offset=4014080, size=0 bytes
📝 Piece 0: offset=4014080, size=10197 bytes
📝 Piece 0: offset=4024277, size=6187 bytes
📝 Piece 0: offset=4030464, size=16384 bytes
📝 Piece 0: offset=4046848, size=0 bytes
📝 Piece 0: offset=4046848, size=10171 bytes
📝 Piece 0: offset=4057019, size=6213 bytes
📝 Piece 0: offset=4063232, size=16384 bytes
📝 Piece 0: offset=4079616, size=0 bytes
📝 Piece 0: offset=4079616, size=10145 bytes
📝 Piece 0: offset=4089761, size=6239 bytes
📝 Piece 0: offset=4096000, size=16384 bytes
📝 Piece 0: offset=4112384, size=0 bytes
📝 Piece 0: offset=4112384, size=10119 bytes
📝 Piece 0: offset=4122503, size=6265 bytes
📝 Piece 0: offset=4128768, size=16384 bytes
📝 Piece 0: offset=4145152, size=0 bytes
📝 Piece 0: offset=4145152, size=10093 bytes
📝 Piece 0: offset=4155245, size=6291 bytes
📝 Piece 0: offset=4161536, size=16384 bytes
📝 Piece 0: offset=4177920, size=0 bytes
📝 Piece 0: offset=4177920, size=10067 bytes
📝 Piece 0: offset=4187987, size=6317 bytes
📊 live: 0.00% (0 / 85.0Gi) [down speed: 0.00 MiB/s, up speed: 0.00 MiB/s]
.....📊 live: 0.00% (0 / 85.0Gi) [down speed: 0.00 MiB/s, up speed: 0.00 MiB/s]
.....📊 live: 0.00% (0 / 85.0Gi) [down speed: 0.00 MiB/s, up speed: 0.00 MiB/s]
.....📊 live: 0.00% (0 / 85.0Gi) [down speed: 0.00 MiB/s, up speed: 0.00 MiB/s]
.....📊 live: 0.00% (0 / 85.0Gi) [down speed: 0.00 MiB/s, up speed: 0.00 MiB/s]
.....📊 live: 0.00% (0 / 85.0Gi) [down speed: 0.00 MiB/s, up speed: 0.00 MiB/s]
.....📊 live: 0.00% (0 / 85.0Gi) [down speed: 0.00 MiB/s, up speed: 0.00 MiB/s]
.....📊 live: 0.00% (0 / 85.0Gi) [down speed: 0.00 MiB/s, up speed: 0.00 MiB/s]
.....📊 live: 0.00% (0 / 85.0Gi) [down speed: 0.00 MiB/s, up speed: 0.00 MiB/s]
.....📊 live: 0.00% (0 / 85.0Gi) [down speed: 0.00 MiB/s, up speed: 0.00 MiB/s]
.....📊 live: 0.00% (0 / 85.0Gi) [down speed: 0.00 MiB/s, up speed: 0.00 MiB/s]
.....📊 live: 0.00% (0 / 85.0Gi) [down speed: 0.00 MiB/s, up speed: 0.00 MiB/s]
.....📊 live: 0.00% (0 / 85.0Gi) [down speed: 0.00 MiB/s, up speed: 0.00 MiB/s]
.....📊 live: 0.00% (0 / 85.0Gi) [down speed: 0.00 MiB/s, up speed: 0.00 MiB/s]
....📝 Piece 0: offset=0, size=16384 bytes
📝 Piece 0: offset=16384, size=0 bytes
📝 Piece 0: offset=16384, size=13333 bytes
📝 Piece 0: offset=29717, size=3051 bytes
📝 Piece 0: offset=32768, size=16384 bytes
📝 Piece 0: offset=49152, size=0 bytes
📝 Piece 0: offset=49152, size=13307 bytes
📝 Piece 0: offset=62459, size=3077 bytes
📝 Piece 0: offset=65536, size=16384 bytes
📝 Piece 0: offset=81920, size=0 bytes
📝 Piece 0: offset=81920, size=13281 bytes
📝 Piece 0: offset=95201, size=3103 bytes
📝 Piece 0: offset=98304, size=16384 bytes
📝 Piece 0: offset=114688, size=0 bytes
📝 Piece 0: offset=114688, size=13182 bytes
📝 Piece 0: offset=127870, size=3202 bytes
📝 Piece 0: offset=147456, size=16384 bytes
📝 Piece 0: offset=163840, size=0 bytes
📝 Piece 0: offset=131072, size=13156 bytes
📝 Piece 0: offset=144228, size=3228 bytes
📝 Piece 0: offset=163840, size=16384 bytes
📝 Piece 0: offset=180224, size=0 bytes
📝 Piece 0: offset=180224, size=13130 bytes
📝 Piece 0: offset=193354, size=3254 bytes
📝 Piece 0: offset=196608, size=16384 bytes
📝 Piece 0: offset=212992, size=0 bytes
📝 Piece 0: offset=212992, size=13104 bytes
📝 Piece 0: offset=226096, size=3280 bytes
📝 Piece 0: offset=229376, size=16384 bytes
📝 Piece 0: offset=245760, size=0 bytes
📝 Piece 0: offset=245760, size=13078 bytes
📝 Piece 0: offset=258838, size=3306 bytes
📝 Piece 0: offset=262144, size=16384 bytes
📝 Piece 0: offset=278528, size=0 bytes
📝 Piece 0: offset=278528, size=13052 bytes
📝 Piece 0: offset=291580, size=3332 bytes
📝 Piece 0: offset=294912, size=16384 bytes
📝 Piece 0: offset=311296, size=0 bytes
📝 Piece 0: offset=311296, size=13026 bytes
📝 Piece 0: offset=324322, size=3358 bytes
📝 Piece 0: offset=327680, size=16384 bytes
📝 Piece 0: offset=344064, size=0 bytes
📝 Piece 0: offset=344064, size=13000 bytes
📝 Piece 0: offset=357064, size=3384 bytes
📝 Piece 0: offset=360448, size=16384 bytes
📝 Piece 0: offset=376832, size=0 bytes
📝 Piece 0: offset=376832, size=12974 bytes
📝 Piece 0: offset=389806, size=3410 bytes
📝 Piece 0: offset=393216, size=16384 bytes
📝 Piece 0: offset=409600, size=0 bytes
📝 Piece 0: offset=409600, size=12948 bytes
📝 Piece 0: offset=422548, size=3436 bytes
📝 Piece 0: offset=425984, size=16384 bytes
📝 Piece 0: offset=442368, size=0 bytes
📝 Piece 0: offset=442368, size=12922 bytes
📝 Piece 0: offset=455290, size=3462 bytes
📝 Piece 0: offset=458752, size=16384 bytes
📝 Piece 0: offset=475136, size=0 bytes
📝 Piece 0: offset=475136, size=12896 bytes
📝 Piece 0: offset=488032, size=3488 bytes
📝 Piece 0: offset=491520, size=16384 bytes
📝 Piece 0: offset=507904, size=0 bytes
📝 Piece 0: offset=507904, size=12870 bytes
📝 Piece 0: offset=520774, size=3514 bytes
📝 Piece 0: offset=524288, size=16384 bytes
📝 Piece 0: offset=540672, size=0 bytes
📝 Piece 0: offset=540672, size=12844 bytes
📝 Piece 0: offset=553516, size=3540 bytes
📝 Piece 0: offset=557056, size=16384 bytes
📝 Piece 0: offset=573440, size=0 bytes
📝 Piece 0: offset=573440, size=12818 bytes
📝 Piece 0: offset=586258, size=3566 bytes
📝 Piece 0: offset=589824, size=16384 bytes
📝 Piece 0: offset=606208, size=0 bytes
📝 Piece 0: offset=606208, size=12792 bytes
📝 Piece 0: offset=619000, size=3592 bytes
📝 Piece 0: offset=622592, size=16384 bytes
📝 Piece 0: offset=638976, size=0 bytes
📝 Piece 0: offset=638976, size=12766 bytes
📝 Piece 0: offset=651742, size=3618 bytes
📝 Piece 0: offset=655360, size=16384 bytes
📝 Piece 0: offset=671744, size=0 bytes
📝 Piece 0: offset=671744, size=12740 bytes
📝 Piece 0: offset=684484, size=3644 bytes
📝 Piece 0: offset=688128, size=16384 bytes
📝 Piece 0: offset=704512, size=0 bytes
📝 Piece 0: offset=704512, size=12714 bytes
📝 Piece 0: offset=717226, size=3670 bytes
📝 Piece 0: offset=720896, size=16384 bytes
📝 Piece 0: offset=737280, size=0 bytes
📝 Piece 0: offset=737280, size=12688 bytes
📝 Piece 0: offset=749968, size=3696 bytes
📝 Piece 0: offset=770048, size=16384 bytes
📝 Piece 0: offset=786432, size=0 bytes
📝 Piece 0: offset=753664, size=12662 bytes
📝 Piece 0: offset=766326, size=3722 bytes
📝 Piece 0: offset=786432, size=16384 bytes
📝 Piece 0: offset=802816, size=0 bytes
📝 Piece 0: offset=802816, size=12636 bytes
📝 Piece 0: offset=815452, size=3748 bytes
📝 Piece 0: offset=819200, size=16384 bytes
📝 Piece 0: offset=835584, size=0 bytes
📝 Piece 0: offset=835584, size=12610 bytes
📝 Piece 0: offset=848194, size=3774 bytes
📝 Piece 0: offset=851968, size=16384 bytes
📝 Piece 0: offset=868352, size=0 bytes
📝 Piece 0: offset=868352, size=12584 bytes
📝 Piece 0: offset=880936, size=3800 bytes
📝 Piece 0: offset=884736, size=16384 bytes
📝 Piece 0: offset=901120, size=0 bytes
📝 Piece 0: offset=901120, size=12558 bytes
📝 Piece 0: offset=913678, size=3826 bytes
📝 Piece 0: offset=917504, size=16384 bytes
📝 Piece 0: offset=933888, size=0 bytes
📝 Piece 0: offset=933888, size=12532 bytes
📝 Piece 0: offset=946420, size=3852 bytes
📝 Piece 0: offset=950272, size=16384 bytes
📝 Piece 0: offset=966656, size=0 bytes
📝 Piece 0: offset=966656, size=12506 bytes
📝 Piece 0: offset=979162, size=3878 bytes
📝 Piece 0: offset=983040, size=16384 bytes
📝 Piece 0: offset=999424, size=0 bytes
📝 Piece 0: offset=999424, size=12480 bytes
📝 Piece 0: offset=1011904, size=3904 bytes
📝 Piece 0: offset=1015808, size=16384 bytes
📝 Piece 0: offset=1032192, size=0 bytes
📝 Piece 0: offset=1032192, size=12454 bytes
📝 Piece 0: offset=1044646, size=3930 bytes
📝 Piece 0: offset=1048576, size=16384 bytes
📝 Piece 0: offset=1064960, size=0 bytes
📝 Piece 0: offset=1064960, size=12428 bytes
📝 Piece 0: offset=1077388, size=3956 bytes
📝 Piece 0: offset=1081344, size=16384 bytes
📝 Piece 0: offset=1097728, size=0 bytes
📝 Piece 0: offset=1097728, size=12402 bytes
📝 Piece 0: offset=1110130, size=3982 bytes
📝 Piece 0: offset=1114112, size=16384 bytes
📝 Piece 0: offset=1130496, size=0 bytes
📝 Piece 0: offset=1130496, size=12376 bytes
📝 Piece 0: offset=1142872, size=4008 bytes
📝 Piece 0: offset=1146880, size=16384 bytes
📝 Piece 0: offset=1163264, size=0 bytes
📝 Piece 0: offset=1163264, size=12350 bytes
📝 Piece 0: offset=1175614, size=4034 bytes
📝 Piece 0: offset=1179648, size=16384 bytes
📝 Piece 0: offset=1196032, size=0 bytes
📝 Piece 0: offset=1196032, size=12324 bytes
📝 Piece 0: offset=1208356, size=4060 bytes
📝 Piece 0: offset=1212416, size=16384 bytes
📝 Piece 0: offset=1228800, size=0 bytes
📝 Piece 0: offset=1228800, size=12298 bytes
📝 Piece 0: offset=1241098, size=4086 bytes
📝 Piece 0: offset=1245184, size=16384 bytes
📝 Piece 0: offset=1261568, size=0 bytes
📝 Piece 0: offset=1261568, size=12272 bytes
📝 Piece 0: offset=1273840, size=4112 bytes
📝 Piece 0: offset=1277952, size=16384 bytes
📝 Piece 0: offset=1294336, size=0 bytes
📝 Piece 0: offset=1294336, size=12246 bytes
📝 Piece 0: offset=1306582, size=4138 bytes
📝 Piece 0: offset=1310720, size=16384 bytes
📝 Piece 0: offset=1327104, size=0 bytes
📝 Piece 0: offset=1327104, size=12220 bytes
📝 Piece 0: offset=1339324, size=4164 bytes
📝 Piece 0: offset=1343488, size=16384 bytes
📝 Piece 0: offset=1359872, size=0 bytes
📝 Piece 0: offset=1359872, size=12194 bytes
📝 Piece 0: offset=1372066, size=4190 bytes
📝 Piece 0: offset=1376256, size=16384 bytes
📝 Piece 0: offset=1392640, size=0 bytes
📝 Piece 0: offset=1392640, size=12168 bytes
📝 Piece 0: offset=1404808, size=4216 bytes
📝 Piece 0: offset=1409024, size=16384 bytes
📝 Piece 0: offset=1425408, size=0 bytes
📝 Piece 0: offset=1425408, size=12142 bytes
📝 Piece 0: offset=1437550, size=4242 bytes
📝 Piece 0: offset=1441792, size=16384 bytes
📝 Piece 0: offset=1458176, size=0 bytes
📝 Piece 0: offset=1458176, size=12116 bytes
📝 Piece 0: offset=1470292, size=4268 bytes
📝 Piece 0: offset=1474560, size=16384 bytes
📝 Piece 0: offset=1490944, size=0 bytes
📝 Piece 0: offset=1490944, size=12090 bytes
📝 Piece 0: offset=1503034, size=4294 bytes
📝 Piece 0: offset=1523712, size=16384 bytes
📝 Piece 0: offset=1540096, size=0 bytes
📝 Piece 0: offset=1507328, size=12064 bytes
📝 Piece 0: offset=1519392, size=4320 bytes
📝 Piece 0: offset=1540096, size=16384 bytes
📝 Piece 0: offset=1556480, size=0 bytes
📝 Piece 0: offset=1556480, size=12038 bytes
📝 Piece 0: offset=1568518, size=4346 bytes
📝 Piece 0: offset=1572864, size=16384 bytes
📝 Piece 0: offset=1589248, size=0 bytes
📝 Piece 0: offset=1589248, size=12012 bytes
📝 Piece 0: offset=1601260, size=4372 bytes
📝 Piece 0: offset=1605632, size=16384 bytes
📝 Piece 0: offset=1622016, size=0 bytes
📝 Piece 0: offset=1622016, size=11986 bytes
📝 Piece 0: offset=1634002, size=4398 bytes
📝 Piece 0: offset=1638400, size=16384 bytes
📝 Piece 0: offset=1654784, size=0 bytes
📝 Piece 0: offset=1687552, size=11960 bytes
📝 Piece 0: offset=1699512, size=4424 bytes
📝 Piece 0: offset=1671168, size=16384 bytes
📝 Piece 0: offset=1687552, size=0 bytes
📝 Piece 0: offset=1654784, size=11934 bytes
📝 Piece 0: offset=1666718, size=4450 bytes
📝 Piece 0: offset=1703936, size=16384 bytes
📝 Piece 0: offset=1720320, size=0 bytes
📝 Piece 0: offset=1720320, size=11908 bytes
📝 Piece 0: offset=1732228, size=4476 bytes
📝 Piece 0: offset=1736704, size=16384 bytes
📝 Piece 0: offset=1753088, size=0 bytes
📝 Piece 0: offset=1753088, size=11882 bytes
📝 Piece 0: offset=1764970, size=4502 bytes
📝 Piece 0: offset=1769472, size=16384 bytes
📝 Piece 0: offset=1785856, size=0 bytes
📝 Piece 0: offset=1785856, size=11856 bytes
📝 Piece 0: offset=1797712, size=4528 bytes
📝 Piece 0: offset=1802240, size=16384 bytes
📝 Piece 0: offset=1818624, size=0 bytes
📝 Piece 0: offset=1818624, size=11830 bytes
📝 Piece 0: offset=1830454, size=4554 bytes
📝 Piece 0: offset=1835008, size=16384 bytes
📝 Piece 0: offset=1851392, size=0 bytes
📝 Piece 0: offset=1851392, size=11804 bytes
📝 Piece 0: offset=1863196, size=4580 bytes
📝 Piece 0: offset=1867776, size=16384 bytes
📝 Piece 0: offset=1884160, size=0 bytes
📝 Piece 0: offset=1884160, size=11778 bytes
📝 Piece 0: offset=1895938, size=4606 bytes
📝 Piece 0: offset=1900544, size=16384 bytes
📝 Piece 0: offset=1916928, size=0 bytes
📝 Piece 0: offset=1916928, size=11752 bytes
📝 Piece 0: offset=1928680, size=4632 bytes
📝 Piece 0: offset=1933312, size=16384 bytes
📝 Piece 0: offset=1949696, size=0 bytes
📝 Piece 0: offset=1949696, size=11726 bytes
📝 Piece 0: offset=1961422, size=4658 bytes
📝 Piece 0: offset=1966080, size=16384 bytes
📝 Piece 0: offset=1982464, size=0 bytes
📝 Piece 0: offset=1982464, size=11700 bytes
📝 Piece 0: offset=1994164, size=4684 bytes
📝 Piece 0: offset=1998848, size=16384 bytes
📝 Piece 0: offset=2015232, size=0 bytes
📝 Piece 0: offset=2015232, size=11674 bytes
📝 Piece 0: offset=2026906, size=4710 bytes
📝 Piece 0: offset=2031616, size=16384 bytes
📝 Piece 0: offset=2048000, size=0 bytes
📝 Piece 0: offset=2048000, size=11648 bytes
📝 Piece 0: offset=2059648, size=4736 bytes
📝 Piece 0: offset=2064384, size=16384 bytes
📝 Piece 0: offset=2080768, size=0 bytes
📝 Piece 0: offset=2080768, size=11622 bytes
📝 Piece 0: offset=2092390, size=4762 bytes
📝 Piece 0: offset=2097152, size=16384 bytes
📝 Piece 0: offset=2113536, size=0 bytes
📝 Piece 0: offset=2113536, size=11596 bytes
📝 Piece 0: offset=2125132, size=4788 bytes
📝 Piece 0: offset=2129920, size=16384 bytes
📝 Piece 0: offset=2146304, size=0 bytes
📝 Piece 0: offset=2146304, size=11570 bytes
📝 Piece 0: offset=2157874, size=4814 bytes
📝 Piece 0: offset=2162688, size=16384 bytes
📝 Piece 0: offset=2179072, size=0 bytes
📝 Piece 0: offset=2179072, size=11544 bytes
📝 Piece 0: offset=2190616, size=4840 bytes
📝 Piece 0: offset=2195456, size=16384 bytes
📝 Piece 0: offset=2211840, size=0 bytes
📝 Piece 0: offset=2211840, size=11518 bytes
📝 Piece 0: offset=2223358, size=4866 bytes
📝 Piece 0: offset=2228224, size=16384 bytes
📝 Piece 0: offset=2244608, size=0 bytes
📝 Piece 0: offset=2244608, size=11492 bytes
📝 Piece 0: offset=2256100, size=4892 bytes
📝 Piece 0: offset=2260992, size=16384 bytes
📝 Piece 0: offset=2277376, size=0 bytes
📝 Piece 0: offset=2277376, size=11466 bytes
📝 Piece 0: offset=2288842, size=4918 bytes
📝 Piece 0: offset=2293760, size=16384 bytes
📝 Piece 0: offset=2310144, size=0 bytes
📝 Piece 0: offset=2310144, size=11440 bytes
📝 Piece 0: offset=2321584, size=4944 bytes
📝 Piece 0: offset=2326528, size=16384 bytes
📝 Piece 0: offset=2342912, size=0 bytes
📝 Piece 0: offset=2342912, size=11414 bytes
📝 Piece 0: offset=2354326, size=4970 bytes
📝 Piece 0: offset=2359296, size=16384 bytes
📝 Piece 0: offset=2375680, size=0 bytes
📝 Piece 0: offset=2375680, size=11388 bytes
📝 Piece 0: offset=2387068, size=4996 bytes
📝 Piece 0: offset=2392064, size=16384 bytes
📝 Piece 0: offset=2408448, size=0 bytes
📝 Piece 0: offset=2408448, size=11362 bytes
📝 Piece 0: offset=2419810, size=5022 bytes
📝 Piece 0: offset=2424832, size=16384 bytes
📝 Piece 0: offset=2441216, size=0 bytes
📝 Piece 0: offset=2441216, size=11336 bytes
📝 Piece 0: offset=2452552, size=5048 bytes
📝 Piece 0: offset=2457600, size=16384 bytes
📝 Piece 0: offset=2473984, size=0 bytes
📝 Piece 0: offset=2473984, size=11310 bytes
📝 Piece 0: offset=2485294, size=5074 bytes
📝 Piece 0: offset=2490368, size=16384 bytes
📝 Piece 0: offset=2506752, size=0 bytes
📝 Piece 0: offset=2506752, size=11284 bytes
📝 Piece 0: offset=2518036, size=5100 bytes
📝 Piece 0: offset=2523136, size=16384 bytes
📝 Piece 0: offset=2539520, size=0 bytes
📝 Piece 0: offset=2539520, size=11258 bytes
📝 Piece 0: offset=2550778, size=5126 bytes
📝 Piece 0: offset=2555904, size=16384 bytes
📝 Piece 0: offset=2572288, size=0 bytes
📝 Piece 0: offset=2572288, size=11232 bytes
📝 Piece 0: offset=2583520, size=5152 bytes
📝 Piece 0: offset=2588672, size=16384 bytes
📝 Piece 0: offset=2605056, size=0 bytes
📝 Piece 0: offset=2605056, size=11206 bytes
📝 Piece 0: offset=2616262, size=5178 bytes
📝 Piece 0: offset=2621440, size=16384 bytes
📝 Piece 0: offset=2637824, size=0 bytes
📝 Piece 0: offset=2637824, size=11180 bytes
📝 Piece 0: offset=2649004, size=5204 bytes
📝 Piece 0: offset=2654208, size=16384 bytes
📝 Piece 0: offset=2670592, size=0 bytes
📝 Piece 0: offset=2670592, size=11154 bytes
📝 Piece 0: offset=2681746, size=5230 bytes
📝 Piece 0: offset=2686976, size=16384 bytes
📝 Piece 0: offset=2703360, size=0 bytes
📝 Piece 0: offset=2703360, size=11128 bytes
📝 Piece 0: offset=2714488, size=5256 bytes
📝 Piece 0: offset=2719744, size=16384 bytes
📝 Piece 0: offset=2736128, size=0 bytes
📝 Piece 0: offset=2736128, size=11102 bytes
📝 Piece 0: offset=2747230, size=5282 bytes
📝 Piece 0: offset=2768896, size=16384 bytes
📝 Piece 0: offset=2785280, size=0 bytes
📝 Piece 0: offset=2752512, size=11076 bytes
📝 Piece 0: offset=2763588, size=5308 bytes
📝 Piece 0: offset=2785280, size=16384 bytes
📝 Piece 0: offset=2801664, size=0 bytes
📝 Piece 0: offset=2801664, size=11050 bytes
📝 Piece 0: offset=2812714, size=5334 bytes
📝 Piece 0: offset=2818048, size=16384 bytes
📝 Piece 0: offset=2834432, size=0 bytes
📝 Piece 0: offset=2834432, size=11024 bytes
📝 Piece 0: offset=2845456, size=5360 bytes
📝 Piece 0: offset=2850816, size=16384 bytes
📝 Piece 0: offset=2867200, size=0 bytes
📝 Piece 0: offset=2867200, size=10998 bytes
📝 Piece 0: offset=2878198, size=5386 bytes
📝 Piece 0: offset=2883584, size=16384 bytes
📝 Piece 0: offset=2899968, size=0 bytes
📝 Piece 0: offset=2899968, size=10972 bytes
📝 Piece 0: offset=2910940, size=5412 bytes
📝 Piece 0: offset=2916352, size=16384 bytes
📝 Piece 0: offset=2932736, size=0 bytes
📝 Piece 0: offset=2932736, size=10946 bytes
📝 Piece 0: offset=2943682, size=5438 bytes
📝 Piece 0: offset=2949120, size=16384 bytes
📝 Piece 0: offset=2965504, size=0 bytes
📝 Piece 0: offset=2965504, size=10920 bytes
📝 Piece 0: offset=2976424, size=5464 bytes
📝 Piece 0: offset=2981888, size=16384 bytes
📝 Piece 0: offset=2998272, size=0 bytes
📝 Piece 0: offset=2998272, size=10894 bytes
📝 Piece 0: offset=3009166, size=5490 bytes
📝 Piece 0: offset=3014656, size=16384 bytes
📝 Piece 0: offset=3031040, size=0 bytes
📝 Piece 0: offset=3031040, size=10868 bytes
📝 Piece 0: offset=3041908, size=5516 bytes
📝 Piece 0: offset=3063808, size=16384 bytes
📝 Piece 0: offset=3080192, size=0 bytes
📝 Piece 0: offset=3047424, size=10842 bytes
📝 Piece 0: offset=3058266, size=5542 bytes
📝 Piece 0: offset=3080192, size=16384 bytes
📝 Piece 0: offset=3096576, size=0 bytes
📝 Piece 0: offset=3096576, size=10816 bytes
📝 Piece 0: offset=3107392, size=5568 bytes
📝 Piece 0: offset=3112960, size=16384 bytes
📝 Piece 0: offset=3129344, size=0 bytes
📝 Piece 0: offset=3129344, size=10790 bytes
📝 Piece 0: offset=3140134, size=5594 bytes
📝 Piece 0: offset=3145728, size=16384 bytes
📝 Piece 0: offset=3162112, size=0 bytes
📝 Piece 0: offset=3162112, size=10764 bytes
📝 Piece 0: offset=3172876, size=5620 bytes
📝 Piece 0: offset=3178496, size=16384 bytes
📝 Piece 0: offset=3194880, size=0 bytes
📝 Piece 0: offset=3194880, size=10738 bytes
📝 Piece 0: offset=3205618, size=5646 bytes
📝 Piece 0: offset=3211264, size=16384 bytes
📝 Piece 0: offset=3227648, size=0 bytes
📝 Piece 0: offset=3227648, size=10712 bytes
📝 Piece 0: offset=3238360, size=5672 bytes
📝 Piece 0: offset=3244032, size=16384 bytes
📝 Piece 0: offset=3260416, size=0 bytes
📝 Piece 0: offset=3260416, size=10686 bytes
📝 Piece 0: offset=3271102, size=5698 bytes
📝 Piece 0: offset=3276800, size=16384 bytes
📝 Piece 0: offset=3293184, size=0 bytes
📝 Piece 0: offset=3293184, size=10660 bytes
📝 Piece 0: offset=3303844, size=5724 bytes
📝 Piece 0: offset=3309568, size=16384 bytes
📝 Piece 0: offset=3325952, size=0 bytes
📝 Piece 0: offset=3325952, size=10634 bytes
📝 Piece 0: offset=3336586, size=5750 bytes
📝 Piece 0: offset=3342336, size=16384 bytes
📝 Piece 0: offset=3358720, size=0 bytes
📝 Piece 0: offset=3358720, size=10608 bytes
📝 Piece 0: offset=3369328, size=5776 bytes
📝 Piece 0: offset=3375104, size=16384 bytes
📝 Piece 0: offset=3391488, size=0 bytes
📝 Piece 0: offset=3391488, size=10582 bytes
📝 Piece 0: offset=3402070, size=5802 bytes
📝 Piece 0: offset=3407872, size=16384 bytes
📝 Piece 0: offset=3424256, size=0 bytes
📝 Piece 0: offset=3424256, size=10556 bytes
📝 Piece 0: offset=3434812, size=5828 bytes
📝 Piece 0: offset=3440640, size=16384 bytes
📝 Piece 0: offset=3457024, size=0 bytes
📝 Piece 0: offset=3457024, size=10530 bytes
📝 Piece 0: offset=3467554, size=5854 bytes
📝 Piece 0: offset=3473408, size=16384 bytes
📝 Piece 0: offset=3489792, size=0 bytes
📝 Piece 0: offset=3489792, size=10504 bytes
📝 Piece 0: offset=3500296, size=5880 bytes
📝 Piece 0: offset=3506176, size=16384 bytes
📝 Piece 0: offset=3522560, size=0 bytes
📝 Piece 0: offset=3522560, size=10478 bytes
📝 Piece 0: offset=3533038, size=5906 bytes
📝 Piece 0: offset=3538944, size=16384 bytes
📝 Piece 0: offset=3555328, size=0 bytes
📝 Piece 0: offset=3555328, size=10452 bytes
📝 Piece 0: offset=3565780, size=5932 bytes
📝 Piece 0: offset=3571712, size=16384 bytes
📝 Piece 0: offset=3588096, size=0 bytes
📝 Piece 0: offset=3588096, size=10426 bytes
📝 Piece 0: offset=3598522, size=5958 bytes
📝 Piece 0: offset=3604480, size=16384 bytes
📝 Piece 0: offset=3620864, size=0 bytes
📝 Piece 0: offset=3620864, size=10400 bytes
📝 Piece 0: offset=3631264, size=5984 bytes
📝 Piece 0: offset=3637248, size=16384 bytes
📝 Piece 0: offset=3653632, size=0 bytes
📝 Piece 0: offset=3653632, size=10374 bytes
📝 Piece 0: offset=3664006, size=6010 bytes
📝 Piece 0: offset=3670016, size=16384 bytes
📝 Piece 0: offset=3686400, size=0 bytes
📝 Piece 0: offset=3686400, size=10348 bytes
📝 Piece 0: offset=3696748, size=6036 bytes
📝 Piece 0: offset=3702784, size=16384 bytes
📝 Piece 0: offset=3719168, size=0 bytes
📝 Piece 0: offset=3719168, size=10322 bytes
📝 Piece 0: offset=3729490, size=6062 bytes
📝 Piece 0: offset=3735552, size=16384 bytes
📝 Piece 0: offset=3751936, size=0 bytes
📝 Piece 0: offset=3751936, size=10296 bytes
📝 Piece 0: offset=3762232, size=6088 bytes
📝 Piece 0: offset=3768320, size=16384 bytes
📝 Piece 0: offset=3784704, size=0 bytes
📝 Piece 0: offset=3784704, size=10270 bytes
📝 Piece 0: offset=3794974, size=6114 bytes
📝 Piece 0: offset=3801088, size=16384 bytes
📝 Piece 0: offset=3817472, size=0 bytes
📝 Piece 0: offset=3817472, size=10244 bytes
📝 Piece 0: offset=3827716, size=6140 bytes
📝 Piece 0: offset=3833856, size=16384 bytes
📝 Piece 0: offset=3850240, size=0 bytes
.📝 Piece 0: offset=3850240, size=10218 bytes
📝 Piece 0: offset=3860458, size=6166 bytes
📝 Piece 0: offset=3866624, size=16384 bytes
📝 Piece 0: offset=3883008, size=0 bytes
📝 Piece 0: offset=3883008, size=10192 bytes
📝 Piece 0: offset=3893200, size=6192 bytes
📝 Piece 0: offset=3899392, size=16384 bytes
📝 Piece 0: offset=3915776, size=0 bytes
📝 Piece 0: offset=3915776, size=10166 bytes
📝 Piece 0: offset=3925942, size=6218 bytes
📝 Piece 0: offset=3932160, size=16384 bytes
📝 Piece 0: offset=3948544, size=0 bytes
📝 Piece 0: offset=3948544, size=10140 bytes
📝 Piece 0: offset=3958684, size=6244 bytes
📝 Piece 0: offset=3964928, size=16384 bytes
📝 Piece 0: offset=3981312, size=0 bytes
📝 Piece 0: offset=3981312, size=10114 bytes
📝 Piece 0: offset=3991426, size=6270 bytes
📝 Piece 0: offset=3997696, size=16384 bytes
📝 Piece 0: offset=4014080, size=0 bytes
📝 Piece 0: offset=4014080, size=10088 bytes
📝 Piece 0: offset=4024168, size=6296 bytes
📝 Piece 0: offset=4030464, size=16384 bytes
📝 Piece 0: offset=4046848, size=0 bytes
📝 Piece 0: offset=4046848, size=10062 bytes
📝 Piece 0: offset=4056910, size=6322 bytes
📝 Piece 0: offset=4063232, size=16384 bytes
📝 Piece 0: offset=4079616, size=0 bytes
📝 Piece 0: offset=4079616, size=10036 bytes
📝 Piece 0: offset=4089652, size=6348 bytes
📝 Piece 0: offset=4096000, size=16384 bytes
📝 Piece 0: offset=4112384, size=0 bytes
📝 Piece 0: offset=4112384, size=10010 bytes
📝 Piece 0: offset=4122394, size=6374 bytes
📝 Piece 0: offset=4128768, size=16384 bytes
📝 Piece 0: offset=4145152, size=0 bytes
📝 Piece 0: offset=4145152, size=9984 bytes
📝 Piece 0: offset=4155136, size=6400 bytes
📝 Piece 0: offset=4161536, size=16384 bytes
📝 Piece 0: offset=4177920, size=0 bytes
📝 Piece 0: offset=4177920, size=9958 bytes
📝 Piece 0: offset=4187878, size=6426 bytes
📊 live: 0.00% (0 / 85.0Gi) [down speed: 0.00 MiB/s, up speed: 0.00 MiB/s]
.....📊 live: 0.00% (0 / 85.0Gi) [down speed: 0.00 MiB/s, up speed: 0.00 MiB/s]
.....📊 live: 0.00% (0 / 85.0Gi) [down speed: 0.00 MiB/s, up speed: 0.00 MiB/s]
.....📊 live: 0.00% (0 / 85.0Gi) [down speed: 0.00 MiB/s, up speed: 0.00 MiB/s]
.....📊 live: 0.00% (0 / 85.0Gi) [down speed: 0.00 MiB/s, up speed: 0.00 MiB/s]
.....📊 live: 0.00% (0 / 85.0Gi) [down speed: 0.00 MiB/s, up speed: 0.00 MiB/s]
.....📊 live: 0.00% (0 / 85.0Gi) [down speed: 0.00 MiB/s, up speed: 0.00 MiB/s]
.....📊 live: 0.00% (0 / 85.0Gi) [down speed: 0.00 MiB/s, up speed: 0.00 MiB/s]
.....📊 live: 0.00% (0 / 85.0Gi) [down speed: 0.00 MiB/s, up speed: 0.00 MiB/s]
.....📊 live: 0.00% (0 / 85.0Gi) [down speed: 0.00 MiB/s, up speed: 0.00 MiB/s]
.....📊 live: 0.00% (0 / 85.0Gi) [down speed: 0.00 MiB/s, up speed: 0.00 MiB/s]
.....📊 live: 0.00% (0 / 85.0Gi) [down speed: 0.00 MiB/s, up speed: 0.00 MiB/s]
.....📊 live: 0.00% (0 / 85.0Gi) [down speed: 0.00 MiB/s, up speed: 0.00 MiB/s]
.....📊 live: 0.00% (0 / 85.0Gi) [down speed: 0.00 MiB/s, up speed: 0.00 MiB/s]
.....📊 live: 0.00% (0 / 85.0Gi) [down speed: 0.00 MiB/s, up speed: 0.00 MiB/s]
.....📊 live: 0.00% (0 / 85.0Gi) [down speed: 0.00 MiB/s, up speed: 0.00 MiB/s]
.....📊 live: 0.00% (0 / 85.0Gi) [down speed: 0.00 MiB/s, up speed: 0.00 MiB/s]
.....📊 live: 0.00% (0 / 85.0Gi) [down speed: 0.00 MiB/s, up speed: 0.00 MiB/s]
.....📊 live: 0.00% (0 / 85.0Gi) [down speed: 0.00 MiB/s, up speed: 0.00 MiB/s]
.....📊 live: 0.00% (0 / 85.0Gi) [down speed: 0.00 MiB/s, up speed: 0.00 MiB/s]
.....📊 live: 0.00% (0 / 85.0Gi) [down speed: 0.00 MiB/s, up speed: 0.00 MiB/s]
.....📊 live: 0.00% (0 / 85.0Gi) [down speed: 0.00 MiB/s, up speed: 0.00 MiB/s]
.....📊 live: 0.00% (0 / 85.0Gi) [down speed: 0.00 MiB/s, up speed: 0.00 MiB/s]
.....📊 live: 0.00% (0 / 85.0Gi) [down speed: 0.00 MiB/s, up speed: 0.00 MiB/s]
.....📊 live: 0.00% (0 / 85.0Gi) [down speed: 0.00 MiB/s, up speed: 0.00 MiB/s]
.....📊 live: 0.00% (0 / 85.0Gi) [down speed: 0.00 MiB/s, up speed: 0.00 MiB/s]
.....📊 live: 0.00% (0 / 85.0Gi) [down speed: 0.00 MiB/s, up speed: 0.00 MiB/s]
.....📊 live: 0.00% (0 / 85.0Gi) [down speed: 0.00 MiB/s, up speed: 0.00 MiB/s]
.....📊 live: 0.00% (0 / 85.0Gi) [down speed: 0.00 MiB/s, up speed: 0.00 MiB/s]
.....📊 live: 0.00% (0 / 85.0Gi) [down speed: 0.00 MiB/s, up speed: 0.00 MiB/s]
.....📊 live: 0.00% (0 / 85.0Gi) [down speed: 0.00 MiB/s, up speed: 0.00 MiB/s]
.....📊 live: 0.00% (0 / 85.0Gi) [down speed: 0.00 MiB/s, up speed: 0.00 MiB/s]
.....📊 live: 0.00% (0 / 85.0Gi) [down speed: 0.00 MiB/s, up speed: 0.00 MiB/s]
.....📊 live: 0.00% (0 / 85.0Gi) [down speed: 0.00 MiB/s, up speed: 0.00 MiB/s]
.....📊 live: 0.00% (0 / 85.0Gi) [down speed: 0.00 MiB/s, up speed: 0.00 MiB/s]
.....📊 live: 0.00% (0 / 85.0Gi) [down speed: 0.00 MiB/s, up speed: 0.00 MiB/s]
.....📊 live: 0.00% (0 / 85.0Gi) [down speed: 0.00 MiB/s, up speed: 0.00 MiB/s]
.....📊 live: 0.00% (0 / 85.0Gi) [down speed: 0.00 MiB/s, up speed: 0.00 MiB/s]
.....📊 live: 0.00% (0 / 85.0Gi) [down speed: 0.00 MiB/s, up speed: 0.00 MiB/s]
.....📊 live: 0.00% (0 / 85.0Gi) [down speed: 0.00 MiB/s, up speed: 0.00 MiB/s]
.....📊 live: 0.00% (0 / 85.0Gi) [down speed: 0.00 MiB/s, up speed: 0.00 MiB/s]
.....📊 live: 0.00% (0 / 85.0Gi) [down speed: 0.00 MiB/s, up speed: 0.00 MiB/s]
.....📊 live: 0.00% (0 / 85.0Gi) [down speed: 0.00 MiB/s, up speed: 0.00 MiB/s]
.....📊 live: 0.00% (0 / 85.0Gi) [down speed: 0.00 MiB/s, up speed: 0.00 MiB/s]
.....📊 live: 0.00% (0 / 85.0Gi) [down speed: 0.00 MiB/s, up speed: 0.00 MiB/s]
.....📊 live: 0.00% (0 / 85.0Gi) [down speed: 0.00 MiB/s, up speed: 0.00 MiB/s]
.....📊 live: 0.00% (0 / 85.0Gi) [down speed: 0.00 MiB/s, up speed: 0.00 MiB/s]
.....📊 live: 0.00% (0 / 85.0Gi) [down speed: 0.00 MiB/s, up speed: 0.00 MiB/s]
.....📊 live: 0.00% (0 / 85.0Gi) [down speed: 0.00 MiB/s, up speed: 0.00 MiB/s]
.....📊 live: 0.00% (0 / 85.0Gi) [down speed: 0.00 MiB/s, up speed: 0.00 MiB/s]
.....📊 live: 0.00% (0 / 85.0Gi) [down speed: 0.00 MiB/s, up speed: 0.00 MiB/s]
.....📊 live: 0.00% (0 / 85.0Gi) [down speed: 0.00 MiB/s, up speed: 0.00 MiB/s]
.....📊 live: 0.00% (0 / 85.0Gi) [down speed: 0.00 MiB/s, up speed: 0.00 MiB/s]
.....📊 live: 0.00% (0 / 85.0Gi) [down speed: 0.00 MiB/s, up speed: 0.00 MiB/s]
.....📊 live: 0.00% (0 / 85.0Gi) [down speed: 0.00 MiB/s, up speed: 0.00 MiB/s]
.....📊 live: 0.00% (0 / 85.0Gi) [down speed: 0.00 MiB/s, up speed: 0.00 MiB/s]
.....📊 live: 0.00% (0 / 85.0Gi) [down speed: 0.00 MiB/s, up speed: 0.00 MiB/s]
.....📊 live: 0.00% (0 / 85.0Gi) [down speed: 0.00 MiB/s, up speed: 0.00 MiB/s]
.....📊 live: 0.00% (0 / 85.0Gi) [down speed: 0.00 MiB/s, up speed: 0.00 MiB/s]
.....📊 live: 0.00% (0 / 85.0Gi) [down speed: 0.00 MiB/s, up speed: 0.00 MiB/s]
.....📊 live: 0.00% (0 / 85.0Gi) [down speed: 0.00 MiB/s, up speed: 0.00 MiB/s]
.....📊 live: 0.00% (0 / 85.0Gi) [down speed: 0.00 MiB/s, up speed: 0.00 MiB/s]
.....📊 live: 0.00% (0 / 85.0Gi) [down speed: 0.00 MiB/s, up speed: 0.00 MiB/s]
.....📊 live: 0.00% (0 / 85.0Gi) [down speed: 0.00 MiB/s, up speed: 0.00 MiB/s]
.....📊 live: 0.00% (0 / 85.0Gi) [down speed: 0.00 MiB/s, up speed: 0.00 MiB/s]
.....📊 live: 0.00% (0 / 85.0Gi) [down speed: 0.00 MiB/s, up speed: 0.00 MiB/s]
.....📊 live: 0.00% (0 / 85.0Gi) [down speed: 0.00 MiB/s, up speed: 0.00 MiB/s]
.....📊 live: 0.00% (0 / 85.0Gi) [down speed: 0.00 MiB/s, up speed: 0.00 MiB/s]
.....📊 live: 0.00% (0 / 85.0Gi) [down speed: 0.00 MiB/s, up speed: 0.00 MiB/s]
.....📊 live: 0.00% (0 / 85.0Gi) [down speed: 0.00 MiB/s, up speed: 0.00 MiB/s]
.....📊 live: 0.00% (0 / 85.0Gi) [down speed: 0.00 MiB/s, up speed: 0.00 MiB/s]
.....📊 live: 0.00% (0 / 85.0Gi) [down speed: 0.00 MiB/s, up speed: 0.00 MiB/s]
.....📊 live: 0.00% (0 / 85.0Gi) [down speed: 0.00 MiB/s, up speed: 0.00 MiB/s]
.....📊 live: 0.00% (0 / 85.0Gi) [down speed: 0.00 MiB/s, up speed: 0.00 MiB/s]
.....📊 live: 0.00% (0 / 85.0Gi) [down speed: 0.00 MiB/s, up speed: 0.00 MiB/s]
.....📊 live: 0.00% (0 / 85.0Gi) [down speed: 0.00 MiB/s, up speed: 0.00 MiB/s]
.....📊 live: 0.00% (0 / 85.0Gi) [down speed: 0.00 MiB/s, up speed: 0.00 MiB/s]
.....📊 live: 0.00% (0 / 85.0Gi) [down speed: 0.00 MiB/s, up speed: 0.00 MiB/s]
.....📊 live: 0.00% (0 / 85.0Gi) [down speed: 0.00 MiB/s, up speed: 0.00 MiB/s]
.....📊 live: 0.00% (0 / 85.0Gi) [down speed: 0.00 MiB/s, up speed: 0.00 MiB/s]
.....📊 live: 0.00% (0 / 85.0Gi) [down speed: 0.00 MiB/s, up speed: 0.00 MiB/s]
.....📊 live: 0.00% (0 / 85.0Gi) [down speed: 0.00 MiB/s, up speed: 0.00 MiB/s]
.....📊 live: 0.00% (0 / 85.0Gi) [down speed: 0.00 MiB/s, up speed: 0.00 MiB/s]
.....📊 live: 0.00% (0 / 85.0Gi) [down speed: 0.00 MiB/s, up speed: 0.00 MiB/s]
.....📊 live: 0.00% (0 / 85.0Gi) [down speed: 0.00 MiB/s, up speed: 0.00 MiB/s]
.....📊 live: 0.00% (0 / 85.0Gi) [down speed: 0.00 MiB/s, up speed: 0.00 MiB/s]
.....📊 live: 0.00% (0 / 85.0Gi) [down speed: 0.00 MiB/s, up speed: 0.00 MiB/s]
.....📊 live: 0.00% (0 / 85.0Gi) [down speed: 0.00 MiB/s, up speed: 0.00 MiB/s]
.....📊 live: 0.00% (0 / 85.0Gi) [down speed: 0.00 MiB/s, up speed: 0.00 MiB/s]
.....📊 live: 0.00% (0 / 85.0Gi) [down speed: 0.00 MiB/s, up speed: 0.00 MiB/s]
.....📊 live: 0.00% (0 / 85.0Gi) [down speed: 0.00 MiB/s, up speed: 0.00 MiB/s]
.....📊 live: 0.00% (0 / 85.0Gi) [down speed: 0.00 MiB/s, up speed: 0.00 MiB/s]
.....📊 live: 0.00% (0 / 85.0Gi) [down speed: 0.00 MiB/s, up speed: 0.00 MiB/s]
.....📊 live: 0.00% (0 / 85.0Gi) [down speed: 0.00 MiB/s, up speed: 0.00 MiB/s]
.....📊 live: 0.00% (0 / 85.0Gi) [down speed: 0.00 MiB/s, up speed: 0.00 MiB/s]
.....📊 live: 0.00% (0 / 85.0Gi) [down speed: 0.00 MiB/s, up speed: 0.00 MiB/s]
.....📊 live: 0.00% (0 / 85.0Gi) [down speed: 0.00 MiB/s, up speed: 0.00 MiB/s]
.....📊 live: 0.00% (0 / 85.0Gi) [down speed: 0.00 MiB/s, up speed: 0.00 MiB/s]
.....📊 live: 0.00% (0 / 85.0Gi) [down speed: 0.00 MiB/s, up speed: 0.00 MiB/s]
.....📊 live: 0.00% (0 / 85.0Gi) [down speed: 0.00 MiB/s, up speed: 0.00 MiB/s]
.....📊 live: 0.00% (0 / 85.0Gi) [down speed: 0.00 MiB/s, up speed: 0.00 MiB/s]
.....📊 live: 0.00% (0 / 85.0Gi) [down speed: 0.00 MiB/s, up speed: 0.00 MiB/s]
.....📊 live: 0.00% (0 / 85.0Gi) [down speed: 0.00 MiB/s, up speed: 0.00 MiB/s]
.....📊 live: 0.00% (0 / 85.0Gi) [down speed: 0.00 MiB/s, up speed: 0.00 MiB/s]
.....📊 live: 0.00% (0 / 85.0Gi) [down speed: 0.00 MiB/s, up speed: 0.00 MiB/s]
.....📊 live: 0.00% (0 / 85.0Gi) [down speed: 0.00 MiB/s, up speed: 0.00 MiB/s]
.....📊 live: 0.00% (0 / 85.0Gi) [down speed: 0.00 MiB/s, up speed: 0.00 MiB/s]
.....📊 live: 0.00% (0 / 85.0Gi) [down speed: 0.00 MiB/s, up speed: 0.00 MiB/s]
.....📊 live: 0.00% (0 / 85.0Gi) [down speed: 0.00 MiB/s, up speed: 0.00 MiB/s]
.....📊 live: 0.00% (0 / 85.0Gi) [down speed: 0.00 MiB/s, up speed: 0.00 MiB/s]
.....📊 live: 0.00% (0 / 85.0Gi) [down speed: 0.00 MiB/s, up speed: 0.00 MiB/s]
.....📊 live: 0.00% (0 / 85.0Gi) [down speed: 0.00 MiB/s, up speed: 0.00 MiB/s]
.....📊 live: 0.00% (0 / 85.0Gi) [down speed: 0.00 MiB/s, up speed: 0.00 MiB/s]
.....📊 live: 0.00% (0 / 85.0Gi) [down speed: 0.00 MiB/s, up speed: 0.00 MiB/s]
.....📊 live: 0.00% (0 / 85.0Gi) [down speed: 0.00 MiB/s, up speed: 0.00 MiB/s]
.....📊 live: 0.00% (0 / 85.0Gi) [down speed: 0.00 MiB/s, up speed: 0.00 MiB/s]
.....📊 live: 0.00% (0 / 85.0Gi) [down speed: 0.00 MiB/s, up speed: 0.00 MiB/s]
.....📊 live: 0.00% (0 / 85.0Gi) [down speed: 0.00 MiB/s, up speed: 0.00 MiB/s]
.....📊 live: 0.00% (0 / 85.0Gi) [down speed: 0.00 MiB/s, up speed: 0.00 MiB/s]
.....📊 live: 0.00% (0 / 85.0Gi) [down speed: 0.00 MiB/s, up speed: 0.00 MiB/s]
.....📊 live: 0.00% (0 / 85.0Gi) [down speed: 0.00 MiB/s, up speed: 0.00 MiB/s]
.....📊 live: 0.00% (0 / 85.0Gi) [down speed: 0.00 MiB/s, up speed: 0.00 MiB/s]
.....📊 live: 0.00% (0 / 85.0Gi) [down speed: 0.00 MiB/s, up speed: 0.00 MiB/s]
.....📊 live: 0.00% (0 / 85.0Gi) [down speed: 0.00 MiB/s, up speed: 0.00 MiB/s]
.....📊 live: 0.00% (0 / 85.0Gi) [down speed: 0.00 MiB/s, up speed: 0.00 MiB/s]
.....📊 live: 0.00% (0 / 85.0Gi) [down speed: 0.00 MiB/s, up speed: 0.00 MiB/s]
.....📊 live: 0.00% (0 / 85.0Gi) [down speed: 0.00 MiB/s, up speed: 0.00 MiB/s]
.....📊 live: 0.00% (0 / 85.0Gi) [down speed: 0.00 MiB/s, up speed: 0.00 MiB/s]
.....📊 live: 0.00% (0 / 85.0Gi) [down speed: 0.00 MiB/s, up speed: 0.00 MiB/s]
.....📊 live: 0.00% (0 / 85.0Gi) [down speed: 0.00 MiB/s, up speed: 0.00 MiB/s]
.....📊 live: 0.00% (0 / 85.0Gi) [down speed: 0.00 MiB/s, up speed: 0.00 MiB/s]
.....📊 live: 0.00% (0 / 85.0Gi) [down speed: 0.00 MiB/s, up speed: 0.00 MiB/s]
.....📊 live: 0.00% (0 / 85.0Gi) [down speed: 0.00 MiB/s, up speed: 0.00 MiB/s]
.....📊 live: 0.00% (0 / 85.0Gi) [down speed: 0.00 MiB/s, up speed: 0.00 MiB/s]
.....📊 live: 0.00% (0 / 85.0Gi) [down speed: 0.00 MiB/s, up speed: 0.00 MiB/s]
.....📊 live: 0.00% (0 / 85.0Gi) [down speed: 0.00 MiB/s, up speed: 0.00 MiB/s]
.....📊 live: 0.00% (0 / 85.0Gi) [down speed: 0.00 MiB/s, up speed: 0.00 MiB/s]
.....📊 live: 0.00% (0 / 85.0Gi) [down speed: 0.00 MiB/s, up speed: 0.00 MiB/s]
.....📊 live: 0.00% (0 / 85.0Gi) [down speed: 0.00 MiB/s, up speed: 0.00 MiB/s]
.....📊 live: 0.00% (0 / 85.0Gi) [down speed: 0.00 MiB/s, up speed: 0.00 MiB/s]
.....📊 live: 0.00% (0 / 85.0Gi) [down speed: 0.00 MiB/s, up speed: 0.00 MiB/s]
.....📊 live: 0.00% (0 / 85.0Gi) [down speed: 0.00 MiB/s, up speed: 0.00 MiB/s]
.....📊 live: 0.00% (0 / 85.0Gi) [down speed: 0.00 MiB/s, up speed: 0.00 MiB/s]
.....📊 live: 0.00% (0 / 85.0Gi) [down speed: 0.00 MiB/s, up speed: 0.00 MiB/s]
.....📊 live: 0.00% (0 / 85.0Gi) [down speed: 0.00 MiB/s, up speed: 0.00 MiB/s]
.....📊 live: 0.00% (0 / 85.0Gi) [down speed: 0.00 MiB/s, up speed: 0.00 MiB/s]
.....📊 live: 0.00% (0 / 85.0Gi) [down speed: 0.00 MiB/s, up speed: 0.00 MiB/s]
.....📊 live: 0.00% (0 / 85.0Gi) [down speed: 0.00 MiB/s, up speed: 0.00 MiB/s]
.....📊 live: 0.00% (0 / 85.0Gi) [down speed: 0.00 MiB/s, up speed: 0.00 MiB/s]
.....📊 live: 0.00% (0 / 85.0Gi) [down speed: 0.00 MiB/s, up speed: 0.00 MiB/s]
.....📊 live: 0.00% (0 / 85.0Gi) [down speed: 0.00 MiB/s, up speed: 0.00 MiB/s]
.....📊 live: 0.00% (0 / 85.0Gi) [down speed: 0.00 MiB/s, up speed: 0.00 MiB/s]
.....📊 live: 0.00% (0 / 85.0Gi) [down speed: 0.00 MiB/s, up speed: 0.00 MiB/s]
.....📊 live: 0.00% (0 / 85.0Gi) [down speed: 0.00 MiB/s, up speed: 0.00 MiB/s]
.....📊 live: 0.00% (0 / 85.0Gi) [down speed: 0.00 MiB/s, up speed: 0.00 MiB/s]
.....📊 live: 0.00% (0 / 85.0Gi) [down speed: 0.00 MiB/s, up speed: 0.00 MiB/s]
.....📊 live: 0.00% (0 / 85.0Gi) [down speed: 0.00 MiB/s, up speed: 0.00 MiB/s]
.....📊 live: 0.00% (0 / 85.0Gi) [down speed: 0.00 MiB/s, up speed: 0.00 MiB/s]
.....📊 live: 0.00% (0 / 85.0Gi) [down speed: 0.00 MiB/s, up speed: 0.00 MiB/s]
.....📊 live: 0.00% (0 / 85.0Gi) [down speed: 0.00 MiB/s, up speed: 0.00 MiB/s]
.....📊 live: 0.00% (0 / 85.0Gi) [down speed: 0.00 MiB/s, up speed: 0.00 MiB/s]
.....📊 live: 0.00% (0 / 85.0Gi) [down speed: 0.00 MiB/s, up speed: 0.00 MiB/s]
.....📊 live: 0.00% (0 / 85.0Gi) [down speed: 0.00 MiB/s, up speed: 0.00 MiB/s]
.....📊 live: 0.00% (0 / 85.0Gi) [down speed: 0.00 MiB/s, up speed: 0.00 MiB/s]
.....📊 live: 0.00% (0 / 85.0Gi) [down speed: 0.00 MiB/s, up speed: 0.00 MiB/s]
.....📊 live: 0.00% (0 / 85.0Gi) [down speed: 0.00 MiB/s, up speed: 0.00 MiB/s]
.....📊 live: 0.00% (0 / 85.0Gi) [down speed: 0.00 MiB/s, up speed: 0.00 MiB/s]
.....📊 live: 0.00% (0 / 85.0Gi) [down speed: 0.00 MiB/s, up speed: 0.00 MiB/s]
.....📊 live: 0.00% (0 / 85.0Gi) [down speed: 0.00 MiB/s, up speed: 0.00 MiB/s]
.....📊 live: 0.00% (0 / 85.0Gi) [down speed: 0.00 MiB/s, up speed: 0.00 MiB/s]
.....📊 live: 0.00% (0 / 85.0Gi) [down speed: 0.00 MiB/s, up speed: 0.00 MiB/s]
.....📊 live: 0.00% (0 / 85.0Gi) [down speed: 0.00 MiB/s, up speed: 0.00 MiB/s]
.....📊 live: 0.00% (0 / 85.0Gi) [down speed: 0.00 MiB/s, up speed: 0.00 MiB/s]
.....📊 live: 0.00% (0 / 85.0Gi) [down speed: 0.00 MiB/s, up speed: 0.00 MiB/s]
.....📊 live: 0.00% (0 / 85.0Gi) [down speed: 0.00 MiB/s, up speed: 0.00 MiB/s]
.....📊 live: 0.00% (0 / 85.0Gi) [down speed: 0.00 MiB/s, up speed: 0.00 MiB/s]
.....📊 live: 0.00% (0 / 85.0Gi) [down speed: 0.00 MiB/s, up speed: 0.00 MiB/s]
.....📊 live: 0.00% (0 / 85.0Gi) [down speed: 0.00 MiB/s, up speed: 0.00 MiB/s]
.....📊 live: 0.00% (0 / 85.0Gi) [down speed: 0.00 MiB/s, up speed: 0.00 MiB/s]
.....📊 live: 0.00% (0 / 85.0Gi) [down speed: 0.00 MiB/s, up speed: 0.00 MiB/s]
.....📊 live: 0.00% (0 / 85.0Gi) [down speed: 0.00 MiB/s, up speed: 0.00 MiB/s]
.....📊 live: 0.00% (0 / 85.0Gi) [down speed: 0.00 MiB/s, up speed: 0.00 MiB/s]
.....📊 live: 0.00% (0 / 85.0Gi) [down speed: 0.00 MiB/s, up speed: 0.00 MiB/s]
.....📊 live: 0.00% (0 / 85.0Gi) [down speed: 0.00 MiB/s, up speed: 0.00 MiB/s]
.....📊 live: 0.00% (0 / 85.0Gi) [down speed: 0.00 MiB/s, up speed: 0.00 MiB/s]
.....📊 live: 0.00% (0 / 85.0Gi) [down speed: 0.00 MiB/s, up speed: 0.00 MiB/s]
.....📊 live: 0.00% (0 / 85.0Gi) [down speed: 0.00 MiB/s, up speed: 0.00 MiB/s]
.....📊 live: 0.00% (0 / 85.0Gi) [down speed: 0.00 MiB/s, up speed: 0.00 MiB/s]
.....📊 live: 0.00% (0 / 85.0Gi) [down speed: 0.00 MiB/s, up speed: 0.00 MiB/s]
.....📊 live: 0.00% (0 / 85.0Gi) [down speed: 0.00 MiB/s, up speed: 0.00 MiB/s]
.....📊 live: 0.00% (0 / 85.0Gi) [down speed: 0.00 MiB/s, up speed: 0.00 MiB/s]
.....📊 live: 0.00% (0 / 85.0Gi) [down speed: 0.00 MiB/s, up speed: 0.00 MiB/s]
.....📊 live: 0.00% (0 / 85.0Gi) [down speed: 0.00 MiB/s, up speed: 0.00 MiB/s]
.....📊 live: 0.00% (0 / 85.0Gi) [down speed: 0.00 MiB/s, up speed: 0.00 MiB/s]
.....📊 live: 0.00% (0 / 85.0Gi) [down speed: 0.00 MiB/s, up speed: 0.00 MiB/s]
.....📊 live: 0.00% (0 / 85.0Gi) [down speed: 0.00 MiB/s, up speed: 0.00 MiB/s]
.....📊 live: 0.00% (0 / 85.0Gi) [down speed: 0.00 MiB/s, up speed: 0.00 MiB/s]
.....📊 live: 0.00% (0 / 85.0Gi) [down speed: 0.00 MiB/s, up speed: 0.00 MiB/s]
.....📊 live: 0.00% (0 / 85.0Gi) [down speed: 0.00 MiB/s, up speed: 0.00 MiB/s]
.....📊 live: 0.00% (0 / 85.0Gi) [down speed: 0.00 MiB/s, up speed: 0.00 MiB/s]
.....📊 live: 0.00% (0 / 85.0Gi) [down speed: 0.00 MiB/s, up speed: 0.00 MiB/s]
.....📊 live: 0.00% (0 / 85.0Gi) [down speed: 0.00 MiB/s, up speed: 0.00 MiB/s]
.....📊 live: 0.00% (0 / 85.0Gi) [down speed: 0.00 MiB/s, up speed: 0.00 MiB/s]
.....📊 live: 0.00% (0 / 85.0Gi) [down speed: 0.00 MiB/s, up speed: 0.00 MiB/s]
.....📊 live: 0.00% (0 / 85.0Gi) [down speed: 0.00 MiB/s, up speed: 0.00 MiB/s]
.....📊 live: 0.00% (0 / 85.0Gi) [down speed: 0.00 MiB/s, up speed: 0.00 MiB/s]
.....📊 live: 0.00% (0 / 85.0Gi) [down speed: 0.00 MiB/s, up speed: 0.00 MiB/s]
.....📊 live: 0.00% (0 / 85.0Gi) [down speed: 0.00 MiB/s, up speed: 0.00 MiB/s]
.....📊 live: 0.00% (0 / 85.0Gi) [down speed: 0.00 MiB/s, up speed: 0.00 MiB/s]
.....📊 live: 0.00% (0 / 85.0Gi) [down speed: 0.00 MiB/s, up speed: 0.00 MiB/s]
.....📊 live: 0.00% (0 / 85.0Gi) [down speed: 0.00 MiB/s, up speed: 0.00 MiB/s]
.....📊 live: 0.00% (0 / 85.0Gi) [down speed: 0.00 MiB/s, up speed: 0.00 MiB/s]
.....📊 live: 0.00% (0 / 85.0Gi) [down speed: 0.00 MiB/s, up speed: 0.00 MiB/s]
.....📊 live: 0.00% (0 / 85.0Gi) [down speed: 0.00 MiB/s, up speed: 0.00 MiB/s]
.....📊 live: 0.00% (0 / 85.0Gi) [down speed: 0.00 MiB/s, up speed: 0.00 MiB/s]
.....📊 live: 0.00% (0 / 85.0Gi) [down speed: 0.00 MiB/s, up speed: 0.00 MiB/s]
.....📊 live: 0.00% (0 / 85.0Gi) [down speed: 0.00 MiB/s, up speed: 0.00 MiB/s]
.....📊 live: 0.00% (0 / 85.0Gi) [down speed: 0.00 MiB/s, up speed: 0.00 MiB/s]
.....📊 live: 0.00% (0 / 85.0Gi) [down speed: 0.00 MiB/s, up speed: 0.00 MiB/s]
.....📊 live: 0.00% (0 / 85.0Gi) [down speed: 0.00 MiB/s, up speed: 0.00 MiB/s]
.....📊 live: 0.00% (0 / 85.0Gi) [down speed: 0.00 MiB/s, up speed: 0.00 MiB/s]
.....📊 live: 0.00% (0 / 85.0Gi) [down speed: 0.00 MiB/s, up speed: 0.00 MiB/s]
.....📊 live: 0.00% (0 / 85.0Gi) [down speed: 0.00 MiB/s, up speed: 0.00 MiB/s]
.....📊 live: 0.00% (0 / 85.0Gi) [down speed: 0.00 MiB/s, up speed: 0.00 MiB/s]
.....📊 live: 0.00% (0 / 85.0Gi) [down speed: 0.00 MiB/s, up speed: 0.00 MiB/s]
.....📊 live: 0.00% (0 / 85.0Gi) [down speed: 0.00 MiB/s, up speed: 0.00 MiB/s]
.....📊 live: 0.00% (0 / 85.0Gi) [down speed: 0.00 MiB/s, up speed: 0.00 MiB/s]
.....📊 live: 0.00% (0 / 85.0Gi) [down speed: 0.00 MiB/s, up speed: 0.00 MiB/s]
.....📊 live: 0.00% (0 / 85.0Gi) [down speed: 0.00 MiB/s, up speed: 0.00 MiB/s]
.....📊 live: 0.00% (0 / 85.0Gi) [down speed: 0.00 MiB/s, up speed: 0.00 MiB/s]
.....📊 live: 0.00% (0 / 85.0Gi) [down speed: 0.00 MiB/s, up speed: 0.00 MiB/s]
.....📊 live: 0.00% (0 / 85.0Gi) [down speed: 0.00 MiB/s, up speed: 0.00 MiB/s]
.....📊 live: 0.00% (0 / 85.0Gi) [down speed: 0.00 MiB/s, up speed: 0.00 MiB/s]
.....📊 live: 0.00% (0 / 85.0Gi) [down speed: 0.00 MiB/s, up speed: 0.00 MiB/s]
.....📊 live: 0.00% (0 / 85.0Gi) [down speed: 0.00 MiB/s, up speed: 0.00 MiB/s]
.....📊 live: 0.00% (0 / 85.0Gi) [down speed: 0.00 MiB/s, up speed: 0.00 MiB/s]
.....📊 live: 0.00% (0 / 85.0Gi) [down speed: 0.00 MiB/s, up speed: 0.00 MiB/s]
.....📊 live: 0.00% (0 / 85.0Gi) [down speed: 0.00 MiB/s, up speed: 0.00 MiB/s]
.....📊 live: 0.00% (0 / 85.0Gi) [down speed: 0.00 MiB/s, up speed: 0.00 MiB/s]
.....📊 live: 0.00% (0 / 85.0Gi) [down speed: 0.00 MiB/s, up speed: 0.00 MiB/s]
.....📊 live: 0.00% (0 / 85.0Gi) [down speed: 0.00 MiB/s, up speed: 0.00 MiB/s]
.....📊 live: 0.00% (0 / 85.0Gi) [down speed: 0.00 MiB/s, up speed: 0.00 MiB/s]
.....📊 live: 0.00% (0 / 85.0Gi) [down speed: 0.00 MiB/s, up speed: 0.00 MiB/s]
.....📊 live: 0.00% (0 / 85.0Gi) [down speed: 0.00 MiB/s, up speed: 0.00 MiB/s]
.....📊 live: 0.00% (0 / 85.0Gi) [down speed: 0.00 MiB/s, up speed: 0.00 MiB/s]
.....📊 live: 0.00% (0 / 85.0Gi) [down speed: 0.00 MiB/s, up speed: 0.00 MiB/s]
.....📊 live: 0.00% (0 / 85.0Gi) [down speed: 0.00 MiB/s, up speed: 0.00 MiB/s]
.....📊 live: 0.00% (0 / 85.0Gi) [down speed: 0.00 MiB/s, up speed: 0.00 MiB/s]
.....📊 live: 0.00% (0 / 85.0Gi) [down speed: 0.00 MiB/s, up speed: 0.00 MiB/s]
.....📊 live: 0.00% (0 / 85.0Gi) [down speed: 0.00 MiB/s, up speed: 0.00 MiB/s]
.....📊 live: 0.00% (0 / 85.0Gi) [down speed: 0.00 MiB/s, up speed: 0.00 MiB/s]
.....📊 live: 0.00% (0 / 85.0Gi) [down speed: 0.00 MiB/s, up speed: 0.00 MiB/s]
.....📊 live: 0.00% (0 / 85.0Gi) [down speed: 0.00 MiB/s, up speed: 0.00 MiB/s]
.....📊 live: 0.00% (0 / 85.0Gi) [down speed: 0.00 MiB/s, up speed: 0.00 MiB/s]
.....📊 live: 0.00% (0 / 85.0Gi) [down speed: 0.00 MiB/s, up speed: 0.00 MiB/s]
.....📊 live: 0.00% (0 / 85.0Gi) [down speed: 0.00 MiB/s, up speed: 0.00 MiB/s]
.....📊 live: 0.00% (0 / 85.0Gi) [down speed: 0.00 MiB/s, up speed: 0.00 MiB/s]
.....📊 live: 0.00% (0 / 85.0Gi) [down speed: 0.00 MiB/s, up speed: 0.00 MiB/s]
.....📊 live: 0.00% (0 / 85.0Gi) [down speed: 0.00 MiB/s, up speed: 0.00 MiB/s]
.....📊 live: 0.00% (0 / 85.0Gi) [down speed: 0.00 MiB/s, up speed: 0.00 MiB/s]
.....📊 live: 0.00% (0 / 85.0Gi) [down speed: 0.00 MiB/s, up speed: 0.00 MiB/s]
.....📊 live: 0.00% (0 / 85.0Gi) [down speed: 0.00 MiB/s, up speed: 0.00 MiB/s]
.....📊 live: 0.00% (0 / 85.0Gi) [down speed: 0.00 MiB/s, up speed: 0.00 MiB/s]
.....📊 live: 0.00% (0 / 85.0Gi) [down speed: 0.00 MiB/s, up speed: 0.00 MiB/s]
.....📊 live: 0.00% (0 / 85.0Gi) [down speed: 0.00 MiB/s, up speed: 0.00 MiB/s]
.....📊 live: 0.00% (0 / 85.0Gi) [down speed: 0.00 MiB/s, up speed: 0.00 MiB/s]
.....📊 live: 0.00% (0 / 85.0Gi) [down speed: 0.00 MiB/s, up speed: 0.00 MiB/s]
.....📊 live: 0.00% (0 / 85.0Gi) [down speed: 0.00 MiB/s, up speed: 0.00 MiB/s]
.....📊 live: 0.00% (0 / 85.0Gi) [down speed: 0.00 MiB/s, up speed: 0.00 MiB/s]
.....📊 live: 0.00% (0 / 85.0Gi) [down speed: 0.00 MiB/s, up speed: 0.00 MiB/s]
.....📊 live: 0.00% (0 / 85.0Gi) [down speed: 0.00 MiB/s, up speed: 0.00 MiB/s]
.....📊 live: 0.00% (0 / 85.0Gi) [down speed: 0.00 MiB/s, up speed: 0.00 MiB/s]
.....📊 live: 0.00% (0 / 85.0Gi) [down speed: 0.00 MiB/s, up speed: 0.00 MiB/s]
.....📊 live: 0.00% (0 / 85.0Gi) [down speed: 0.00 MiB/s, up speed: 0.00 MiB/s]
.....📊 live: 0.00% (0 / 85.0Gi) [down speed: 0.00 MiB/s, up speed: 0.00 MiB/s]
.....📊 live: 0.00% (0 / 85.0Gi) [down speed: 0.00 MiB/s, up speed: 0.00 MiB/s]
.....📊 live: 0.00% (0 / 85.0Gi) [down speed: 0.00 MiB/s, up speed: 0.00 MiB/s]
.....📊 live: 0.00% (0 / 85.0Gi) [down speed: 0.00 MiB/s, up speed: 0.00 MiB/s]
.....📊 live: 0.00% (0 / 85.0Gi) [down speed: 0.00 MiB/s, up speed: 0.00 MiB/s]
.....📊 live: 0.00% (0 / 85.0Gi) [down speed: 0.00 MiB/s, up speed: 0.00 MiB/s]
.....📊 live: 0.00% (0 / 85.0Gi) [down speed: 0.00 MiB/s, up speed: 0.00 MiB/s]
.....📊 live: 0.00% (0 / 85.0Gi) [down speed: 0.00 MiB/s, up speed: 0.00 MiB/s]
.....📊 live: 0.00% (0 / 85.0Gi) [down speed: 0.00 MiB/s, up speed: 0.00 MiB/s]
.....📊 live: 0.00% (0 / 85.0Gi) [down speed: 0.00 MiB/s, up speed: 0.00 MiB/s]
.....📊 live: 0.00% (0 / 85.0Gi) [down speed: 0.00 MiB/s, up speed: 0.00 MiB/s]
.....📊 live: 0.00% (0 / 85.0Gi) [down speed: 0.00 MiB/s, up speed: 0.00 MiB/s]
.....📊 live: 0.00% (0 / 85.0Gi) [down speed: 0.00 MiB/s, up speed: 0.00 MiB/s]
.....📊 live: 0.00% (0 / 85.0Gi) [down speed: 0.00 MiB/s, up speed: 0.00 MiB/s]
.....📊 live: 0.00% (0 / 85.0Gi) [down speed: 0.00 MiB/s, up speed: 0.00 MiB/s]
.....📊 live: 0.00% (0 / 85.0Gi) [down speed: 0.00 MiB/s, up speed: 0.00 MiB/s]
.....📊 live: 0.00% (0 / 85.0Gi) [down speed: 0.00 MiB/s, up speed: 0.00 MiB/s]
.....📊 live: 0.00% (0 / 85.0Gi) [down speed: 0.00 MiB/s, up speed: 0.00 MiB/s]
.....📊 live: 0.00% (0 / 85.0Gi) [down speed: 0.00 MiB/s, up speed: 0.00 MiB/s]
.....📊 live: 0.00% (0 / 85.0Gi) [down speed: 0.00 MiB/s, up speed: 0.00 MiB/s]
.....📊 live: 0.00% (0 / 85.0Gi) [down speed: 0.00 MiB/s, up speed: 0.00 MiB/s]
.....📊 live: 0.00% (0 / 85.0Gi) [down speed: 0.00 MiB/s, up speed: 0.00 MiB/s]
.....📊 live: 0.00% (0 / 85.0Gi) [down speed: 0.00 MiB/s, up speed: 0.00 MiB/s]
.....📊 live: 0.00% (0 / 85.0Gi) [down speed: 0.00 MiB/s, up speed: 0.00 MiB/s]
.....📊 live: 0.00% (0 / 85.0Gi) [down speed: 0.00 MiB/s, up speed: 0.00 MiB/s]
.....📊 live: 0.00% (0 / 85.0Gi) [down speed: 0.00 MiB/s, up speed: 0.00 MiB/s]
.....📊 live: 0.00% (0 / 85.0Gi) [down speed: 0.00 MiB/s, up speed: 0.00 MiB/s]
.....📊 live: 0.00% (0 / 85.0Gi) [down speed: 0.00 MiB/s, up speed: 0.00 MiB/s]
.....📊 live: 0.00% (0 / 85.0Gi) [down speed: 0.00 MiB/s, up speed: 0.00 MiB/s]
.....📊 live: 0.00% (0 / 85.0Gi) [down speed: 0.00 MiB/s, up speed: 0.00 MiB/s]
.....📊 live: 0.00% (0 / 85.0Gi) [down speed: 0.00 MiB/s, up speed: 0.00 MiB/s]
.....📊 live: 0.00% (0 / 85.0Gi) [down speed: 0.00 MiB/s, up speed: 0.00 MiB/s]
.....📊 live: 0.00% (0 / 85.0Gi) [down speed: 0.00 MiB/s, up speed: 0.00 MiB/s]
.....📊 live: 0.00% (0 / 85.0Gi) [down speed: 0.00 MiB/s, up speed: 0.00 MiB/s]
.....📊 live: 0.00% (0 / 85.0Gi) [down speed: 0.00 MiB/s, up speed: 0.00 MiB/s]
.....📊 live: 0.00% (0 / 85.0Gi) [down speed: 0.00 MiB/s, up speed: 0.00 MiB/s]
.....📊 live: 0.00% (0 / 85.0Gi) [down speed: 0.00 MiB/s, up speed: 0.00 MiB/s]
.....📊 live: 0.00% (0 / 85.0Gi) [down speed: 0.00 MiB/s, up speed: 0.00 MiB/s]
.....📊 live: 0.00% (0 / 85.0Gi) [down speed: 0.00 MiB/s, up speed: 0.00 MiB/s]
.....📊 live: 0.00% (0 / 85.0Gi) [down speed: 0.00 MiB/s, up speed: 0.00 MiB/s]
.....📊 live: 0.00% (0 / 85.0Gi) [down speed: 0.00 MiB/s, up speed: 0.00 MiB/s]
.....📊 live: 0.00% (0 / 85.0Gi) [down speed: 0.00 MiB/s, up speed: 0.00 MiB/s]
.....📊 live: 0.00% (0 / 85.0Gi) [down speed: 0.00 MiB/s, up speed: 0.00 MiB/s]
.....📊 live: 0.00% (0 / 85.0Gi) [down speed: 0.00 MiB/s, up speed: 0.00 MiB/s]
.....📊 live: 0.00% (0 / 85.0Gi) [down speed: 0.00 MiB/s, up speed: 0.00 MiB/s]
.....📊 live: 0.00% (0 / 85.0Gi) [down speed: 0.00 MiB/s, up speed: 0.00 MiB/s]
.....📊 live: 0.00% (0 / 85.0Gi) [down speed: 0.00 MiB/s, up speed: 0.00 MiB/s]
.....📊 live: 0.00% (0 / 85.0Gi) [down speed: 0.00 MiB/s, up speed: 0.00 MiB/s]
.....📊 live: 0.00% (0 / 85.0Gi) [down speed: 0.00 MiB/s, up speed: 0.00 MiB/s]
.....📊 live: 0.00% (0 / 85.0Gi) [down speed: 0.00 MiB/s, up speed: 0.00 MiB/s]
.....📊 live: 0.00% (0 / 85.0Gi) [down speed: 0.00 MiB/s, up speed: 0.00 MiB/s]
.....📊 live: 0.00% (0 / 85.0Gi) [down speed: 0.00 MiB/s, up speed: 0.00 MiB/s]
.....📊 live: 0.00% (0 / 85.0Gi) [down speed: 0.00 MiB/s, up speed: 0.00 MiB/s]
.....📊 live: 0.00% (0 / 85.0Gi) [down speed: 0.00 MiB/s, up speed: 0.00 MiB/s]
.....📊 live: 0.00% (0 / 85.0Gi) [down speed: 0.00 MiB/s, up speed: 0.00 MiB/s]
.....📊 live: 0.00% (0 / 85.0Gi) [down speed: 0.00 MiB/s, up speed: 0.00 MiB/s]
.....📊 live: 0.00% (0 / 85.0Gi) [down speed: 0.00 MiB/s, up speed: 0.00 MiB/s]
.....📊 live: 0.00% (0 / 85.0Gi) [down speed: 0.00 MiB/s, up speed: 0.00 MiB/s]
.....📊 live: 0.00% (0 / 85.0Gi) [down speed: 0.00 MiB/s, up speed: 0.00 MiB/s]
.....📊 live: 0.00% (0 / 85.0Gi) [down speed: 0.00 MiB/s, up speed: 0.00 MiB/s]
.....📊 live: 0.00% (0 / 85.0Gi) [down speed: 0.00 MiB/s, up speed: 0.00 MiB/s]
.....📊 live: 0.00% (0 / 85.0Gi) [down speed: 0.00 MiB/s, up speed: 0.00 MiB/s]
.....📊 live: 0.00% (0 / 85.0Gi) [down speed: 0.00 MiB/s, up speed: 0.00 MiB/s]
.....📊 live: 0.00% (0 / 85.0Gi) [down speed: 0.00 MiB/s, up speed: 0.00 MiB/s]
.....📊 live: 0.00% (0 / 85.0Gi) [down speed: 0.00 MiB/s, up speed: 0.00 MiB/s]
.....📊 live: 0.00% (0 / 85.0Gi) [down speed: 0.00 MiB/s, up speed: 0.00 MiB/s]
.....📊 live: 0.00% (0 / 85.0Gi) [down speed: 0.00 MiB/s, up speed: 0.00 MiB/s]
.....📊 live: 0.00% (0 / 85.0Gi) [down speed: 0.00 MiB/s, up speed: 0.00 MiB/s]
.....📊 live: 0.00% (0 / 85.0Gi) [down speed: 0.00 MiB/s, up speed: 0.00 MiB/s]
.....📊 live: 0.00% (0 / 85.0Gi) [down speed: 0.00 MiB/s, up speed: 0.00 MiB/s]
.....📊 live: 0.00% (0 / 85.0Gi) [down speed: 0.00 MiB/s, up speed: 0.00 MiB/s]
.....📊 live: 0.00% (0 / 85.0Gi) [down speed: 0.00 MiB/s, up speed: 0.00 MiB/s]
.....📊 live: 0.00% (0 / 85.0Gi) [down speed: 0.00 MiB/s, up speed: 0.00 MiB/s]
.....📊 live: 0.00% (0 / 85.0Gi) [down speed: 0.00 MiB/s, up speed: 0.00 MiB/s]
.....📊 live: 0.00% (0 / 85.0Gi) [down speed: 0.00 MiB/s, up speed: 0.00 MiB/s]
.....📊 live: 0.00% (0 / 85.0Gi) [down speed: 0.00 MiB/s, up speed: 0.00 MiB/s]
.....📊 live: 0.00% (0 / 85.0Gi) [down speed: 0.00 MiB/s, up speed: 0.00 MiB/s]
.....📊 live: 0.00% (0 / 85.0Gi) [down speed: 0.00 MiB/s, up speed: 0.00 MiB/s]
.....📊 live: 0.00% (0 / 85.0Gi) [down speed: 0.00 MiB/s, up speed: 0.00 MiB/s]
.....📊 live: 0.00% (0 / 85.0Gi) [down speed: 0.00 MiB/s, up speed: 0.00 MiB/s]
.....📊 live: 0.00% (0 / 85.0Gi) [down speed: 0.00 MiB/s, up speed: 0.00 MiB/s]
.....📊 live: 0.00% (0 / 85.0Gi) [down speed: 0.00 MiB/s, up speed: 0.00 MiB/s]
.....📊 live: 0.00% (0 / 85.0Gi) [down speed: 0.00 MiB/s, up speed: 0.00 MiB/s]
.....📊 live: 0.00% (0 / 85.0Gi) [down speed: 0.00 MiB/s, up speed: 0.00 MiB/s]
.....📊 live: 0.00% (0 / 85.0Gi) [down speed: 0.00 MiB/s, up speed: 0.00 MiB/s]
.....📊 live: 0.00% (0 / 85.0Gi) [down speed: 0.00 MiB/s, up speed: 0.00 MiB/s]
.....📊 live: 0.00% (0 / 85.0Gi) [down speed: 0.00 MiB/s, up speed: 0.00 MiB/s]
.....📊 live: 0.00% (0 / 85.0Gi) [down speed: 0.00 MiB/s, up speed: 0.00 MiB/s]
.....📊 live: 0.00% (0 / 85.0Gi) [down speed: 0.00 MiB/s, up speed: 0.00 MiB/s]
.....📊 live: 0.00% (0 / 85.0Gi) [down speed: 0.00 MiB/s, up speed: 0.00 MiB/s]
.....📊 live: 0.00% (0 / 85.0Gi) [down speed: 0.00 MiB/s, up speed: 0.00 MiB/s]
.....📊 live: 0.00% (0 / 85.0Gi) [down speed: 0.00 MiB/s, up speed: 0.00 MiB/s]
.....📊 live: 0.00% (0 / 85.0Gi) [down speed: 0.00 MiB/s, up speed: 0.00 MiB/s]
.....📊 live: 0.00% (0 / 85.0Gi) [down speed: 0.00 MiB/s, up speed: 0.00 MiB/s]
.....📊 live: 0.00% (0 / 85.0Gi) [down speed: 0.00 MiB/s, up speed: 0.00 MiB/s]
.....📊 live: 0.00% (0 / 85.0Gi) [down speed: 0.00 MiB/s, up speed: 0.00 MiB/s]
.....📊 live: 0.00% (0 / 85.0Gi) [down speed: 0.00 MiB/s, up speed: 0.00 MiB/s]
.....📊 live: 0.00% (0 / 85.0Gi) [down speed: 0.00 MiB/s, up speed: 0.00 MiB/s]
.....📊 live: 0.00% (0 / 85.0Gi) [down speed: 0.00 MiB/s, up speed: 0.00 MiB/s]
.....📊 live: 0.00% (0 / 85.0Gi) [down speed: 0.00 MiB/s, up speed: 0.00 MiB/s]
.....📊 live: 0.00% (0 / 85.0Gi) [down speed: 0.00 MiB/s, up speed: 0.00 MiB/s]
.....📊 live: 0.00% (0 / 85.0Gi) [down speed: 0.00 MiB/s, up speed: 0.00 MiB/s]
.....📊 live: 0.00% (0 / 85.0Gi) [down speed: 0.00 MiB/s, up speed: 0.00 MiB/s]
.....📊 live: 0.00% (0 / 85.0Gi) [down speed: 0.00 MiB/s, up speed: 0.00 MiB/s]
.....📊 live: 0.00% (0 / 85.0Gi) [down speed: 0.00 MiB/s, up speed: 0.00 MiB/s]
.....📊 live: 0.00% (0 / 85.0Gi) [down speed: 0.00 MiB/s, up speed: 0.00 MiB/s]
.....📊 live: 0.00% (0 / 85.0Gi) [down speed: 0.00 MiB/s, up speed: 0.00 MiB/s]
.....📊 live: 0.00% (0 / 85.0Gi) [down speed: 0.00 MiB/s, up speed: 0.00 MiB/s]
.....📊 live: 0.00% (0 / 85.0Gi) [down speed: 0.00 MiB/s, up speed: 0.00 MiB/s]
.....📊 live: 0.00% (0 / 85.0Gi) [down speed: 0.00 MiB/s, up speed: 0.00 MiB/s]
.....📊 live: 0.00% (0 / 85.0Gi) [down speed: 0.00 MiB/s, up speed: 0.00 MiB/s]
.....📊 live: 0.00% (0 / 85.0Gi) [down speed: 0.00 MiB/s, up speed: 0.00 MiB/s]
.....📊 live: 0.00% (0 / 85.0Gi) [down speed: 0.00 MiB/s, up speed: 0.00 MiB/s]
.....📊 live: 0.00% (0 / 85.0Gi) [down speed: 0.00 MiB/s, up speed: 0.00 MiB/s]
.....📊 live: 0.00% (0 / 85.0Gi) [down speed: 0.00 MiB/s, up speed: 0.00 MiB/s]
.....📊 live: 0.00% (0 / 85.0Gi) [down speed: 0.00 MiB/s, up speed: 0.00 MiB/s]
.....📊 live: 0.00% (0 / 85.0Gi) [down speed: 0.00 MiB/s, up speed: 0.00 MiB/s]
.....📊 live: 0.00% (0 / 85.0Gi) [down speed: 0.00 MiB/s, up speed: 0.00 MiB/s]
.....📊 live: 0.00% (0 / 85.0Gi) [down speed: 0.00 MiB/s, up speed: 0.00 MiB/s]
.....📊 live: 0.00% (0 / 85.0Gi) [down speed: 0.00 MiB/s, up speed: 0.00 MiB/s]
.....📊 live: 0.00% (0 / 85.0Gi) [down speed: 0.00 MiB/s, up speed: 0.00 MiB/s]
.....📊 live: 0.00% (0 / 85.0Gi) [down speed: 0.00 MiB/s, up speed: 0.00 MiB/s]
.....📊 live: 0.00% (0 / 85.0Gi) [down speed: 0.00 MiB/s, up speed: 0.00 MiB/s]
.....📊 live: 0.00% (0 / 85.0Gi) [down speed: 0.00 MiB/s, up speed: 0.00 MiB/s]
.....📊 live: 0.00% (0 / 85.0Gi) [down speed: 0.00 MiB/s, up speed: 0.00 MiB/s]
.....📊 live: 0.00% (0 / 85.0Gi) [down speed: 0.00 MiB/s, up speed: 0.00 MiB/s]
.....📊 live: 0.00% (0 / 85.0Gi) [down speed: 0.00 MiB/s, up speed: 0.00 MiB/s]
.....📊 live: 0.00% (0 / 85.0Gi) [down speed: 0.00 MiB/s, up speed: 0.00 MiB/s]
.....📊 live: 0.00% (0 / 85.0Gi) [down speed: 0.00 MiB/s, up speed: 0.00 MiB/s]
.....📊 live: 0.00% (0 / 85.0Gi) [down speed: 0.00 MiB/s, up speed: 0.00 MiB/s]
.....📊 live: 0.00% (0 / 85.0Gi) [down speed: 0.00 MiB/s, up speed: 0.00 MiB/s]
.....📊 live: 0.00% (0 / 85.0Gi) [down speed: 0.00 MiB/s, up speed: 0.00 MiB/s]
.....📊 live: 0.00% (0 / 85.0Gi) [down speed: 0.00 MiB/s, up speed: 0.00 MiB/s]
.....📊 live: 0.00% (0 / 85.0Gi) [down speed: 0.00 MiB/s, up speed: 0.00 MiB/s]
.....📊 live: 0.00% (0 / 85.0Gi) [down speed: 0.00 MiB/s, up speed: 0.00 MiB/s]
.....📊 live: 0.00% (0 / 85.0Gi) [down speed: 0.00 MiB/s, up speed: 0.00 MiB/s]
.....📊 live: 0.00% (0 / 85.0Gi) [down speed: 0.00 MiB/s, up speed: 0.00 MiB/s]
.....📊 live: 0.00% (0 / 85.0Gi) [down speed: 0.00 MiB/s, up speed: 0.00 MiB/s]
.....📊 live: 0.00% (0 / 85.0Gi) [down speed: 0.00 MiB/s, up speed: 0.00 MiB/s]
.....📊 live: 0.00% (0 / 85.0Gi) [down speed: 0.00 MiB/s, up speed: 0.00 MiB/s]
.....📊 live: 0.00% (0 / 85.0Gi) [down speed: 0.00 MiB/s, up speed: 0.00 MiB/s]
.....📊 live: 0.00% (0 / 85.0Gi) [down speed: 0.00 MiB/s, up speed: 0.00 MiB/s]
.....📊 live: 0.00% (0 / 85.0Gi) [down speed: 0.00 MiB/s, up speed: 0.00 MiB/s]
.....📊 live: 0.00% (0 / 85.0Gi) [down speed: 0.00 MiB/s, up speed: 0.00 MiB/s]
.....📊 live: 0.00% (0 / 85.0Gi) [down speed: 0.00 MiB/s, up speed: 0.00 MiB/s]
.....📊 live: 0.00% (0 / 85.0Gi) [down speed: 0.00 MiB/s, up speed: 0.00 MiB/s]
.....📊 live: 0.00% (0 / 85.0Gi) [down speed: 0.00 MiB/s, up speed: 0.00 MiB/s]
.....📊 live: 0.00% (0 / 85.0Gi) [down speed: 0.00 MiB/s, up speed: 0.00 MiB/s]
.....📊 live: 0.00% (0 / 85.0Gi) [down speed: 0.00 MiB/s, up speed: 0.00 MiB/s]
.....📊 live: 0.00% (0 / 85.0Gi) [down speed: 0.00 MiB/s, up speed: 0.00 MiB/s]
.....📊 live: 0.00% (0 / 85.0Gi) [down speed: 0.00 MiB/s, up speed: 0.00 MiB/s]
.....📊 live: 0.00% (0 / 85.0Gi) [down speed: 0.00 MiB/s, up speed: 0.00 MiB/s]
.....📊 live: 0.00% (0 / 85.0Gi) [down speed: 0.00 MiB/s, up speed: 0.00 MiB/s]
.....📊 live: 0.00% (0 / 85.0Gi) [down speed: 0.00 MiB/s, up speed: 0.00 MiB/s]
.....📊 live: 0.00% (0 / 85.0Gi) [down speed: 0.00 MiB/s, up speed: 0.00 MiB/s]
.....📊 live: 0.00% (0 / 85.0Gi) [down speed: 0.00 MiB/s, up speed: 0.00 MiB/s]
.....📊 live: 0.00% (0 / 85.0Gi) [down speed: 0.00 MiB/s, up speed: 0.00 MiB/s]
.....📊 live: 0.00% (0 / 85.0Gi) [down speed: 0.00 MiB/s, up speed: 0.00 MiB/s]
.....📊 live: 0.00% (0 / 85.0Gi) [down speed: 0.00 MiB/s, up speed: 0.00 MiB/s]
.....📊 live: 0.00% (0 / 85.0Gi) [down speed: 0.00 MiB/s, up speed: 0.00 MiB/s]
.....📊 live: 0.00% (0 / 85.0Gi) [down speed: 0.00 MiB/s, up speed: 0.00 MiB/s]
.....📊 live: 0.00% (0 / 85.0Gi) [down speed: 0.00 MiB/s, up speed: 0.00 MiB/s]
.....📊 live: 0.00% (0 / 85.0Gi) [down speed: 0.00 MiB/s, up speed: 0.00 MiB/s]
.....📊 live: 0.00% (0 / 85.0Gi) [down speed: 0.00 MiB/s, up speed: 0.00 MiB/s]
.....📊 live: 0.00% (0 / 85.0Gi) [down speed: 0.00 MiB/s, up speed: 0.00 MiB/s]
.....📊 live: 0.00% (0 / 85.0Gi) [down speed: 0.00 MiB/s, up speed: 0.00 MiB/s]
.....📊 live: 0.00% (0 / 85.0Gi) [down speed: 0.00 MiB/s, up speed: 0.00 MiB/s]
.....📊 live: 0.00% (0 / 85.0Gi) [down speed: 0.00 MiB/s, up speed: 0.00 MiB/s]
.....📊 live: 0.00% (0 / 85.0Gi) [down speed: 0.00 MiB/s, up speed: 0.00 MiB/s]
.....📊 live: 0.00% (0 / 85.0Gi) [down speed: 0.00 MiB/s, up speed: 0.00 MiB/s]
.....📊 live: 0.00% (0 / 85.0Gi) [down speed: 0.00 MiB/s, up speed: 0.00 MiB/s]
.....📊 live: 0.00% (0 / 85.0Gi) [down speed: 0.00 MiB/s, up speed: 0.00 MiB/s]
.....📊 live: 0.00% (0 / 85.0Gi) [down speed: 0.00 MiB/s, up speed: 0.00 MiB/s]
.....📊 live: 0.00% (0 / 85.0Gi) [down speed: 0.00 MiB/s, up speed: 0.00 MiB/s]
.....📊 live: 0.00% (0 / 85.0Gi) [down speed: 0.00 MiB/s, up speed: 0.00 MiB/s]
.....📊 live: 0.00% (0 / 85.0Gi) [down speed: 0.00 MiB/s, up speed: 0.00 MiB/s]
.....📊 live: 0.00% (0 / 85.0Gi) [down speed: 0.00 MiB/s, up speed: 0.00 MiB/s]
.....📊 live: 0.00% (0 / 85.0Gi) [down speed: 0.00 MiB/s, up speed: 0.00 MiB/s]
.....📊 live: 0.00% (0 / 85.0Gi) [down speed: 0.00 MiB/s, up speed: 0.00 MiB/s]
.....📊 live: 0.00% (0 / 85.0Gi) [down speed: 0.00 MiB/s, up speed: 0.00 MiB/s]
.....📊 live: 0.00% (0 / 85.0Gi) [down speed: 0.00 MiB/s, up speed: 0.00 MiB/s]
.....📊 live: 0.00% (0 / 85.0Gi) [down speed: 0.00 MiB/s, up speed: 0.00 MiB/s]
.....📊 live: 0.00% (0 / 85.0Gi) [down speed: 0.00 MiB/s, up speed: 0.00 MiB/s]
.....📝 Piece 0: offset=0, size=16384 bytes
📝 Piece 0: offset=16384, size=0 bytes
📝 Piece 0: offset=16384, size=13369 bytes
📝 Piece 0: offset=29753, size=3015 bytes
📝 Piece 0: offset=32768, size=16384 bytes
📝 Piece 0: offset=49152, size=0 bytes
📝 Piece 0: offset=49152, size=13343 bytes
📝 Piece 0: offset=62495, size=3041 bytes
📝 Piece 0: offset=65536, size=16384 bytes
📝 Piece 0: offset=81920, size=0 bytes
📝 Piece 0: offset=81920, size=13317 bytes
📝 Piece 0: offset=95237, size=3067 bytes
📝 Piece 0: offset=98304, size=16384 bytes
📝 Piece 0: offset=114688, size=0 bytes
📝 Piece 0: offset=114688, size=13291 bytes
📝 Piece 0: offset=127979, size=3093 bytes
📝 Piece 0: offset=131072, size=16384 bytes
📝 Piece 0: offset=147456, size=0 bytes
📝 Piece 0: offset=147456, size=13265 bytes
📝 Piece 0: offset=160721, size=3119 bytes
📝 Piece 0: offset=163840, size=16384 bytes
📝 Piece 0: offset=180224, size=0 bytes
📝 Piece 0: offset=180224, size=13239 bytes
📝 Piece 0: offset=193463, size=3145 bytes
📝 Piece 0: offset=196608, size=16384 bytes
📝 Piece 0: offset=212992, size=0 bytes
📝 Piece 0: offset=212992, size=13213 bytes
📝 Piece 0: offset=226205, size=3171 bytes
📝 Piece 0: offset=229376, size=16384 bytes
📝 Piece 0: offset=245760, size=0 bytes
📝 Piece 0: offset=245760, size=13187 bytes
📝 Piece 0: offset=258947, size=3197 bytes
📝 Piece 0: offset=262144, size=16384 bytes
📝 Piece 0: offset=278528, size=0 bytes
📝 Piece 0: offset=278528, size=13161 bytes
📝 Piece 0: offset=291689, size=3223 bytes
📝 Piece 0: offset=294912, size=16384 bytes
📝 Piece 0: offset=311296, size=0 bytes
📝 Piece 0: offset=311296, size=13135 bytes
📝 Piece 0: offset=324431, size=3249 bytes
📝 Piece 0: offset=327680, size=16384 bytes
📝 Piece 0: offset=344064, size=0 bytes
📝 Piece 0: offset=344064, size=13109 bytes
📝 Piece 0: offset=357173, size=3275 bytes
📝 Piece 0: offset=360448, size=16384 bytes
📝 Piece 0: offset=376832, size=0 bytes
📝 Piece 0: offset=376832, size=13083 bytes
📝 Piece 0: offset=389915, size=3301 bytes
📝 Piece 0: offset=393216, size=16384 bytes
📝 Piece 0: offset=409600, size=0 bytes
📊 live: 0.00% (0 / 85.0Gi) [down speed: 0.43 MiB/s, eta: 55h 49m, up speed: 0.00 MiB/s]
.📝 Piece 0: offset=409600, size=13057 bytes
📝 Piece 0: offset=422657, size=3327 bytes
📝 Piece 0: offset=425984, size=16384 bytes
📝 Piece 0: offset=442368, size=0 bytes
📝 Piece 0: offset=442368, size=13031 bytes
📝 Piece 0: offset=455399, size=3353 bytes
📝 Piece 0: offset=458752, size=16384 bytes
📝 Piece 0: offset=475136, size=0 bytes
📝 Piece 0: offset=475136, size=13005 bytes
📝 Piece 0: offset=488141, size=3379 bytes
📝 Piece 0: offset=491520, size=16384 bytes
📝 Piece 0: offset=507904, size=0 bytes
📝 Piece 0: offset=507904, size=12979 bytes
📝 Piece 0: offset=520883, size=3405 bytes
📝 Piece 0: offset=524288, size=16384 bytes
📝 Piece 0: offset=540672, size=0 bytes
📝 Piece 0: offset=540672, size=12953 bytes
📝 Piece 0: offset=553625, size=3431 bytes
📝 Piece 0: offset=557056, size=16384 bytes
📝 Piece 0: offset=573440, size=0 bytes
📝 Piece 0: offset=573440, size=12927 bytes
📝 Piece 0: offset=586367, size=3457 bytes
📝 Piece 0: offset=589824, size=16384 bytes
📝 Piece 0: offset=606208, size=0 bytes
📝 Piece 0: offset=606208, size=12901 bytes
📝 Piece 0: offset=619109, size=3483 bytes
📝 Piece 0: offset=622592, size=16384 bytes
📝 Piece 0: offset=638976, size=0 bytes
📝 Piece 0: offset=638976, size=12875 bytes
📝 Piece 0: offset=651851, size=3509 bytes
📝 Piece 0: offset=655360, size=16384 bytes
📝 Piece 0: offset=671744, size=0 bytes
📝 Piece 0: offset=671744, size=12849 bytes
📝 Piece 0: offset=684593, size=3535 bytes
📝 Piece 0: offset=688128, size=16384 bytes
📝 Piece 0: offset=704512, size=0 bytes
📝 Piece 0: offset=704512, size=12823 bytes
📝 Piece 0: offset=717335, size=3561 bytes
📝 Piece 0: offset=720896, size=16384 bytes
📝 Piece 0: offset=737280, size=0 bytes
📝 Piece 0: offset=737280, size=12797 bytes
📝 Piece 0: offset=750077, size=3587 bytes
📝 Piece 0: offset=753664, size=16384 bytes
📝 Piece 0: offset=770048, size=0 bytes
📝 Piece 0: offset=770048, size=12771 bytes
📝 Piece 0: offset=782819, size=3613 bytes
📝 Piece 0: offset=786432, size=16384 bytes
📝 Piece 0: offset=802816, size=0 bytes
📝 Piece 0: offset=802816, size=12745 bytes
📝 Piece 0: offset=815561, size=3639 bytes
📝 Piece 0: offset=819200, size=16384 bytes
📝 Piece 0: offset=835584, size=0 bytes
📝 Piece 0: offset=835584, size=12719 bytes
📝 Piece 0: offset=848303, size=3665 bytes
📝 Piece 0: offset=851968, size=16384 bytes
📝 Piece 0: offset=868352, size=0 bytes
📝 Piece 0: offset=868352, size=12693 bytes
📝 Piece 0: offset=881045, size=3691 bytes
📝 Piece 0: offset=884736, size=16384 bytes
📝 Piece 0: offset=901120, size=0 bytes
📝 Piece 0: offset=901120, size=12667 bytes
📝 Piece 0: offset=913787, size=3717 bytes
📝 Piece 0: offset=917504, size=16384 bytes
📝 Piece 0: offset=933888, size=0 bytes
📝 Piece 0: offset=933888, size=12641 bytes
📝 Piece 0: offset=946529, size=3743 bytes
📝 Piece 0: offset=950272, size=16384 bytes
📝 Piece 0: offset=966656, size=0 bytes
📝 Piece 0: offset=966656, size=12615 bytes
📝 Piece 0: offset=979271, size=3769 bytes
📝 Piece 0: offset=983040, size=16384 bytes
📝 Piece 0: offset=999424, size=0 bytes
📝 Piece 0: offset=999424, size=12589 bytes
📝 Piece 0: offset=1012013, size=3795 bytes
📝 Piece 0: offset=1015808, size=16384 bytes
📝 Piece 0: offset=1032192, size=0 bytes
📝 Piece 0: offset=1032192, size=12563 bytes
📝 Piece 0: offset=1044755, size=3821 bytes
📝 Piece 0: offset=1048576, size=16384 bytes
📝 Piece 0: offset=1064960, size=0 bytes
📝 Piece 0: offset=1064960, size=12537 bytes
📝 Piece 0: offset=1077497, size=3847 bytes
📝 Piece 0: offset=1081344, size=16384 bytes
📝 Piece 0: offset=1097728, size=0 bytes
📝 Piece 0: offset=1097728, size=12511 bytes
📝 Piece 0: offset=1110239, size=3873 bytes
📝 Piece 0: offset=1114112, size=16384 bytes
📝 Piece 0: offset=1130496, size=0 bytes
📝 Piece 0: offset=1130496, size=12485 bytes
📝 Piece 0: offset=1142981, size=3899 bytes
📝 Piece 0: offset=1146880, size=16384 bytes
📝 Piece 0: offset=1163264, size=0 bytes
📝 Piece 0: offset=1163264, size=12459 bytes
📝 Piece 0: offset=1175723, size=3925 bytes
📝 Piece 0: offset=1179648, size=16384 bytes
📝 Piece 0: offset=1196032, size=0 bytes
📝 Piece 0: offset=1196032, size=12433 bytes
📝 Piece 0: offset=1208465, size=3951 bytes
📝 Piece 0: offset=1212416, size=16384 bytes
📝 Piece 0: offset=1228800, size=0 bytes
📝 Piece 0: offset=1228800, size=12407 bytes
📝 Piece 0: offset=1241207, size=3977 bytes
📝 Piece 0: offset=1245184, size=16384 bytes
📝 Piece 0: offset=1261568, size=0 bytes
📝 Piece 0: offset=1261568, size=12381 bytes
📝 Piece 0: offset=1273949, size=4003 bytes
📝 Piece 0: offset=1277952, size=16384 bytes
📝 Piece 0: offset=1294336, size=0 bytes
📝 Piece 0: offset=1294336, size=12355 bytes
📝 Piece 0: offset=1306691, size=4029 bytes
📝 Piece 0: offset=1310720, size=16384 bytes
📝 Piece 0: offset=1327104, size=0 bytes
📝 Piece 0: offset=1327104, size=12329 bytes
📝 Piece 0: offset=1339433, size=4055 bytes
📝 Piece 0: offset=1343488, size=16384 bytes
📝 Piece 0: offset=1359872, size=0 bytes
📝 Piece 0: offset=1359872, size=12303 bytes
📝 Piece 0: offset=1372175, size=4081 bytes
📝 Piece 0: offset=1376256, size=16384 bytes
📝 Piece 0: offset=1392640, size=0 bytes
📝 Piece 0: offset=1392640, size=12277 bytes
📝 Piece 0: offset=1404917, size=4107 bytes
📝 Piece 0: offset=1409024, size=16384 bytes
📝 Piece 0: offset=1425408, size=0 bytes
📝 Piece 0: offset=1425408, size=12251 bytes
📝 Piece 0: offset=1437659, size=4133 bytes
📝 Piece 0: offset=1441792, size=16384 bytes
📝 Piece 0: offset=1458176, size=0 bytes
📝 Piece 0: offset=1458176, size=12225 bytes
📝 Piece 0: offset=1470401, size=4159 bytes
📝 Piece 0: offset=1474560, size=16384 bytes
📝 Piece 0: offset=1490944, size=0 bytes
📝 Piece 0: offset=1490944, size=12199 bytes
📝 Piece 0: offset=1503143, size=4185 bytes
📝 Piece 0: offset=1507328, size=16384 bytes
📝 Piece 0: offset=1523712, size=0 bytes
📝 Piece 0: offset=1523712, size=12173 bytes
📝 Piece 0: offset=1535885, size=4211 bytes
📝 Piece 0: offset=1540096, size=16384 bytes
📝 Piece 0: offset=1556480, size=0 bytes
📝 Piece 0: offset=1556480, size=12147 bytes
📝 Piece 0: offset=1568627, size=4237 bytes
📝 Piece 0: offset=1572864, size=16384 bytes
📝 Piece 0: offset=1589248, size=0 bytes
📝 Piece 0: offset=1589248, size=12121 bytes
📝 Piece 0: offset=1601369, size=4263 bytes
📝 Piece 0: offset=1605632, size=16384 bytes
📝 Piece 0: offset=1622016, size=0 bytes
📝 Piece 0: offset=1622016, size=12095 bytes
📝 Piece 0: offset=1634111, size=4289 bytes
📝 Piece 0: offset=1638400, size=16384 bytes
📝 Piece 0: offset=1654784, size=0 bytes
📝 Piece 0: offset=1654784, size=12069 bytes
📝 Piece 0: offset=1666853, size=4315 bytes
📝 Piece 0: offset=1671168, size=16384 bytes
📝 Piece 0: offset=1687552, size=0 bytes
📝 Piece 0: offset=1687552, size=12043 bytes
📝 Piece 0: offset=1699595, size=4341 bytes
📝 Piece 0: offset=1703936, size=16384 bytes
📝 Piece 0: offset=1720320, size=0 bytes
📝 Piece 0: offset=1720320, size=12017 bytes
📝 Piece 0: offset=1732337, size=4367 bytes
📝 Piece 0: offset=1736704, size=16384 bytes
📝 Piece 0: offset=1753088, size=0 bytes
📝 Piece 0: offset=1753088, size=11991 bytes
📝 Piece 0: offset=1765079, size=4393 bytes
📝 Piece 0: offset=1769472, size=16384 bytes
📝 Piece 0: offset=1785856, size=0 bytes
📝 Piece 0: offset=1785856, size=11965 bytes
📝 Piece 0: offset=1797821, size=4419 bytes
📝 Piece 0: offset=1802240, size=16384 bytes
📝 Piece 0: offset=1818624, size=0 bytes
📝 Piece 0: offset=1818624, size=11939 bytes
📝 Piece 0: offset=1830563, size=4445 bytes
📝 Piece 0: offset=1835008, size=16384 bytes
📝 Piece 0: offset=1851392, size=0 bytes
📝 Piece 0: offset=1851392, size=11913 bytes
📝 Piece 0: offset=1863305, size=4471 bytes
📝 Piece 0: offset=1867776, size=16384 bytes
📝 Piece 0: offset=1884160, size=0 bytes
📝 Piece 0: offset=1884160, size=11887 bytes
📝 Piece 0: offset=1896047, size=4497 bytes
📝 Piece 0: offset=1900544, size=16384 bytes
📝 Piece 0: offset=1916928, size=0 bytes
📝 Piece 0: offset=1916928, size=11861 bytes
📝 Piece 0: offset=1928789, size=4523 bytes
📝 Piece 0: offset=1933312, size=16384 bytes
📝 Piece 0: offset=1949696, size=0 bytes
📝 Piece 0: offset=1949696, size=11835 bytes
📝 Piece 0: offset=1961531, size=4549 bytes
📝 Piece 0: offset=1966080, size=16384 bytes
📝 Piece 0: offset=1982464, size=0 bytes
📝 Piece 0: offset=1982464, size=11809 bytes
📝 Piece 0: offset=1994273, size=4575 bytes
📝 Piece 0: offset=1998848, size=16384 bytes
📝 Piece 0: offset=2015232, size=0 bytes
📝 Piece 0: offset=2015232, size=11783 bytes
📝 Piece 0: offset=2027015, size=4601 bytes
📝 Piece 0: offset=2031616, size=16384 bytes
📝 Piece 0: offset=2048000, size=0 bytes
📝 Piece 0: offset=2048000, size=11757 bytes
📝 Piece 0: offset=2059757, size=4627 bytes
📝 Piece 0: offset=2064384, size=16384 bytes
📝 Piece 0: offset=2080768, size=0 bytes
📝 Piece 0: offset=2080768, size=11731 bytes
📝 Piece 0: offset=2092499, size=4653 bytes
📝 Piece 0: offset=2097152, size=16384 bytes
📝 Piece 0: offset=2113536, size=0 bytes
📝 Piece 0: offset=2113536, size=11705 bytes
📝 Piece 0: offset=2125241, size=4679 bytes
📝 Piece 0: offset=2129920, size=16384 bytes
📝 Piece 0: offset=2146304, size=0 bytes
📝 Piece 0: offset=2146304, size=11679 bytes
📝 Piece 0: offset=2157983, size=4705 bytes
📝 Piece 0: offset=2162688, size=16384 bytes
📝 Piece 0: offset=2179072, size=0 bytes
📝 Piece 0: offset=2179072, size=11653 bytes
📝 Piece 0: offset=2190725, size=4731 bytes
📝 Piece 0: offset=2195456, size=16384 bytes
📝 Piece 0: offset=2211840, size=0 bytes
📝 Piece 0: offset=2211840, size=11627 bytes
📝 Piece 0: offset=2223467, size=4757 bytes
📝 Piece 0: offset=2228224, size=16384 bytes
📝 Piece 0: offset=2244608, size=0 bytes
📝 Piece 0: offset=2244608, size=11601 bytes
📝 Piece 0: offset=2256209, size=4783 bytes
📝 Piece 0: offset=2260992, size=16384 bytes
📝 Piece 0: offset=2277376, size=0 bytes
📝 Piece 0: offset=2277376, size=11575 bytes
📝 Piece 0: offset=2288951, size=4809 bytes
📝 Piece 0: offset=2293760, size=16384 bytes
📝 Piece 0: offset=2310144, size=0 bytes
📝 Piece 0: offset=2310144, size=11549 bytes
📝 Piece 0: offset=2321693, size=4835 bytes
📝 Piece 0: offset=2326528, size=16384 bytes
📝 Piece 0: offset=2342912, size=0 bytes
📝 Piece 0: offset=2342912, size=11523 bytes
📝 Piece 0: offset=2354435, size=4861 bytes
📝 Piece 0: offset=2359296, size=16384 bytes
📝 Piece 0: offset=2375680, size=0 bytes
📝 Piece 0: offset=2375680, size=11497 bytes
📝 Piece 0: offset=2387177, size=4887 bytes
📝 Piece 0: offset=2392064, size=16384 bytes
📝 Piece 0: offset=2408448, size=0 bytes
📝 Piece 0: offset=2408448, size=11471 bytes
📝 Piece 0: offset=2419919, size=4913 bytes
📝 Piece 0: offset=2424832, size=16384 bytes
📝 Piece 0: offset=2441216, size=0 bytes
📝 Piece 0: offset=2441216, size=11445 bytes
📝 Piece 0: offset=2452661, size=4939 bytes
📝 Piece 0: offset=2457600, size=16384 bytes
📝 Piece 0: offset=2473984, size=0 bytes
📝 Piece 0: offset=2473984, size=11419 bytes
📝 Piece 0: offset=2485403, size=4965 bytes
📝 Piece 0: offset=2490368, size=16384 bytes
📝 Piece 0: offset=2506752, size=0 bytes
📝 Piece 0: offset=2506752, size=11393 bytes
📝 Piece 0: offset=2518145, size=4991 bytes
📝 Piece 0: offset=2523136, size=16384 bytes
📝 Piece 0: offset=2539520, size=0 bytes
📝 Piece 0: offset=2539520, size=11367 bytes
📝 Piece 0: offset=2550887, size=5017 bytes
📝 Piece 0: offset=2555904, size=16384 bytes
📝 Piece 0: offset=2572288, size=0 bytes
📝 Piece 0: offset=2572288, size=11341 bytes
📝 Piece 0: offset=2583629, size=5043 bytes
📝 Piece 0: offset=2588672, size=16384 bytes
📝 Piece 0: offset=2605056, size=0 bytes
📝 Piece 0: offset=2605056, size=11315 bytes
📝 Piece 0: offset=2616371, size=5069 bytes
📝 Piece 0: offset=2621440, size=16384 bytes
📝 Piece 0: offset=2637824, size=0 bytes
📝 Piece 0: offset=2637824, size=11289 bytes
📝 Piece 0: offset=2649113, size=5095 bytes
📝 Piece 0: offset=2654208, size=16384 bytes
📝 Piece 0: offset=2670592, size=0 bytes
📝 Piece 0: offset=2670592, size=11263 bytes
📝 Piece 0: offset=2681855, size=5121 bytes
📝 Piece 0: offset=2686976, size=16384 bytes
📝 Piece 0: offset=2703360, size=0 bytes
📝 Piece 0: offset=2703360, size=11237 bytes
📝 Piece 0: offset=2714597, size=5147 bytes
📝 Piece 0: offset=2719744, size=16384 bytes
📝 Piece 0: offset=2736128, size=0 bytes
📝 Piece 0: offset=2736128, size=11211 bytes
📝 Piece 0: offset=2747339, size=5173 bytes
📝 Piece 0: offset=2752512, size=16384 bytes
📝 Piece 0: offset=2768896, size=0 bytes
📝 Piece 0: offset=2768896, size=11185 bytes
📝 Piece 0: offset=2780081, size=5199 bytes
📝 Piece 0: offset=2785280, size=16384 bytes
📝 Piece 0: offset=2801664, size=0 bytes
📝 Piece 0: offset=2801664, size=11159 bytes
📝 Piece 0: offset=2812823, size=5225 bytes
📝 Piece 0: offset=2818048, size=16384 bytes
📝 Piece 0: offset=2834432, size=0 bytes
📝 Piece 0: offset=2834432, size=11133 bytes
📝 Piece 0: offset=2845565, size=5251 bytes
📝 Piece 0: offset=2850816, size=16384 bytes
📝 Piece 0: offset=2867200, size=0 bytes
📝 Piece 0: offset=2867200, size=11107 bytes
📝 Piece 0: offset=2878307, size=5277 bytes
📝 Piece 0: offset=2883584, size=16384 bytes
📝 Piece 0: offset=2899968, size=0 bytes
📝 Piece 0: offset=2899968, size=11081 bytes
📝 Piece 0: offset=2911049, size=5303 bytes
📝 Piece 0: offset=2916352, size=16384 bytes
📝 Piece 0: offset=2932736, size=0 bytes
📝 Piece 0: offset=2932736, size=11055 bytes
📝 Piece 0: offset=2943791, size=5329 bytes
📝 Piece 0: offset=2949120, size=16384 bytes
📝 Piece 0: offset=2965504, size=0 bytes
📝 Piece 0: offset=2965504, size=11029 bytes
📝 Piece 0: offset=2976533, size=5355 bytes
📝 Piece 0: offset=2981888, size=16384 bytes
📝 Piece 0: offset=2998272, size=0 bytes
📝 Piece 0: offset=2998272, size=11003 bytes
📝 Piece 0: offset=3009275, size=5381 bytes
📝 Piece 0: offset=3014656, size=16384 bytes
📝 Piece 0: offset=3031040, size=0 bytes
📝 Piece 0: offset=3031040, size=10977 bytes
📝 Piece 0: offset=3042017, size=5407 bytes
📝 Piece 0: offset=3047424, size=16384 bytes
📝 Piece 0: offset=3063808, size=0 bytes
📝 Piece 0: offset=3063808, size=10951 bytes
📝 Piece 0: offset=3074759, size=5433 bytes
📝 Piece 0: offset=3080192, size=16384 bytes
📝 Piece 0: offset=3096576, size=0 bytes
📝 Piece 0: offset=3096576, size=10925 bytes
📝 Piece 0: offset=3107501, size=5459 bytes
📝 Piece 0: offset=3112960, size=16384 bytes
📝 Piece 0: offset=3129344, size=0 bytes
📝 Piece 0: offset=3129344, size=10899 bytes
📝 Piece 0: offset=3140243, size=5485 bytes
📝 Piece 0: offset=3145728, size=16384 bytes
📝 Piece 0: offset=3162112, size=0 bytes
📝 Piece 0: offset=3162112, size=10873 bytes
📝 Piece 0: offset=3172985, size=5511 bytes
📝 Piece 0: offset=3178496, size=16384 bytes
📝 Piece 0: offset=3194880, size=0 bytes
📝 Piece 0: offset=3194880, size=10847 bytes
📝 Piece 0: offset=3205727, size=5537 bytes
📝 Piece 0: offset=3211264, size=16384 bytes
📝 Piece 0: offset=3227648, size=0 bytes
📝 Piece 0: offset=3227648, size=10821 bytes
📝 Piece 0: offset=3238469, size=5563 bytes
📝 Piece 0: offset=3244032, size=16384 bytes
📝 Piece 0: offset=3260416, size=0 bytes
📝 Piece 0: offset=3260416, size=10795 bytes
📝 Piece 0: offset=3271211, size=5589 bytes
📝 Piece 0: offset=3276800, size=16384 bytes
📝 Piece 0: offset=3293184, size=0 bytes
📝 Piece 0: offset=3293184, size=10769 bytes
📝 Piece 0: offset=3303953, size=5615 bytes
📝 Piece 0: offset=3309568, size=16384 bytes
📝 Piece 0: offset=3325952, size=0 bytes
📝 Piece 0: offset=3325952, size=10743 bytes
📝 Piece 0: offset=3336695, size=5641 bytes
📝 Piece 0: offset=3342336, size=16384 bytes
📝 Piece 0: offset=3358720, size=0 bytes
📝 Piece 0: offset=3358720, size=10717 bytes
📝 Piece 0: offset=3369437, size=5667 bytes
📝 Piece 0: offset=3375104, size=16384 bytes
📝 Piece 0: offset=3391488, size=0 bytes
📝 Piece 0: offset=3391488, size=10691 bytes
📝 Piece 0: offset=3402179, size=5693 bytes
📝 Piece 0: offset=3407872, size=16384 bytes
📝 Piece 0: offset=3424256, size=0 bytes
📝 Piece 0: offset=3424256, size=10665 bytes
📝 Piece 0: offset=3434921, size=5719 bytes
📝 Piece 0: offset=3440640, size=16384 bytes
📝 Piece 0: offset=3457024, size=0 bytes
📝 Piece 0: offset=3457024, size=10639 bytes
📝 Piece 0: offset=3467663, size=5745 bytes
📝 Piece 0: offset=3473408, size=16384 bytes
📝 Piece 0: offset=3489792, size=0 bytes
📝 Piece 0: offset=3489792, size=10613 bytes
📝 Piece 0: offset=3500405, size=5771 bytes
📝 Piece 0: offset=3506176, size=16384 bytes
📝 Piece 0: offset=3522560, size=0 bytes
📝 Piece 0: offset=3522560, size=10587 bytes
📝 Piece 0: offset=3533147, size=5797 bytes
📝 Piece 0: offset=3538944, size=16384 bytes
📝 Piece 0: offset=3555328, size=0 bytes
📝 Piece 0: offset=3555328, size=10561 bytes
📝 Piece 0: offset=3565889, size=5823 bytes
📝 Piece 0: offset=3571712, size=16384 bytes
📝 Piece 0: offset=3588096, size=0 bytes
📝 Piece 0: offset=3588096, size=10535 bytes
📝 Piece 0: offset=3598631, size=5849 bytes
📝 Piece 0: offset=3604480, size=16384 bytes
📝 Piece 0: offset=3620864, size=0 bytes
📝 Piece 0: offset=3620864, size=10509 bytes
📝 Piece 0: offset=3631373, size=5875 bytes
📝 Piece 0: offset=3637248, size=16384 bytes
📝 Piece 0: offset=3653632, size=0 bytes
📝 Piece 0: offset=3653632, size=10483 bytes
📝 Piece 0: offset=3664115, size=5901 bytes
📝 Piece 0: offset=3670016, size=16384 bytes
📝 Piece 0: offset=3686400, size=0 bytes
📝 Piece 0: offset=3686400, size=10457 bytes
📝 Piece 0: offset=3696857, size=5927 bytes
📝 Piece 0: offset=3702784, size=16384 bytes
📝 Piece 0: offset=3719168, size=0 bytes
📝 Piece 0: offset=3719168, size=10431 bytes
📝 Piece 0: offset=3729599, size=5953 bytes
📝 Piece 0: offset=3735552, size=16384 bytes
📝 Piece 0: offset=3751936, size=0 bytes
📝 Piece 0: offset=3751936, size=10405 bytes
📝 Piece 0: offset=3762341, size=5979 bytes
📝 Piece 0: offset=3768320, size=16384 bytes
📝 Piece 0: offset=3784704, size=0 bytes
📝 Piece 0: offset=3784704, size=10379 bytes
📝 Piece 0: offset=3795083, size=6005 bytes
📝 Piece 0: offset=3801088, size=16384 bytes
📝 Piece 0: offset=3817472, size=0 bytes
📝 Piece 0: offset=3817472, size=10353 bytes
📝 Piece 0: offset=3827825, size=6031 bytes
📝 Piece 0: offset=3833856, size=16384 bytes
📝 Piece 0: offset=3850240, size=0 bytes
📝 Piece 0: offset=3850240, size=10327 bytes
📝 Piece 0: offset=3860567, size=6057 bytes
📝 Piece 0: offset=3866624, size=16384 bytes
📝 Piece 0: offset=3883008, size=0 bytes
📝 Piece 0: offset=3883008, size=10301 bytes
📝 Piece 0: offset=3893309, size=6083 bytes
📝 Piece 0: offset=3899392, size=16384 bytes
📝 Piece 0: offset=3915776, size=0 bytes
📝 Piece 0: offset=3915776, size=10275 bytes
📝 Piece 0: offset=3926051, size=6109 bytes
📝 Piece 0: offset=3932160, size=16384 bytes
📝 Piece 0: offset=3948544, size=0 bytes
📝 Piece 0: offset=3948544, size=10249 bytes
📝 Piece 0: offset=3958793, size=6135 bytes
📝 Piece 0: offset=3964928, size=16384 bytes
📝 Piece 0: offset=3981312, size=0 bytes
📝 Piece 0: offset=3981312, size=10223 bytes
📝 Piece 0: offset=3991535, size=6161 bytes
📝 Piece 0: offset=3997696, size=16384 bytes
📝 Piece 0: offset=4014080, size=0 bytes
📝 Piece 0: offset=4014080, size=10197 bytes
📝 Piece 0: offset=4024277, size=6187 bytes
📝 Piece 0: offset=4030464, size=16384 bytes
📝 Piece 0: offset=4046848, size=0 bytes
📝 Piece 0: offset=4046848, size=10171 bytes
📝 Piece 0: offset=4057019, size=6213 bytes
📝 Piece 0: offset=4063232, size=16384 bytes
📝 Piece 0: offset=4079616, size=0 bytes
📝 Piece 0: offset=4079616, size=10145 bytes
📝 Piece 0: offset=4089761, size=6239 bytes
📝 Piece 0: offset=4096000, size=16384 bytes
📝 Piece 0: offset=4112384, size=0 bytes
📝 Piece 0: offset=4112384, size=10119 bytes
📝 Piece 0: offset=4122503, size=6265 bytes
📝 Piece 0: offset=4128768, size=16384 bytes
📝 Piece 0: offset=4145152, size=0 bytes
📝 Piece 0: offset=4145152, size=10093 bytes
📝 Piece 0: offset=4155245, size=6291 bytes
📝 Piece 0: offset=4161536, size=16384 bytes
📝 Piece 0: offset=4177920, size=0 bytes
📝 Piece 0: offset=4177920, size=10067 bytes
📝 Piece 0: offset=4187987, size=6317 bytes
....📊 live: 0.00% (0 / 85.0Gi) [down speed: 0.00 MiB/s, up speed: 0.00 MiB/s]
.....📊 live: 0.00% (0 / 85.0Gi) [down speed: 0.00 MiB/s, up speed: 0.00 MiB/s]
.....📊 live: 0.00% (0 / 85.0Gi) [down speed: 0.00 MiB/s, up speed: 0.00 MiB/s]
.....📊 live: 0.00% (0 / 85.0Gi) [down speed: 0.00 MiB/s, up speed: 0.00 MiB/s]
.....📊 live: 0.00% (0 / 85.0Gi) [down speed: 0.00 MiB/s, up speed: 0.00 MiB/s]
.....📊 live: 0.00% (0 / 85.0Gi) [down speed: 0.00 MiB/s, up speed: 0.00 MiB/s]
.....📊 live: 0.00% (0 / 85.0Gi) [down speed: 0.00 MiB/s, up speed: 0.00 MiB/s]
.....📊 live: 0.00% (0 / 85.0Gi) [down speed: 0.00 MiB/s, up speed: 0.00 MiB/s]
.....📊 live: 0.00% (0 / 85.0Gi) [down speed: 0.00 MiB/s, up speed: 0.00 MiB/s]
.....📊 live: 0.00% (0 / 85.0Gi) [down speed: 0.00 MiB/s, up speed: 0.00 MiB/s]
.....📊 live: 0.00% (0 / 85.0Gi) [down speed: 0.00 MiB/s, up speed: 0.00 MiB/s]
.....📊 live: 0.00% (0 / 85.0Gi) [down speed: 0.00 MiB/s, up speed: 0.00 MiB/s]
.....📊 live: 0.00% (0 / 85.0Gi) [down speed: 0.00 MiB/s, up speed: 0.00 MiB/s]
.....📊 live: 0.00% (0 / 85.0Gi) [down speed: 0.00 MiB/s, up speed: 0.00 MiB/s]
.....📊 live: 0.00% (0 / 85.0Gi) [down speed: 0.00 MiB/s, up speed: 0.00 MiB/s]
.....📊 live: 0.00% (0 / 85.0Gi) [down speed: 0.00 MiB/s, up speed: 0.00 MiB/s]
.....📊 live: 0.00% (0 / 85.0Gi) [down speed: 0.00 MiB/s, up speed: 0.00 MiB/s]
.....📊 live: 0.00% (0 / 85.0Gi) [down speed: 0.00 MiB/s, up speed: 0.00 MiB/s]
.....📊 live: 0.00% (0 / 85.0Gi) [down speed: 0.00 MiB/s, up speed: 0.00 MiB/s]
.....📊 live: 0.00% (0 / 85.0Gi) [down speed: 0.00 MiB/s, up speed: 0.00 MiB/s]
.....📊 live: 0.00% (0 / 85.0Gi) [down speed: 0.00 MiB/s, up speed: 0.00 MiB/s]
.....📊 live: 0.00% (0 / 85.0Gi) [down speed: 0.00 MiB/s, up speed: 0.00 MiB/s]
.....📊 live: 0.00% (0 / 85.0Gi) [down speed: 0.00 MiB/s, up speed: 0.00 MiB/s]
.....📊 live: 0.00% (0 / 85.0Gi) [down speed: 0.00 MiB/s, up speed: 0.00 MiB/s]
.....📊 live: 0.00% (0 / 85.0Gi) [down speed: 0.00 MiB/s, up speed: 0.00 MiB/s]
.....📊 live: 0.00% (0 / 85.0Gi) [down speed: 0.00 MiB/s, up speed: 0.00 MiB/s]
.....📊 live: 0.00% (0 / 85.0Gi) [down speed: 0.00 MiB/s, up speed: 0.00 MiB/s]
.....📊 live: 0.00% (0 / 85.0Gi) [down speed: 0.00 MiB/s, up speed: 0.00 MiB/s]
.....📊 live: 0.00% (0 / 85.0Gi) [down speed: 0.00 MiB/s, up speed: 0.00 MiB/s]
.....📊 live: 0.00% (0 / 85.0Gi) [down speed: 0.00 MiB/s, up speed: 0.00 MiB/s]
.....📊 live: 0.00% (0 / 85.0Gi) [down speed: 0.00 MiB/s, up speed: 0.00 MiB/s]
.....📊 live: 0.00% (0 / 85.0Gi) [down speed: 0.00 MiB/s, up speed: 0.00 MiB/s]
.....📊 live: 0.00% (0 / 85.0Gi) [down speed: 0.00 MiB/s, up speed: 0.00 MiB/s]
.....📊 live: 0.00% (0 / 85.0Gi) [down speed: 0.00 MiB/s, up speed: 0.00 MiB/s]
.....📊 live: 0.00% (0 / 85.0Gi) [down speed: 0.00 MiB/s, up speed: 0.00 MiB/s]
.....📊 live: 0.00% (0 / 85.0Gi) [down speed: 0.00 MiB/s, up speed: 0.00 MiB/s]
...📝 Piece 0: offset=0, size=16384 bytes
📝 Piece 0: offset=16384, size=0 bytes
📝 Piece 0: offset=16384, size=13333 bytes
📝 Piece 0: offset=29717, size=3051 bytes
📝 Piece 0: offset=32768, size=16384 bytes
📝 Piece 0: offset=49152, size=0 bytes
📝 Piece 0: offset=49152, size=13307 bytes
📝 Piece 0: offset=62459, size=3077 bytes
📝 Piece 0: offset=65536, size=16384 bytes
📝 Piece 0: offset=81920, size=0 bytes
📝 Piece 0: offset=81920, size=13281 bytes
📝 Piece 0: offset=95201, size=3103 bytes
📝 Piece 0: offset=98304, size=16384 bytes
📝 Piece 0: offset=114688, size=0 bytes
📝 Piece 0: offset=114688, size=13255 bytes
📝 Piece 0: offset=127943, size=3129 bytes
📝 Piece 0: offset=131072, size=16384 bytes
📝 Piece 0: offset=147456, size=0 bytes
📝 Piece 0: offset=147456, size=13229 bytes
📝 Piece 0: offset=160685, size=3155 bytes
📝 Piece 0: offset=163840, size=16384 bytes
📝 Piece 0: offset=180224, size=0 bytes
📝 Piece 0: offset=180224, size=13203 bytes
📝 Piece 0: offset=193427, size=3181 bytes
📝 Piece 0: offset=196608, size=16384 bytes
📝 Piece 0: offset=212992, size=0 bytes
📝 Piece 0: offset=212992, size=13177 bytes
📝 Piece 0: offset=226169, size=3207 bytes
📝 Piece 0: offset=229376, size=16384 bytes
📝 Piece 0: offset=245760, size=0 bytes
📝 Piece 0: offset=245760, size=13151 bytes
📝 Piece 0: offset=258911, size=3233 bytes
📝 Piece 0: offset=262144, size=16384 bytes
📝 Piece 0: offset=278528, size=0 bytes
📝 Piece 0: offset=278528, size=13125 bytes
📝 Piece 0: offset=291653, size=3259 bytes
📝 Piece 0: offset=294912, size=16384 bytes
📝 Piece 0: offset=311296, size=0 bytes
📝 Piece 0: offset=311296, size=13099 bytes
📝 Piece 0: offset=324395, size=3285 bytes
📝 Piece 0: offset=327680, size=16384 bytes
📝 Piece 0: offset=344064, size=0 bytes
.📝 Piece 0: offset=344064, size=13073 bytes
📝 Piece 0: offset=357137, size=3311 bytes
📝 Piece 0: offset=360448, size=16384 bytes
📝 Piece 0: offset=376832, size=0 bytes
📝 Piece 0: offset=376832, size=13047 bytes
📝 Piece 0: offset=389879, size=3337 bytes
📝 Piece 0: offset=393216, size=16384 bytes
📝 Piece 0: offset=409600, size=0 bytes
📝 Piece 0: offset=409600, size=13021 bytes
📝 Piece 0: offset=422621, size=3363 bytes
📝 Piece 0: offset=425984, size=16384 bytes
📝 Piece 0: offset=442368, size=0 bytes
📝 Piece 0: offset=442368, size=12995 bytes
📝 Piece 0: offset=455363, size=3389 bytes
📝 Piece 0: offset=458752, size=16384 bytes
📝 Piece 0: offset=475136, size=0 bytes
📝 Piece 0: offset=475136, size=12969 bytes
📝 Piece 0: offset=488105, size=3415 bytes
📝 Piece 0: offset=491520, size=16384 bytes
📝 Piece 0: offset=507904, size=0 bytes
📝 Piece 0: offset=507904, size=12943 bytes
📝 Piece 0: offset=520847, size=3441 bytes
📝 Piece 0: offset=524288, size=16384 bytes
📝 Piece 0: offset=540672, size=0 bytes
📝 Piece 0: offset=540672, size=12917 bytes
📝 Piece 0: offset=553589, size=3467 bytes
📝 Piece 0: offset=557056, size=16384 bytes
📝 Piece 0: offset=573440, size=0 bytes
📝 Piece 0: offset=573440, size=12891 bytes
📝 Piece 0: offset=586331, size=3493 bytes
📝 Piece 0: offset=589824, size=16384 bytes
📝 Piece 0: offset=606208, size=0 bytes
📝 Piece 0: offset=606208, size=12865 bytes
📝 Piece 0: offset=619073, size=3519 bytes
📝 Piece 0: offset=622592, size=16384 bytes
📝 Piece 0: offset=638976, size=0 bytes
📝 Piece 0: offset=638976, size=12766 bytes
📝 Piece 0: offset=651742, size=3618 bytes
📝 Piece 0: offset=688128, size=16384 bytes
📝 Piece 0: offset=704512, size=0 bytes
📝 Piece 0: offset=704512, size=12740 bytes
📝 Piece 0: offset=717252, size=3644 bytes
📝 Piece 0: offset=720896, size=16384 bytes
📝 Piece 0: offset=737280, size=0 bytes
📝 Piece 0: offset=737280, size=12714 bytes
📝 Piece 0: offset=749994, size=3670 bytes
📝 Piece 0: offset=753664, size=16384 bytes
📝 Piece 0: offset=770048, size=0 bytes
📝 Piece 0: offset=770048, size=12688 bytes
📝 Piece 0: offset=782736, size=3696 bytes
📝 Piece 0: offset=786432, size=16384 bytes
📝 Piece 0: offset=802816, size=0 bytes
📝 Piece 0: offset=802816, size=12662 bytes
📝 Piece 0: offset=815478, size=3722 bytes
📝 Piece 0: offset=819200, size=16384 bytes
📝 Piece 0: offset=835584, size=0 bytes
📝 Piece 0: offset=835584, size=12636 bytes
📝 Piece 0: offset=848220, size=3748 bytes
📝 Piece 0: offset=851968, size=16384 bytes
📝 Piece 0: offset=868352, size=0 bytes
📝 Piece 0: offset=868352, size=12610 bytes
📝 Piece 0: offset=880962, size=3774 bytes
📝 Piece 0: offset=901120, size=16384 bytes
📝 Piece 0: offset=917504, size=0 bytes
📝 Piece 0: offset=884736, size=12584 bytes
📝 Piece 0: offset=897320, size=3800 bytes
📝 Piece 0: offset=933888, size=16384 bytes
📝 Piece 0: offset=950272, size=0 bytes
📝 Piece 0: offset=917504, size=12558 bytes
📝 Piece 0: offset=930062, size=3826 bytes
📝 Piece 0: offset=671744, size=16384 bytes
📝 Piece 0: offset=688128, size=0 bytes
📝 Piece 0: offset=655360, size=12532 bytes
📝 Piece 0: offset=667892, size=3852 bytes
📝 Piece 0: offset=950272, size=16384 bytes
📝 Piece 0: offset=966656, size=0 bytes
📝 Piece 0: offset=966656, size=12506 bytes
📝 Piece 0: offset=979162, size=3878 bytes
📝 Piece 0: offset=983040, size=16384 bytes
📝 Piece 0: offset=999424, size=0 bytes
📝 Piece 0: offset=999424, size=12480 bytes
📝 Piece 0: offset=1011904, size=3904 bytes
📝 Piece 0: offset=1015808, size=16384 bytes
📝 Piece 0: offset=1032192, size=0 bytes
📝 Piece 0: offset=1032192, size=12454 bytes
📝 Piece 0: offset=1044646, size=3930 bytes
📝 Piece 0: offset=1048576, size=16384 bytes
📝 Piece 0: offset=1064960, size=0 bytes
📝 Piece 0: offset=1097728, size=12428 bytes
📝 Piece 0: offset=1110156, size=3956 bytes
📝 Piece 0: offset=1081344, size=16384 bytes
📝 Piece 0: offset=1097728, size=0 bytes
📝 Piece 0: offset=1064960, size=12402 bytes
📝 Piece 0: offset=1077362, size=3982 bytes
📝 Piece 0: offset=1114112, size=16384 bytes
📝 Piece 0: offset=1130496, size=0 bytes
📝 Piece 0: offset=1130496, size=12376 bytes
📝 Piece 0: offset=1142872, size=4008 bytes
📝 Piece 0: offset=1146880, size=16384 bytes
📝 Piece 0: offset=1163264, size=0 bytes
📝 Piece 0: offset=1179648, size=12350 bytes
📝 Piece 0: offset=1191998, size=4034 bytes
📝 Piece 0: offset=1163264, size=16384 bytes
📝 Piece 0: offset=1179648, size=0 bytes
📝 Piece 0: offset=1196032, size=12324 bytes
📝 Piece 0: offset=1208356, size=4060 bytes
📝 Piece 0: offset=1245184, size=16384 bytes
📝 Piece 0: offset=1261568, size=0 bytes
📝 Piece 0: offset=1228800, size=12298 bytes
📝 Piece 0: offset=1241098, size=4086 bytes
📝 Piece 0: offset=1212416, size=16384 bytes
📝 Piece 0: offset=1228800, size=0 bytes
📝 Piece 0: offset=1261568, size=12272 bytes
📝 Piece 0: offset=1273840, size=4112 bytes
📝 Piece 0: offset=1277952, size=16384 bytes
📝 Piece 0: offset=1294336, size=0 bytes
📝 Piece 0: offset=1310720, size=12246 bytes
📝 Piece 0: offset=1322966, size=4138 bytes
📝 Piece 0: offset=1294336, size=16384 bytes
📝 Piece 0: offset=1310720, size=0 bytes
📝 Piece 0: offset=1327104, size=12220 bytes
📝 Piece 0: offset=1339324, size=4164 bytes
📝 Piece 0: offset=1359872, size=16384 bytes
📝 Piece 0: offset=1376256, size=0 bytes
📝 Piece 0: offset=1376256, size=12194 bytes
📝 Piece 0: offset=1388450, size=4190 bytes
📝 Piece 0: offset=1343488, size=16384 bytes
📝 Piece 0: offset=1359872, size=0 bytes
📝 Piece 0: offset=1409024, size=12168 bytes
📝 Piece 0: offset=1421192, size=4216 bytes
📝 Piece 0: offset=1441792, size=16384 bytes
📝 Piece 0: offset=1458176, size=0 bytes
📝 Piece 0: offset=1425408, size=12142 bytes
📝 Piece 0: offset=1437550, size=4242 bytes
📝 Piece 0: offset=1392640, size=16384 bytes
📝 Piece 0: offset=1409024, size=0 bytes
📝 Piece 0: offset=1458176, size=12116 bytes
📝 Piece 0: offset=1470292, size=4268 bytes
📝 Piece 0: offset=1474560, size=16384 bytes
📝 Piece 0: offset=1490944, size=0 bytes
📝 Piece 0: offset=1490944, size=12090 bytes
📝 Piece 0: offset=1503034, size=4294 bytes
📝 Piece 0: offset=1507328, size=16384 bytes
📝 Piece 0: offset=1523712, size=0 bytes
📝 Piece 0: offset=1523712, size=12064 bytes
📝 Piece 0: offset=1535776, size=4320 bytes
📝 Piece 0: offset=1589248, size=16384 bytes
📝 Piece 0: offset=1605632, size=0 bytes
📝 Piece 0: offset=1572864, size=12038 bytes
📝 Piece 0: offset=1584902, size=4346 bytes
📝 Piece 0: offset=1556480, size=16384 bytes
📝 Piece 0: offset=1572864, size=0 bytes
📝 Piece 0: offset=1540096, size=12012 bytes
📝 Piece 0: offset=1552108, size=4372 bytes
📝 Piece 0: offset=1605632, size=16384 bytes
📝 Piece 0: offset=1622016, size=0 bytes
📝 Piece 0: offset=1638400, size=11986 bytes
📝 Piece 0: offset=1650386, size=4398 bytes
📝 Piece 0: offset=1622016, size=16384 bytes
📝 Piece 0: offset=1638400, size=0 bytes
📝 Piece 0: offset=1654784, size=11960 bytes
📝 Piece 0: offset=1666744, size=4424 bytes
📝 Piece 0: offset=1671168, size=16384 bytes
📝 Piece 0: offset=1687552, size=0 bytes
📝 Piece 0: offset=1687552, size=11934 bytes
📝 Piece 0: offset=1699486, size=4450 bytes
📝 Piece 0: offset=1703936, size=16384 bytes
📝 Piece 0: offset=1720320, size=0 bytes
📝 Piece 0: offset=1720320, size=11908 bytes
📝 Piece 0: offset=1732228, size=4476 bytes
📝 Piece 0: offset=1736704, size=16384 bytes
📝 Piece 0: offset=1753088, size=0 bytes
📝 Piece 0: offset=1753088, size=11882 bytes
📝 Piece 0: offset=1764970, size=4502 bytes
📝 Piece 0: offset=1769472, size=16384 bytes
📝 Piece 0: offset=1785856, size=0 bytes
📝 Piece 0: offset=1785856, size=11856 bytes
📝 Piece 0: offset=1797712, size=4528 bytes
📝 Piece 0: offset=1802240, size=16384 bytes
📝 Piece 0: offset=1818624, size=0 bytes
📝 Piece 0: offset=1818624, size=11830 bytes
📝 Piece 0: offset=1830454, size=4554 bytes
📝 Piece 0: offset=1835008, size=16384 bytes
📝 Piece 0: offset=1851392, size=0 bytes
📝 Piece 0: offset=1851392, size=11804 bytes
📝 Piece 0: offset=1863196, size=4580 bytes
📝 Piece 0: offset=1900544, size=16384 bytes
📝 Piece 0: offset=1916928, size=0 bytes
📝 Piece 0: offset=1867776, size=11778 bytes
📝 Piece 0: offset=1879554, size=4606 bytes
📝 Piece 0: offset=1884160, size=16384 bytes
📝 Piece 0: offset=1900544, size=0 bytes
📝 Piece 0: offset=1916928, size=11752 bytes
📝 Piece 0: offset=1928680, size=4632 bytes
📝 Piece 0: offset=1949696, size=16384 bytes
📝 Piece 0: offset=1966080, size=0 bytes
📝 Piece 0: offset=1982464, size=11726 bytes
📝 Piece 0: offset=1994190, size=4658 bytes
📝 Piece 0: offset=1966080, size=16384 bytes
📝 Piece 0: offset=1982464, size=0 bytes
📝 Piece 0: offset=1933312, size=11700 bytes
📝 Piece 0: offset=1945012, size=4684 bytes
📝 Piece 0: offset=1998848, size=16384 bytes
📝 Piece 0: offset=2015232, size=0 bytes
📝 Piece 0: offset=2015232, size=11674 bytes
📝 Piece 0: offset=2026906, size=4710 bytes
📝 Piece 0: offset=2048000, size=16384 bytes
📝 Piece 0: offset=2064384, size=0 bytes
📝 Piece 0: offset=2031616, size=11648 bytes
📝 Piece 0: offset=2043264, size=4736 bytes
📝 Piece 0: offset=2064384, size=16384 bytes
📝 Piece 0: offset=2080768, size=0 bytes
📝 Piece 0: offset=2080768, size=11622 bytes
📝 Piece 0: offset=2092390, size=4762 bytes
📝 Piece 0: offset=2097152, size=16384 bytes
📝 Piece 0: offset=2113536, size=0 bytes
📝 Piece 0: offset=2113536, size=11596 bytes
📝 Piece 0: offset=2125132, size=4788 bytes
📝 Piece 0: offset=2162688, size=16384 bytes
📝 Piece 0: offset=2179072, size=0 bytes
📝 Piece 0: offset=2179072, size=11570 bytes
📝 Piece 0: offset=2190642, size=4814 bytes
📝 Piece 0: offset=2129920, size=16384 bytes
📝 Piece 0: offset=2146304, size=0 bytes
📝 Piece 0: offset=2146304, size=11544 bytes
📝 Piece 0: offset=2157848, size=4840 bytes
📝 Piece 0: offset=2195456, size=16384 bytes
📝 Piece 0: offset=2211840, size=0 bytes
📝 Piece 0: offset=2211840, size=11518 bytes
📝 Piece 0: offset=2223358, size=4866 bytes
📝 Piece 0: offset=2244608, size=16384 bytes
📝 Piece 0: offset=2260992, size=0 bytes
📝 Piece 0: offset=2228224, size=11492 bytes
📝 Piece 0: offset=2239716, size=4892 bytes
📝 Piece 0: offset=2260992, size=16384 bytes
📝 Piece 0: offset=2277376, size=0 bytes
📝 Piece 0: offset=2277376, size=11466 bytes
📝 Piece 0: offset=2288842, size=4918 bytes
.📝 Piece 0: offset=2326528, size=16384 bytes
📝 Piece 0: offset=2342912, size=0 bytes
📝 Piece 0: offset=2293760, size=11440 bytes
📝 Piece 0: offset=2305200, size=4944 bytes
📝 Piece 0: offset=2310144, size=16384 bytes
📝 Piece 0: offset=2326528, size=0 bytes
📝 Piece 0: offset=2342912, size=11414 bytes
📝 Piece 0: offset=2354326, size=4970 bytes
📝 Piece 0: offset=2359296, size=16384 bytes
📝 Piece 0: offset=2375680, size=0 bytes
📝 Piece 0: offset=2375680, size=11388 bytes
📝 Piece 0: offset=2387068, size=4996 bytes
📝 Piece 0: offset=2392064, size=16384 bytes
📝 Piece 0: offset=2408448, size=0 bytes
📝 Piece 0: offset=2424832, size=11362 bytes
📝 Piece 0: offset=2436194, size=5022 bytes
📝 Piece 0: offset=2441216, size=16384 bytes
📝 Piece 0: offset=2457600, size=0 bytes
📝 Piece 0: offset=2408448, size=11336 bytes
📝 Piece 0: offset=2419784, size=5048 bytes
📝 Piece 0: offset=2457600, size=16384 bytes
📝 Piece 0: offset=2473984, size=0 bytes
📝 Piece 0: offset=2473984, size=11310 bytes
📝 Piece 0: offset=2485294, size=5074 bytes
📝 Piece 0: offset=2490368, size=16384 bytes
📝 Piece 0: offset=2506752, size=0 bytes
📝 Piece 0: offset=2506752, size=11284 bytes
📝 Piece 0: offset=2518036, size=5100 bytes
📝 Piece 0: offset=2523136, size=16384 bytes
📝 Piece 0: offset=2539520, size=0 bytes
📝 Piece 0: offset=2555904, size=11258 bytes
📝 Piece 0: offset=2567162, size=5126 bytes
📝 Piece 0: offset=2572288, size=16384 bytes
📝 Piece 0: offset=2588672, size=0 bytes
📝 Piece 0: offset=2539520, size=11232 bytes
📝 Piece 0: offset=2550752, size=5152 bytes
📝 Piece 0: offset=2605056, size=16384 bytes
📝 Piece 0: offset=2621440, size=0 bytes
📝 Piece 0: offset=2637824, size=11206 bytes
📝 Piece 0: offset=2649030, size=5178 bytes
📝 Piece 0: offset=2588672, size=16384 bytes
📝 Piece 0: offset=2605056, size=0 bytes
📝 Piece 0: offset=2621440, size=11180 bytes
📝 Piece 0: offset=2632620, size=5204 bytes
📝 Piece 0: offset=2654208, size=16384 bytes
📝 Piece 0: offset=2670592, size=0 bytes
📝 Piece 0: offset=2703360, size=11154 bytes
📝 Piece 0: offset=2714514, size=5230 bytes
📝 Piece 0: offset=2670592, size=16384 bytes
📝 Piece 0: offset=2686976, size=0 bytes
📝 Piece 0: offset=2686976, size=11128 bytes
📝 Piece 0: offset=2698104, size=5256 bytes
📝 Piece 0: offset=2752512, size=16384 bytes
📝 Piece 0: offset=2768896, size=0 bytes
📝 Piece 0: offset=2736128, size=11102 bytes
📝 Piece 0: offset=2747230, size=5282 bytes
📝 Piece 0: offset=2719744, size=16384 bytes
📝 Piece 0: offset=2736128, size=0 bytes
📝 Piece 0: offset=2768896, size=11076 bytes
📝 Piece 0: offset=2779972, size=5308 bytes
📝 Piece 0: offset=2785280, size=16384 bytes
📝 Piece 0: offset=2801664, size=0 bytes
📝 Piece 0: offset=2801664, size=11050 bytes
📝 Piece 0: offset=2812714, size=5334 bytes
📝 Piece 0: offset=2818048, size=16384 bytes
📝 Piece 0: offset=2834432, size=0 bytes
📝 Piece 0: offset=2834432, size=11024 bytes
📝 Piece 0: offset=2845456, size=5360 bytes
📝 Piece 0: offset=2850816, size=16384 bytes
📝 Piece 0: offset=2867200, size=0 bytes
📝 Piece 0: offset=2867200, size=10998 bytes
📝 Piece 0: offset=2878198, size=5386 bytes
📝 Piece 0: offset=2883584, size=16384 bytes
📝 Piece 0: offset=2899968, size=0 bytes
📝 Piece 0: offset=2899968, size=10972 bytes
📝 Piece 0: offset=2910940, size=5412 bytes
📝 Piece 0: offset=2916352, size=16384 bytes
📝 Piece 0: offset=2932736, size=0 bytes
📝 Piece 0: offset=2932736, size=10946 bytes
📝 Piece 0: offset=2943682, size=5438 bytes
📝 Piece 0: offset=2949120, size=16384 bytes
📝 Piece 0: offset=2965504, size=0 bytes
📝 Piece 0: offset=2965504, size=10920 bytes
📝 Piece 0: offset=2976424, size=5464 bytes
📝 Piece 0: offset=2981888, size=16384 bytes
📝 Piece 0: offset=2998272, size=0 bytes
📝 Piece 0: offset=2998272, size=10894 bytes
📝 Piece 0: offset=3009166, size=5490 bytes
📝 Piece 0: offset=3014656, size=16384 bytes
📝 Piece 0: offset=3031040, size=0 bytes
📝 Piece 0: offset=3031040, size=10868 bytes
📝 Piece 0: offset=3041908, size=5516 bytes
📝 Piece 0: offset=3047424, size=16384 bytes
📝 Piece 0: offset=3063808, size=0 bytes
📝 Piece 0: offset=3080192, size=10842 bytes
📝 Piece 0: offset=3091034, size=5542 bytes
📝 Piece 0: offset=3063808, size=16384 bytes
📝 Piece 0: offset=3080192, size=0 bytes
📝 Piece 0: offset=3096576, size=10816 bytes
📝 Piece 0: offset=3107392, size=5568 bytes
📝 Piece 0: offset=3112960, size=16384 bytes
📝 Piece 0: offset=3129344, size=0 bytes
📝 Piece 0: offset=3129344, size=10790 bytes
📝 Piece 0: offset=3140134, size=5594 bytes
📝 Piece 0: offset=3145728, size=16384 bytes
📝 Piece 0: offset=3162112, size=0 bytes
📝 Piece 0: offset=3162112, size=10764 bytes
📝 Piece 0: offset=3172876, size=5620 bytes
📝 Piece 0: offset=3178496, size=16384 bytes
📝 Piece 0: offset=3194880, size=0 bytes
📝 Piece 0: offset=3211264, size=10738 bytes
📝 Piece 0: offset=3222002, size=5646 bytes
📝 Piece 0: offset=3227648, size=16384 bytes
📝 Piece 0: offset=3244032, size=0 bytes
📝 Piece 0: offset=3194880, size=10712 bytes
📝 Piece 0: offset=3205592, size=5672 bytes
📝 Piece 0: offset=3244032, size=16384 bytes
📝 Piece 0: offset=3260416, size=0 bytes
📝 Piece 0: offset=3276800, size=10686 bytes
📝 Piece 0: offset=3287486, size=5698 bytes
📝 Piece 0: offset=3260416, size=16384 bytes
📝 Piece 0: offset=3276800, size=0 bytes
📝 Piece 0: offset=3293184, size=10660 bytes
📝 Piece 0: offset=3303844, size=5724 bytes
📝 Piece 0: offset=3309568, size=16384 bytes
📝 Piece 0: offset=3325952, size=0 bytes
📝 Piece 0: offset=3325952, size=10634 bytes
📝 Piece 0: offset=3336586, size=5750 bytes
📝 Piece 0: offset=3358720, size=16384 bytes
📝 Piece 0: offset=3375104, size=0 bytes
📝 Piece 0: offset=3342336, size=10608 bytes
📝 Piece 0: offset=3352944, size=5776 bytes
📝 Piece 0: offset=3391488, size=16384 bytes
📝 Piece 0: offset=3407872, size=0 bytes
📝 Piece 0: offset=3424256, size=10582 bytes
📝 Piece 0: offset=3434838, size=5802 bytes
📝 Piece 0: offset=3407872, size=16384 bytes
📝 Piece 0: offset=3424256, size=0 bytes
📝 Piece 0: offset=3375104, size=10556 bytes
📝 Piece 0: offset=3385660, size=5828 bytes
📝 Piece 0: offset=3440640, size=16384 bytes
📝 Piece 0: offset=3457024, size=0 bytes
📝 Piece 0: offset=3457024, size=10530 bytes
📝 Piece 0: offset=3467554, size=5854 bytes
📝 Piece 0: offset=3473408, size=16384 bytes
📝 Piece 0: offset=3489792, size=0 bytes
📝 Piece 0: offset=3506176, size=10504 bytes
📝 Piece 0: offset=3516680, size=5880 bytes
📝 Piece 0: offset=3489792, size=16384 bytes
📝 Piece 0: offset=3506176, size=0 bytes
📝 Piece 0: offset=3522560, size=10478 bytes
📝 Piece 0: offset=3533038, size=5906 bytes
📝 Piece 0: offset=3538944, size=16384 bytes
📝 Piece 0: offset=3555328, size=0 bytes
📝 Piece 0: offset=3571712, size=10452 bytes
📝 Piece 0: offset=3582164, size=5932 bytes
📝 Piece 0: offset=3555328, size=16384 bytes
📝 Piece 0: offset=3571712, size=0 bytes
📝 Piece 0: offset=3588096, size=10426 bytes
📝 Piece 0: offset=3598522, size=5958 bytes
📝 Piece 0: offset=3604480, size=16384 bytes
📝 Piece 0: offset=3620864, size=0 bytes
📝 Piece 0: offset=3620864, size=10400 bytes
📝 Piece 0: offset=3631264, size=5984 bytes
📝 Piece 0: offset=3637248, size=16384 bytes
📝 Piece 0: offset=3653632, size=0 bytes
📝 Piece 0: offset=3653632, size=10374 bytes
📝 Piece 0: offset=3664006, size=6010 bytes
📝 Piece 0: offset=3670016, size=16384 bytes
📝 Piece 0: offset=3686400, size=0 bytes
📝 Piece 0: offset=3702784, size=10348 bytes
📝 Piece 0: offset=3713132, size=6036 bytes
📝 Piece 0: offset=3686400, size=16384 bytes
📝 Piece 0: offset=3702784, size=0 bytes
📝 Piece 0: offset=3751936, size=10322 bytes
📝 Piece 0: offset=3762258, size=6062 bytes
📝 Piece 0: offset=3768320, size=16384 bytes
📝 Piece 0: offset=3784704, size=0 bytes
📝 Piece 0: offset=3735552, size=10296 bytes
📝 Piece 0: offset=3745848, size=6088 bytes
📝 Piece 0: offset=3719168, size=16384 bytes
📝 Piece 0: offset=3735552, size=0 bytes
📝 Piece 0: offset=3784704, size=10270 bytes
📝 Piece 0: offset=3794974, size=6114 bytes
📝 Piece 0: offset=3801088, size=16384 bytes
📝 Piece 0: offset=3817472, size=0 bytes
📝 Piece 0: offset=3833856, size=10244 bytes
📝 Piece 0: offset=3844100, size=6140 bytes
📝 Piece 0: offset=3817472, size=16384 bytes
📝 Piece 0: offset=3833856, size=0 bytes
📝 Piece 0: offset=3850240, size=10218 bytes
📝 Piece 0: offset=3860458, size=6166 bytes
📝 Piece 0: offset=3883008, size=16384 bytes
📝 Piece 0: offset=3899392, size=0 bytes
📝 Piece 0: offset=3866624, size=10192 bytes
📝 Piece 0: offset=3876816, size=6192 bytes
📝 Piece 0: offset=3899392, size=16384 bytes
📝 Piece 0: offset=3915776, size=0 bytes
📝 Piece 0: offset=3915776, size=10166 bytes
📝 Piece 0: offset=3925942, size=6218 bytes
📝 Piece 0: offset=3964928, size=16384 bytes
📝 Piece 0: offset=3981312, size=0 bytes
📝 Piece 0: offset=3981312, size=10140 bytes
📝 Piece 0: offset=3991452, size=6244 bytes
📝 Piece 0: offset=3932160, size=16384 bytes
📝 Piece 0: offset=3948544, size=0 bytes
📝 Piece 0: offset=3948544, size=10114 bytes
📝 Piece 0: offset=3958658, size=6270 bytes
📝 Piece 0: offset=4014080, size=16384 bytes
📝 Piece 0: offset=4030464, size=0 bytes
📝 Piece 0: offset=4030464, size=10088 bytes
📝 Piece 0: offset=4040552, size=6296 bytes
📝 Piece 0: offset=3997696, size=16384 bytes
📝 Piece 0: offset=4014080, size=0 bytes
📝 Piece 0: offset=4046848, size=10062 bytes
📝 Piece 0: offset=4056910, size=6322 bytes
📝 Piece 0: offset=4063232, size=16384 bytes
📝 Piece 0: offset=4079616, size=0 bytes
📝 Piece 0: offset=4096000, size=10036 bytes
📝 Piece 0: offset=4106036, size=6348 bytes
📝 Piece 0: offset=4079616, size=16384 bytes
📝 Piece 0: offset=4096000, size=0 bytes
📝 Piece 0: offset=4112384, size=10010 bytes
📝 Piece 0: offset=4122394, size=6374 bytes
📝 Piece 0: offset=4128768, size=16384 bytes
📝 Piece 0: offset=4145152, size=0 bytes
📝 Piece 0: offset=4177920, size=9984 bytes
📝 Piece 0: offset=4187904, size=6400 bytes
📝 Piece 21762: offset=91276443648, size=16384 bytes
📝 Piece 21762: offset=91276460032, size=0 bytes
📝 Piece 0: offset=4161536, size=9958 bytes
📝 Piece 0: offset=4171494, size=6426 bytes
📝 Piece 0: offset=4145152, size=16384 bytes
📝 Piece 0: offset=4161536, size=0 bytes
📊 live: 0.00% (0 / 85.0Gi) [down speed: 0.00 MiB/s, up speed: 0.00 MiB/s]
.....📊 live: 0.00% (0 / 85.0Gi) [down speed: 0.00 MiB/s, up speed: 0.00 MiB/s]
.....📊 live: 0.00% (0 / 85.0Gi) [down speed: 0.00 MiB/s, up speed: 0.00 MiB/s]
.....📊 live: 0.00% (0 / 85.0Gi) [down speed: 0.00 MiB/s, up speed: 0.00 MiB/s]
.....📊 live: 0.00% (0 / 85.0Gi) [down speed: 0.00 MiB/s, up speed: 0.00 MiB/s]
.....📊 live: 0.00% (0 / 85.0Gi) [down speed: 0.00 MiB/s, up speed: 0.00 MiB/s]
.....📊 live: 0.00% (0 / 85.0Gi) [down speed: 0.00 MiB/s, up speed: 0.00 MiB/s]
.....📊 live: 0.00% (0 / 85.0Gi) [down speed: 0.00 MiB/s, up speed: 0.00 MiB/s]
.....📊 live: 0.00% (0 / 85.0Gi) [down speed: 0.00 MiB/s, up speed: 0.00 MiB/s]
.....📊 live: 0.00% (0 / 85.0Gi) [down speed: 0.00 MiB/s, up speed: 0.00 MiB/s]
.....📊 live: 0.00% (0 / 85.0Gi) [down speed: 0.00 MiB/s, up speed: 0.00 MiB/s]
.....📊 live: 0.00% (0 / 85.0Gi) [down speed: 0.00 MiB/s, up speed: 0.00 MiB/s]
.....📊 live: 0.00% (0 / 85.0Gi) [down speed: 0.00 MiB/s, up speed: 0.00 MiB/s]
.....📊 live: 0.00% (0 / 85.0Gi) [down speed: 0.00 MiB/s, up speed: 0.00 MiB/s]
.....📊 live: 0.00% (0 / 85.0Gi) [down speed: 0.00 MiB/s, up speed: 0.00 MiB/s]
.....📊 live: 0.00% (0 / 85.0Gi) [down speed: 0.00 MiB/s, up speed: 0.00 MiB/s]
.....📊 live: 0.00% (0 / 85.0Gi) [down speed: 0.00 MiB/s, up speed: 0.00 MiB/s]
.....📊 live: 0.00% (0 / 85.0Gi) [down speed: 0.00 MiB/s, up speed: 0.00 MiB/s]
.....📊 live: 0.00% (0 / 85.0Gi) [down speed: 0.00 MiB/s, up speed: 0.00 MiB/s]
.....📊 live: 0.00% (0 / 85.0Gi) [down speed: 0.00 MiB/s, up speed: 0.00 MiB/s]
.....📊 live: 0.00% (0 / 85.0Gi) [down speed: 0.00 MiB/s, up speed: 0.00 MiB/s]
.....📊 live: 0.00% (0 / 85.0Gi) [down speed: 0.00 MiB/s, up speed: 0.00 MiB/s]
.....📊 live: 0.00% (0 / 85.0Gi) [down speed: 0.00 MiB/s, up speed: 0.00 MiB/s]
.....📊 live: 0.00% (0 / 85.0Gi) [down speed: 0.00 MiB/s, up speed: 0.00 MiB/s]
.....📊 live: 0.00% (0 / 85.0Gi) [down speed: 0.00 MiB/s, up speed: 0.00 MiB/s]
.....📊 live: 0.00% (0 / 85.0Gi) [down speed: 0.00 MiB/s, up speed: 0.00 MiB/s]
.....📊 live: 0.00% (0 / 85.0Gi) [down speed: 0.00 MiB/s, up speed: 0.00 MiB/s]
.....📊 live: 0.00% (0 / 85.0Gi) [down speed: 0.00 MiB/s, up speed: 0.00 MiB/s]
.....📊 live: 0.00% (0 / 85.0Gi) [down speed: 0.00 MiB/s, up speed: 0.00 MiB/s]
.....📊 live: 0.00% (0 / 85.0Gi) [down speed: 0.00 MiB/s, up speed: 0.00 MiB/s]
.....📊 live: 0.00% (0 / 85.0Gi) [down speed: 0.00 MiB/s, up speed: 0.00 MiB/s]
.....📊 live: 0.00% (0 / 85.0Gi) [down speed: 0.00 MiB/s, up speed: 0.00 MiB/s]
.....📊 live: 0.00% (0 / 85.0Gi) [down speed: 0.00 MiB/s, up speed: 0.00 MiB/s]
.....📊 live: 0.00% (0 / 85.0Gi) [down speed: 0.00 MiB/s, up speed: 0.00 MiB/s]
.....📊 live: 0.00% (0 / 85.0Gi) [down speed: 0.00 MiB/s, up speed: 0.00 MiB/s]
.....📊 live: 0.00% (0 / 85.0Gi) [down speed: 0.00 MiB/s, up speed: 0.00 MiB/s]
.....📊 live: 0.00% (0 / 85.0Gi) [down speed: 0.00 MiB/s, up speed: 0.00 MiB/s]
.....📊 live: 0.00% (0 / 85.0Gi) [down speed: 0.00 MiB/s, up speed: 0.00 MiB/s]
.....📊 live: 0.00% (0 / 85.0Gi) [down speed: 0.00 MiB/s, up speed: 0.00 MiB/s]
.....📊 live: 0.00% (0 / 85.0Gi) [down speed: 0.00 MiB/s, up speed: 0.00 MiB/s]
.....📊 live: 0.00% (0 / 85.0Gi) [down speed: 0.00 MiB/s, up speed: 0.00 MiB/s]
.....📊 live: 0.00% (0 / 85.0Gi) [down speed: 0.00 MiB/s, up speed: 0.00 MiB/s]
.....📊 live: 0.00% (0 / 85.0Gi) [down speed: 0.00 MiB/s, up speed: 0.00 MiB/s]
.....📊 live: 0.00% (0 / 85.0Gi) [down speed: 0.00 MiB/s, up speed: 0.00 MiB/s]
.....📊 live: 0.00% (0 / 85.0Gi) [down speed: 0.00 MiB/s, up speed: 0.00 MiB/s]
.....📊 live: 0.00% (0 / 85.0Gi) [down speed: 0.00 MiB/s, up speed: 0.00 MiB/s]
.....📊 live: 0.00% (0 / 85.0Gi) [down speed: 0.00 MiB/s, up speed: 0.00 MiB/s]
.....📊 live: 0.00% (0 / 85.0Gi) [down speed: 0.00 MiB/s, up speed: 0.00 MiB/s]
.....📊 live: 0.00% (0 / 85.0Gi) [down speed: 0.00 MiB/s, up speed: 0.00 MiB/s]
.....📊 live: 0.00% (0 / 85.0Gi) [down speed: 0.00 MiB/s, up speed: 0.00 MiB/s]
.....📊 live: 0.00% (0 / 85.0Gi) [down speed: 0.00 MiB/s, up speed: 0.00 MiB/s]
.....📊 live: 0.00% (0 / 85.0Gi) [down speed: 0.00 MiB/s, up speed: 0.00 MiB/s]
.....📊 live: 0.00% (0 / 85.0Gi) [down speed: 0.00 MiB/s, up speed: 0.00 MiB/s]
.....📊 live: 0.00% (0 / 85.0Gi) [down speed: 0.00 MiB/s, up speed: 0.00 MiB/s]
.....📊 live: 0.00% (0 / 85.0Gi) [down speed: 0.00 MiB/s, up speed: 0.00 MiB/s]
.....📊 live: 0.00% (0 / 85.0Gi) [down speed: 0.00 MiB/s, up speed: 0.00 MiB/s]
.....📊 live: 0.00% (0 / 85.0Gi) [down speed: 0.00 MiB/s, up speed: 0.00 MiB/s]
.....📊 live: 0.00% (0 / 85.0Gi) [down speed: 0.00 MiB/s, up speed: 0.00 MiB/s]
.....📊 live: 0.00% (0 / 85.0Gi) [down speed: 0.00 MiB/s, up speed: 0.00 MiB/s]
.....📊 live: 0.00% (0 / 85.0Gi) [down speed: 0.00 MiB/s, up speed: 0.00 MiB/s]
.....📊 live: 0.00% (0 / 85.0Gi) [down speed: 0.00 MiB/s, up speed: 0.00 MiB/s]
.....📊 live: 0.00% (0 / 85.0Gi) [down speed: 0.00 MiB/s, up speed: 0.00 MiB/s]
.....📊 live: 0.00% (0 / 85.0Gi) [down speed: 0.00 MiB/s, up speed: 0.00 MiB/s]
.....📊 live: 0.00% (0 / 85.0Gi) [down speed: 0.00 MiB/s, up speed: 0.00 MiB/s]
.....📊 live: 0.00% (0 / 85.0Gi) [down speed: 0.00 MiB/s, up speed: 0.00 MiB/s]
.....📊 live: 0.00% (0 / 85.0Gi) [down speed: 0.00 MiB/s, up speed: 0.00 MiB/s]
.....📊 live: 0.00% (0 / 85.0Gi) [down speed: 0.00 MiB/s, up speed: 0.00 MiB/s]
.....📊 live: 0.00% (0 / 85.0Gi) [down speed: 0.00 MiB/s, up speed: 0.00 MiB/s]
.....📊 live: 0.00% (0 / 85.0Gi) [down speed: 0.00 MiB/s, up speed: 0.00 MiB/s]
.....📊 live: 0.00% (0 / 85.0Gi) [down speed: 0.00 MiB/s, up speed: 0.00 MiB/s]
.....📊 live: 0.00% (0 / 85.0Gi) [down speed: 0.00 MiB/s, up speed: 0.00 MiB/s]
.....📊 live: 0.00% (0 / 85.0Gi) [down speed: 0.00 MiB/s, up speed: 0.00 MiB/s]
.....📊 live: 0.00% (0 / 85.0Gi) [down speed: 0.00 MiB/s, up speed: 0.00 MiB/s]
.....📊 live: 0.00% (0 / 85.0Gi) [down speed: 0.00 MiB/s, up speed: 0.00 MiB/s]
.....📊 live: 0.00% (0 / 85.0Gi) [down speed: 0.00 MiB/s, up speed: 0.00 MiB/s]
.....📊 live: 0.00% (0 / 85.0Gi) [down speed: 0.00 MiB/s, up speed: 0.00 MiB/s]
.....📊 live: 0.00% (0 / 85.0Gi) [down speed: 0.00 MiB/s, up speed: 0.00 MiB/s]
.....📊 live: 0.00% (0 / 85.0Gi) [down speed: 0.00 MiB/s, up speed: 0.00 MiB/s]
.....📊 live: 0.00% (0 / 85.0Gi) [down speed: 0.00 MiB/s, up speed: 0.00 MiB/s]
.....📊 live: 0.00% (0 / 85.0Gi) [down speed: 0.00 MiB/s, up speed: 0.00 MiB/s]
.....📊 live: 0.00% (0 / 85.0Gi) [down speed: 0.00 MiB/s, up speed: 0.00 MiB/s]
.....📊 live: 0.00% (0 / 85.0Gi) [down speed: 0.00 MiB/s, up speed: 0.00 MiB/s]
.....📊 live: 0.00% (0 / 85.0Gi) [down speed: 0.00 MiB/s, up speed: 0.00 MiB/s]
.....📊 live: 0.00% (0 / 85.0Gi) [down speed: 0.00 MiB/s, up speed: 0.00 MiB/s]
.....📊 live: 0.00% (0 / 85.0Gi) [down speed: 0.00 MiB/s, up speed: 0.00 MiB/s]
.....📊 live: 0.00% (0 / 85.0Gi) [down speed: 0.00 MiB/s, up speed: 0.00 MiB/s]
.....📊 live: 0.00% (0 / 85.0Gi) [down speed: 0.00 MiB/s, up speed: 0.00 MiB/s]
.....📊 live: 0.00% (0 / 85.0Gi) [down speed: 0.00 MiB/s, up speed: 0.00 MiB/s]
.....📊 live: 0.00% (0 / 85.0Gi) [down speed: 0.00 MiB/s, up speed: 0.00 MiB/s]
.....📊 live: 0.00% (0 / 85.0Gi) [down speed: 0.00 MiB/s, up speed: 0.00 MiB/s]
.....📊 live: 0.00% (0 / 85.0Gi) [down speed: 0.00 MiB/s, up speed: 0.00 MiB/s]
.....📊 live: 0.00% (0 / 85.0Gi) [down speed: 0.00 MiB/s, up speed: 0.00 MiB/s]
.....📊 live: 0.00% (0 / 85.0Gi) [down speed: 0.00 MiB/s, up speed: 0.00 MiB/s]
.....📊 live: 0.00% (0 / 85.0Gi) [down speed: 0.00 MiB/s, up speed: 0.00 MiB/s]
.....📊 live: 0.00% (0 / 85.0Gi) [down speed: 0.00 MiB/s, up speed: 0.00 MiB/s]
.....📊 live: 0.00% (0 / 85.0Gi) [down speed: 0.00 MiB/s, up speed: 0.00 MiB/s]
.....📊 live: 0.00% (0 / 85.0Gi) [down speed: 0.00 MiB/s, up speed: 0.00 MiB/s]
.....📊 live: 0.00% (0 / 85.0Gi) [down speed: 0.00 MiB/s, up speed: 0.00 MiB/s]
.....📊 live: 0.00% (0 / 85.0Gi) [down speed: 0.00 MiB/s, up speed: 0.00 MiB/s]
.....📊 live: 0.00% (0 / 85.0Gi) [down speed: 0.00 MiB/s, up speed: 0.00 MiB/s]
.....📊 live: 0.00% (0 / 85.0Gi) [down speed: 0.00 MiB/s, up speed: 0.00 MiB/s]
.....📊 live: 0.00% (0 / 85.0Gi) [down speed: 0.00 MiB/s, up speed: 0.00 MiB/s]
.....📊 live: 0.00% (0 / 85.0Gi) [down speed: 0.00 MiB/s, up speed: 0.00 MiB/s]
.....📊 live: 0.00% (0 / 85.0Gi) [down speed: 0.00 MiB/s, up speed: 0.00 MiB/s]
.....📊 live: 0.00% (0 / 85.0Gi) [down speed: 0.00 MiB/s, up speed: 0.00 MiB/s]
.....📊 live: 0.00% (0 / 85.0Gi) [down speed: 0.00 MiB/s, up speed: 0.00 MiB/s]
.....📊 live: 0.00% (0 / 85.0Gi) [down speed: 0.00 MiB/s, up speed: 0.00 MiB/s]
.....📊 live: 0.00% (0 / 85.0Gi) [down speed: 0.00 MiB/s, up speed: 0.00 MiB/s]
.....📊 live: 0.00% (0 / 85.0Gi) [down speed: 0.00 MiB/s, up speed: 0.00 MiB/s]
.....📊 live: 0.00% (0 / 85.0Gi) [down speed: 0.00 MiB/s, up speed: 0.00 MiB/s]
.....📊 live: 0.00% (0 / 85.0Gi) [down speed: 0.00 MiB/s, up speed: 0.00 MiB/s]
.....📊 live: 0.00% (0 / 85.0Gi) [down speed: 0.00 MiB/s, up speed: 0.00 MiB/s]
.....📊 live: 0.00% (0 / 85.0Gi) [down speed: 0.00 MiB/s, up speed: 0.00 MiB/s]
.....📊 live: 0.00% (0 / 85.0Gi) [down speed: 0.00 MiB/s, up speed: 0.00 MiB/s]
.....📊 live: 0.00% (0 / 85.0Gi) [down speed: 0.00 MiB/s, up speed: 0.00 MiB/s]
.....📊 live: 0.00% (0 / 85.0Gi) [down speed: 0.00 MiB/s, up speed: 0.00 MiB/s]
.....📊 live: 0.00% (0 / 85.0Gi) [down speed: 0.00 MiB/s, up speed: 0.00 MiB/s]
.....📊 live: 0.00% (0 / 85.0Gi) [down speed: 0.00 MiB/s, up speed: 0.00 MiB/s]
.....📊 live: 0.00% (0 / 85.0Gi) [down speed: 0.00 MiB/s, up speed: 0.00 MiB/s]
.....📊 live: 0.00% (0 / 85.0Gi) [down speed: 0.00 MiB/s, up speed: 0.00 MiB/s]
.....📊 live: 0.00% (0 / 85.0Gi) [down speed: 0.00 MiB/s, up speed: 0.00 MiB/s]
.....📊 live: 0.00% (0 / 85.0Gi) [down speed: 0.00 MiB/s, up speed: 0.00 MiB/s]
.....📊 live: 0.00% (0 / 85.0Gi) [down speed: 0.00 MiB/s, up speed: 0.00 MiB/s]
.....📊 live: 0.00% (0 / 85.0Gi) [down speed: 0.00 MiB/s, up speed: 0.00 MiB/s]
.....📊 live: 0.00% (0 / 85.0Gi) [down speed: 0.00 MiB/s, up speed: 0.00 MiB/s]
.....📊 live: 0.00% (0 / 85.0Gi) [down speed: 0.00 MiB/s, up speed: 0.00 MiB/s]
.....📊 live: 0.00% (0 / 85.0Gi) [down speed: 0.00 MiB/s, up speed: 0.00 MiB/s]
.....📊 live: 0.00% (0 / 85.0Gi) [down speed: 0.00 MiB/s, up speed: 0.00 MiB/s]
.....📊 live: 0.00% (0 / 85.0Gi) [down speed: 0.00 MiB/s, up speed: 0.00 MiB/s]
.....📊 live: 0.00% (0 / 85.0Gi) [down speed: 0.00 MiB/s, up speed: 0.00 MiB/s]
.....📊 live: 0.00% (0 / 85.0Gi) [down speed: 0.00 MiB/s, up speed: 0.00 MiB/s]
.....📊 live: 0.00% (0 / 85.0Gi) [down speed: 0.00 MiB/s, up speed: 0.00 MiB/s]
.....📊 live: 0.00% (0 / 85.0Gi) [down speed: 0.00 MiB/s, up speed: 0.00 MiB/s]
.....📊 live: 0.00% (0 / 85.0Gi) [down speed: 0.00 MiB/s, up speed: 0.00 MiB/s]
.....📊 live: 0.00% (0 / 85.0Gi) [down speed: 0.00 MiB/s, up speed: 0.00 MiB/s]
.....📊 live: 0.00% (0 / 85.0Gi) [down speed: 0.00 MiB/s, up speed: 0.00 MiB/s]
.....📊 live: 0.00% (0 / 85.0Gi) [down speed: 0.00 MiB/s, up speed: 0.00 MiB/s]
.....📊 live: 0.00% (0 / 85.0Gi) [down speed: 0.00 MiB/s, up speed: 0.00 MiB/s]
.....📊 live: 0.00% (0 / 85.0Gi) [down speed: 0.00 MiB/s, up speed: 0.00 MiB/s]
.....📊 live: 0.00% (0 / 85.0Gi) [down speed: 0.00 MiB/s, up speed: 0.00 MiB/s]
.....📊 live: 0.00% (0 / 85.0Gi) [down speed: 0.00 MiB/s, up speed: 0.00 MiB/s]
.....📊 live: 0.00% (0 / 85.0Gi) [down speed: 0.00 MiB/s, up speed: 0.00 MiB/s]
.....📊 live: 0.00% (0 / 85.0Gi) [down speed: 0.00 MiB/s, up speed: 0.00 MiB/s]
.....📊 live: 0.00% (0 / 85.0Gi) [down speed: 0.00 MiB/s, up speed: 0.00 MiB/s]
.....📊 live: 0.00% (0 / 85.0Gi) [down speed: 0.00 MiB/s, up speed: 0.00 MiB/s]
.....📊 live: 0.00% (0 / 85.0Gi) [down speed: 0.00 MiB/s, up speed: 0.00 MiB/s]
.....📊 live: 0.00% (0 / 85.0Gi) [down speed: 0.00 MiB/s, up speed: 0.00 MiB/s]
.....📊 live: 0.00% (0 / 85.0Gi) [down speed: 0.00 MiB/s, up speed: 0.00 MiB/s]
.....📊 live: 0.00% (0 / 85.0Gi) [down speed: 0.00 MiB/s, up speed: 0.00 MiB/s]
.....📊 live: 0.00% (0 / 85.0Gi) [down speed: 0.00 MiB/s, up speed: 0.00 MiB/s]
.....📊 live: 0.00% (0 / 85.0Gi) [down speed: 0.00 MiB/s, up speed: 0.00 MiB/s]
.....📊 live: 0.00% (0 / 85.0Gi) [down speed: 0.00 MiB/s, up speed: 0.00 MiB/s]
.....📊 live: 0.00% (0 / 85.0Gi) [down speed: 0.00 MiB/s, up speed: 0.00 MiB/s]
.....📊 live: 0.00% (0 / 85.0Gi) [down speed: 0.00 MiB/s, up speed: 0.00 MiB/s]
.....📊 live: 0.00% (0 / 85.0Gi) [down speed: 0.00 MiB/s, up speed: 0.00 MiB/s]
.....📊 live: 0.00% (0 / 85.0Gi) [down speed: 0.00 MiB/s, up speed: 0.00 MiB/s]
.....📊 live: 0.00% (0 / 85.0Gi) [down speed: 0.00 MiB/s, up speed: 0.00 MiB/s]
.....📊 live: 0.00% (0 / 85.0Gi) [down speed: 0.00 MiB/s, up speed: 0.00 MiB/s]
.....📊 live: 0.00% (0 / 85.0Gi) [down speed: 0.00 MiB/s, up speed: 0.00 MiB/s]
.....📊 live: 0.00% (0 / 85.0Gi) [down speed: 0.00 MiB/s, up speed: 0.00 MiB/s]
.....📊 live: 0.00% (0 / 85.0Gi) [down speed: 0.00 MiB/s, up speed: 0.00 MiB/s]
.....📊 live: 0.00% (0 / 85.0Gi) [down speed: 0.00 MiB/s, up speed: 0.00 MiB/s]
.....📊 live: 0.00% (0 / 85.0Gi) [down speed: 0.00 MiB/s, up speed: 0.00 MiB/s]
.....📊 live: 0.00% (0 / 85.0Gi) [down speed: 0.00 MiB/s, up speed: 0.00 MiB/s]
.....📊 live: 0.00% (0 / 85.0Gi) [down speed: 0.00 MiB/s, up speed: 0.00 MiB/s]
.....📊 live: 0.00% (0 / 85.0Gi) [down speed: 0.00 MiB/s, up speed: 0.00 MiB/s]
.....📊 live: 0.00% (0 / 85.0Gi) [down speed: 0.00 MiB/s, up speed: 0.00 MiB/s]
.....📊 live: 0.00% (0 / 85.0Gi) [down speed: 0.00 MiB/s, up speed: 0.00 MiB/s]
.....📊 live: 0.00% (0 / 85.0Gi) [down speed: 0.00 MiB/s, up speed: 0.00 MiB/s]
.....📊 live: 0.00% (0 / 85.0Gi) [down speed: 0.00 MiB/s, up speed: 0.00 MiB/s]
.....📊 live: 0.00% (0 / 85.0Gi) [down speed: 0.00 MiB/s, up speed: 0.00 MiB/s]
.....📊 live: 0.00% (0 / 85.0Gi) [down speed: 0.00 MiB/s, up speed: 0.00 MiB/s]
.....📊 live: 0.00% (0 / 85.0Gi) [down speed: 0.00 MiB/s, up speed: 0.00 MiB/s]
.....📊 live: 0.00% (0 / 85.0Gi) [down speed: 0.00 MiB/s, up speed: 0.00 MiB/s]
.....📊 live: 0.00% (0 / 85.0Gi) [down speed: 0.00 MiB/s, up speed: 0.00 MiB/s]
.....📊 live: 0.00% (0 / 85.0Gi) [down speed: 0.00 MiB/s, up speed: 0.00 MiB/s]
.....📊 live: 0.00% (0 / 85.0Gi) [down speed: 0.00 MiB/s, up speed: 0.00 MiB/s]
.....📊 live: 0.00% (0 / 85.0Gi) [down speed: 0.00 MiB/s, up speed: 0.00 MiB/s]
.....📊 live: 0.00% (0 / 85.0Gi) [down speed: 0.00 MiB/s, up speed: 0.00 MiB/s]
.....📊 live: 0.00% (0 / 85.0Gi) [down speed: 0.00 MiB/s, up speed: 0.00 MiB/s]
.....📊 live: 0.00% (0 / 85.0Gi) [down speed: 0.00 MiB/s, up speed: 0.00 MiB/s]
.....📊 live: 0.00% (0 / 85.0Gi) [down speed: 0.00 MiB/s, up speed: 0.00 MiB/s]
.....📊 live: 0.00% (0 / 85.0Gi) [down speed: 0.00 MiB/s, up speed: 0.00 MiB/s]
.....📊 live: 0.00% (0 / 85.0Gi) [down speed: 0.00 MiB/s, up speed: 0.00 MiB/s]
.....📊 live: 0.00% (0 / 85.0Gi) [down speed: 0.00 MiB/s, up speed: 0.00 MiB/s]
.....📊 live: 0.00% (0 / 85.0Gi) [down speed: 0.00 MiB/s, up speed: 0.00 MiB/s]
.....📊 live: 0.00% (0 / 85.0Gi) [down speed: 0.00 MiB/s, up speed: 0.00 MiB/s]
.....📊 live: 0.00% (0 / 85.0Gi) [down speed: 0.00 MiB/s, up speed: 0.00 MiB/s]
.....📊 live: 0.00% (0 / 85.0Gi) [down speed: 0.00 MiB/s, up speed: 0.00 MiB/s]
.....📊 live: 0.00% (0 / 85.0Gi) [down speed: 0.00 MiB/s, up speed: 0.00 MiB/s]
.....📊 live: 0.00% (0 / 85.0Gi) [down speed: 0.00 MiB/s, up speed: 0.00 MiB/s]
.....📊 live: 0.00% (0 / 85.0Gi) [down speed: 0.00 MiB/s, up speed: 0.00 MiB/s]
.....📊 live: 0.00% (0 / 85.0Gi) [down speed: 0.00 MiB/s, up speed: 0.00 MiB/s]
.....📊 live: 0.00% (0 / 85.0Gi) [down speed: 0.00 MiB/s, up speed: 0.00 MiB/s]
.....📊 live: 0.00% (0 / 85.0Gi) [down speed: 0.00 MiB/s, up speed: 0.00 MiB/s]
.....📊 live: 0.00% (0 / 85.0Gi) [down speed: 0.00 MiB/s, up speed: 0.00 MiB/s]
.....📊 live: 0.00% (0 / 85.0Gi) [down speed: 0.00 MiB/s, up speed: 0.00 MiB/s]
.....📊 live: 0.00% (0 / 85.0Gi) [down speed: 0.00 MiB/s, up speed: 0.00 MiB/s]
.....📊 live: 0.00% (0 / 85.0Gi) [down speed: 0.00 MiB/s, up speed: 0.00 MiB/s]
.....📊 live: 0.00% (0 / 85.0Gi) [down speed: 0.00 MiB/s, up speed: 0.00 MiB/s]
.....📊 live: 0.00% (0 / 85.0Gi) [down speed: 0.00 MiB/s, up speed: 0.00 MiB/s]
.....📊 live: 0.00% (0 / 85.0Gi) [down speed: 0.00 MiB/s, up speed: 0.00 MiB/s]
.....📊 live: 0.00% (0 / 85.0Gi) [down speed: 0.00 MiB/s, up speed: 0.00 MiB/s]
.....📊 live: 0.00% (0 / 85.0Gi) [down speed: 0.00 MiB/s, up speed: 0.00 MiB/s]
.....📊 live: 0.00% (0 / 85.0Gi) [down speed: 0.00 MiB/s, up speed: 0.00 MiB/s]
.....📊 live: 0.00% (0 / 85.0Gi) [down speed: 0.00 MiB/s, up speed: 0.00 MiB/s]
.....📊 live: 0.00% (0 / 85.0Gi) [down speed: 0.00 MiB/s, up speed: 0.00 MiB/s]
.....📊 live: 0.00% (0 / 85.0Gi) [down speed: 0.00 MiB/s, up speed: 0.00 MiB/s]
.....📊 live: 0.00% (0 / 85.0Gi) [down speed: 0.00 MiB/s, up speed: 0.00 MiB/s]
.....📊 live: 0.00% (0 / 85.0Gi) [down speed: 0.00 MiB/s, up speed: 0.00 MiB/s]
.....📊 live: 0.00% (0 / 85.0Gi) [down speed: 0.00 MiB/s, up speed: 0.00 MiB/s]
.....📊 live: 0.00% (0 / 85.0Gi) [down speed: 0.00 MiB/s, up speed: 0.00 MiB/s]
.....📊 live: 0.00% (0 / 85.0Gi) [down speed: 0.00 MiB/s, up speed: 0.00 MiB/s]
.....📊 live: 0.00% (0 / 85.0Gi) [down speed: 0.00 MiB/s, up speed: 0.00 MiB/s]
.....📊 live: 0.00% (0 / 85.0Gi) [down speed: 0.00 MiB/s, up speed: 0.00 MiB/s]
.....📊 live: 0.00% (0 / 85.0Gi) [down speed: 0.00 MiB/s, up speed: 0.00 MiB/s]
.....📊 live: 0.00% (0 / 85.0Gi) [down speed: 0.00 MiB/s, up speed: 0.00 MiB/s]
.....📊 live: 0.00% (0 / 85.0Gi) [down speed: 0.00 MiB/s, up speed: 0.00 MiB/s]
.....📊 live: 0.00% (0 / 85.0Gi) [down speed: 0.00 MiB/s, up speed: 0.00 MiB/s]
.....📊 live: 0.00% (0 / 85.0Gi) [down speed: 0.00 MiB/s, up speed: 0.00 MiB/s]
.....📊 live: 0.00% (0 / 85.0Gi) [down speed: 0.00 MiB/s, up speed: 0.00 MiB/s]
.....📊 live: 0.00% (0 / 85.0Gi) [down speed: 0.00 MiB/s, up speed: 0.00 MiB/s]
.....📊 live: 0.00% (0 / 85.0Gi) [down speed: 0.00 MiB/s, up speed: 0.00 MiB/s]
.....📊 live: 0.00% (0 / 85.0Gi) [down speed: 0.00 MiB/s, up speed: 0.00 MiB/s]
.....📊 live: 0.00% (0 / 85.0Gi) [down speed: 0.00 MiB/s, up speed: 0.00 MiB/s]
.....📊 live: 0.00% (0 / 85.0Gi) [down speed: 0.00 MiB/s, up speed: 0.00 MiB/s]
.....📊 live: 0.00% (0 / 85.0Gi) [down speed: 0.00 MiB/s, up speed: 0.00 MiB/s]
.....📊 live: 0.00% (0 / 85.0Gi) [down speed: 0.00 MiB/s, up speed: 0.00 MiB/s]
.....📊 live: 0.00% (0 / 85.0Gi) [down speed: 0.00 MiB/s, up speed: 0.00 MiB/s]
.....📊 live: 0.00% (0 / 85.0Gi) [down speed: 0.00 MiB/s, up speed: 0.00 MiB/s]
.....📊 live: 0.00% (0 / 85.0Gi) [down speed: 0.00 MiB/s, up speed: 0.00 MiB/s]
.....📝 Piece 0: offset=0, size=16384 bytes
📝 Piece 0: offset=16384, size=0 bytes
📝 Piece 0: offset=16384, size=13367 bytes
📝 Piece 0: offset=29751, size=3017 bytes
📊 live: 0.00% (0 / 85.0Gi) [down speed: 0.06 MiB/s, eta: 392h 10m, up speed: 0.00 MiB/s]
.📝 Piece 0: offset=32768, size=16384 bytes
📝 Piece 0: offset=49152, size=0 bytes
📝 Piece 0: offset=49152, size=13341 bytes
📝 Piece 0: offset=62493, size=3043 bytes
📝 Piece 0: offset=65536, size=16384 bytes
📝 Piece 0: offset=81920, size=0 bytes
📝 Piece 0: offset=81920, size=13315 bytes
📝 Piece 0: offset=95235, size=3069 bytes
📝 Piece 0: offset=98304, size=16384 bytes
📝 Piece 0: offset=114688, size=0 bytes
📝 Piece 0: offset=114688, size=13289 bytes
📝 Piece 0: offset=127977, size=3095 bytes
📝 Piece 0: offset=131072, size=16384 bytes
📝 Piece 0: offset=147456, size=0 bytes
📝 Piece 0: offset=147456, size=13263 bytes
📝 Piece 0: offset=160719, size=3121 bytes
📝 Piece 0: offset=163840, size=16384 bytes
📝 Piece 0: offset=180224, size=0 bytes
📝 Piece 0: offset=180224, size=13237 bytes
📝 Piece 0: offset=193461, size=3147 bytes
.📝 Piece 0: offset=196608, size=16384 bytes
📝 Piece 0: offset=212992, size=0 bytes
📝 Piece 0: offset=212992, size=13211 bytes
📝 Piece 0: offset=226203, size=3173 bytes
📝 Piece 0: offset=245760, size=16384 bytes
📝 Piece 0: offset=262144, size=0 bytes
📝 Piece 0: offset=229376, size=13185 bytes
📝 Piece 0: offset=242561, size=3199 bytes
📝 Piece 0: offset=262144, size=16384 bytes
📝 Piece 0: offset=278528, size=0 bytes
📝 Piece 0: offset=278528, size=13159 bytes
📝 Piece 0: offset=291687, size=3225 bytes
📝 Piece 0: offset=294912, size=16384 bytes
📝 Piece 0: offset=311296, size=0 bytes
📝 Piece 0: offset=311296, size=13133 bytes
📝 Piece 0: offset=324429, size=3251 bytes
.📝 Piece 0: offset=327680, size=16384 bytes
📝 Piece 0: offset=344064, size=0 bytes
📝 Piece 0: offset=360448, size=13107 bytes
📝 Piece 0: offset=373555, size=3277 bytes
📝 Piece 0: offset=344064, size=16384 bytes
📝 Piece 0: offset=360448, size=0 bytes
📝 Piece 0: offset=376832, size=13081 bytes
📝 Piece 0: offset=389913, size=3303 bytes
📝 Piece 0: offset=393216, size=16384 bytes
📝 Piece 0: offset=409600, size=0 bytes
📝 Piece 0: offset=409600, size=13055 bytes
📝 Piece 0: offset=422655, size=3329 bytes
📝 Piece 0: offset=425984, size=16384 bytes
📝 Piece 0: offset=442368, size=0 bytes
📝 Piece 0: offset=442368, size=13029 bytes
📝 Piece 0: offset=455397, size=3355 bytes
📝 Piece 0: offset=458752, size=16384 bytes
📝 Piece 0: offset=475136, size=0 bytes
📝 Piece 0: offset=475136, size=13003 bytes
📝 Piece 0: offset=488139, size=3381 bytes
📝 Piece 0: offset=491520, size=16384 bytes
📝 Piece 0: offset=507904, size=0 bytes
.📝 Piece 0: offset=507904, size=12977 bytes
📝 Piece 0: offset=520881, size=3407 bytes
📝 Piece 0: offset=524288, size=16384 bytes
📝 Piece 0: offset=540672, size=0 bytes
📝 Piece 0: offset=540672, size=12951 bytes
📝 Piece 0: offset=553623, size=3433 bytes
📝 Piece 0: offset=557056, size=16384 bytes
📝 Piece 0: offset=573440, size=0 bytes
📝 Piece 0: offset=589824, size=12925 bytes
📝 Piece 0: offset=602749, size=3459 bytes
📝 Piece 0: offset=606208, size=16384 bytes
📝 Piece 0: offset=622592, size=0 bytes
📝 Piece 0: offset=573440, size=12899 bytes
📝 Piece 0: offset=586339, size=3485 bytes
📝 Piece 0: offset=622592, size=16384 bytes
📝 Piece 0: offset=638976, size=0 bytes
📝 Piece 0: offset=638976, size=12873 bytes
📝 Piece 0: offset=651849, size=3511 bytes
📝 Piece 0: offset=655360, size=16384 bytes
📝 Piece 0: offset=671744, size=0 bytes
📝 Piece 0: offset=671744, size=12847 bytes
📝 Piece 0: offset=684591, size=3537 bytes
📝 Piece 0: offset=688128, size=16384 bytes
📝 Piece 0: offset=704512, size=0 bytes
.📝 Piece 0: offset=704512, size=12821 bytes
📝 Piece 0: offset=717333, size=3563 bytes
📝 Piece 0: offset=737280, size=16384 bytes
📝 Piece 0: offset=753664, size=0 bytes
📝 Piece 0: offset=720896, size=12795 bytes
📝 Piece 0: offset=733691, size=3589 bytes
📝 Piece 0: offset=753664, size=16384 bytes
📝 Piece 0: offset=770048, size=0 bytes
📝 Piece 0: offset=770048, size=12769 bytes
📝 Piece 0: offset=782817, size=3615 bytes
📝 Piece 0: offset=786432, size=16384 bytes
📝 Piece 0: offset=802816, size=0 bytes
📝 Piece 0: offset=802816, size=12743 bytes
📝 Piece 0: offset=815559, size=3641 bytes
📝 Piece 0: offset=819200, size=16384 bytes
📝 Piece 0: offset=835584, size=0 bytes
📝 Piece 0: offset=835584, size=12717 bytes
📝 Piece 0: offset=848301, size=3667 bytes
📝 Piece 0: offset=851968, size=16384 bytes
📝 Piece 0: offset=868352, size=0 bytes
📝 Piece 0: offset=868352, size=12691 bytes
📝 Piece 0: offset=881043, size=3693 bytes
📝 Piece 0: offset=884736, size=16384 bytes
📝 Piece 0: offset=901120, size=0 bytes
📝 Piece 0: offset=901120, size=12665 bytes
📝 Piece 0: offset=913785, size=3719 bytes
📊 live: 0.00% (0 / 85.0Gi) [down speed: 0.19 MiB/s, eta: 130h 15m, up speed: 0.00 MiB/s]
.📝 Piece 0: offset=917504, size=16384 bytes
📝 Piece 0: offset=933888, size=0 bytes
📝 Piece 0: offset=933888, size=12639 bytes
📝 Piece 0: offset=946527, size=3745 bytes
📝 Piece 0: offset=950272, size=16384 bytes
📝 Piece 0: offset=966656, size=0 bytes
📝 Piece 0: offset=966656, size=12613 bytes
📝 Piece 0: offset=979269, size=3771 bytes
📝 Piece 0: offset=983040, size=16384 bytes
📝 Piece 0: offset=999424, size=0 bytes
📝 Piece 0: offset=999424, size=12587 bytes
📝 Piece 0: offset=1012011, size=3797 bytes
.📝 Piece 0: offset=1015808, size=16384 bytes
📝 Piece 0: offset=1032192, size=0 bytes
📝 Piece 0: offset=1048576, size=12561 bytes
📝 Piece 0: offset=1061137, size=3823 bytes
📝 Piece 0: offset=1032192, size=16384 bytes
📝 Piece 0: offset=1048576, size=0 bytes
📝 Piece 0: offset=1064960, size=12535 bytes
📝 Piece 0: offset=1077495, size=3849 bytes
📝 Piece 0: offset=1081344, size=16384 bytes
📝 Piece 0: offset=1097728, size=0 bytes
.📝 Piece 0: offset=1097728, size=12509 bytes
📝 Piece 0: offset=1110237, size=3875 bytes
📝 Piece 0: offset=1114112, size=16384 bytes
📝 Piece 0: offset=1130496, size=0 bytes
📝 Piece 0: offset=1130496, size=12483 bytes
📝 Piece 0: offset=1142979, size=3901 bytes
..📊 live: 0.00% (0 / 85.0Gi) [down speed: 0.00 MiB/s, up speed: 0.00 MiB/s]
..📝 Piece 0: offset=1146880, size=16384 bytes
📝 Piece 0: offset=1163264, size=0 bytes
📝 Piece 0: offset=1163264, size=12457 bytes
📝 Piece 0: offset=1175721, size=3927 bytes
📝 Piece 0: offset=1179648, size=16384 bytes
📝 Piece 0: offset=1196032, size=0 bytes
📝 Piece 0: offset=1196032, size=12431 bytes
📝 Piece 0: offset=1208463, size=3953 bytes
.📝 Piece 0: offset=1212416, size=16384 bytes
📝 Piece 0: offset=1228800, size=0 bytes
📝 Piece 0: offset=1228800, size=12405 bytes
📝 Piece 0: offset=1241205, size=3979 bytes
📝 Piece 0: offset=1245184, size=16384 bytes
📝 Piece 0: offset=1261568, size=0 bytes
📝 Piece 0: offset=1261568, size=12379 bytes
📝 Piece 0: offset=1273947, size=4005 bytes
.📝 Piece 0: offset=1277952, size=16384 bytes
📝 Piece 0: offset=1294336, size=0 bytes
📝 Piece 0: offset=1294336, size=12353 bytes
📝 Piece 0: offset=1306689, size=4031 bytes
📝 Piece 0: offset=1310720, size=16384 bytes
📝 Piece 0: offset=1327104, size=0 bytes
📝 Piece 0: offset=1327104, size=12327 bytes
📝 Piece 0: offset=1339431, size=4057 bytes
📝 Piece 0: offset=1343488, size=16384 bytes
📝 Piece 0: offset=1359872, size=0 bytes
.📝 Piece 0: offset=1359872, size=12301 bytes
📝 Piece 0: offset=1372173, size=4083 bytes
📝 Piece 0: offset=1376256, size=16384 bytes
📝 Piece 0: offset=1392640, size=0 bytes
📝 Piece 0: offset=1392640, size=12275 bytes
📝 Piece 0: offset=1404915, size=4109 bytes
📝 Piece 0: offset=1409024, size=16384 bytes
📝 Piece 0: offset=1425408, size=0 bytes
📝 Piece 0: offset=1425408, size=12249 bytes
📝 Piece 0: offset=1437657, size=4135 bytes
📊 live: 0.00% (0 / 85.0Gi) [down speed: 0.09 MiB/s, eta: 261h 19m, up speed: 0.00 MiB/s]
.📝 Piece 0: offset=1441792, size=16384 bytes
📝 Piece 0: offset=1458176, size=0 bytes
📝 Piece 0: offset=1474560, size=12223 bytes
📝 Piece 0: offset=1486783, size=4161 bytes
📝 Piece 0: offset=1458176, size=16384 bytes
📝 Piece 0: offset=1474560, size=0 bytes
📝 Piece 0: offset=1490944, size=12197 bytes
📝 Piece 0: offset=1503141, size=4187 bytes
📝 Piece 0: offset=1507328, size=16384 bytes
📝 Piece 0: offset=1523712, size=0 bytes
.📝 Piece 0: offset=1523712, size=12171 bytes
📝 Piece 0: offset=1535883, size=4213 bytes
📝 Piece 0: offset=1540096, size=16384 bytes
📝 Piece 0: offset=1556480, size=0 bytes
📝 Piece 0: offset=1556480, size=12145 bytes
📝 Piece 0: offset=1568625, size=4239 bytes
📝 Piece 0: offset=1572864, size=16384 bytes
📝 Piece 0: offset=1589248, size=0 bytes
📝 Piece 0: offset=1589248, size=12119 bytes
📝 Piece 0: offset=1601367, size=4265 bytes
📝 Piece 0: offset=1605632, size=16384 bytes
📝 Piece 0: offset=1622016, size=0 bytes
.📝 Piece 0: offset=1622016, size=12093 bytes
📝 Piece 0: offset=1634109, size=4291 bytes
📝 Piece 0: offset=1638400, size=16384 bytes
📝 Piece 0: offset=1654784, size=0 bytes
📝 Piece 0: offset=1654784, size=12067 bytes
📝 Piece 0: offset=1666851, size=4317 bytes
📝 Piece 0: offset=1671168, size=16384 bytes
📝 Piece 0: offset=1687552, size=0 bytes
📝 Piece 0: offset=1703936, size=12041 bytes
📝 Piece 0: offset=1715977, size=4343 bytes
📝 Piece 0: offset=1687552, size=16384 bytes
📝 Piece 0: offset=1703936, size=0 bytes
📝 Piece 0: offset=1720320, size=12015 bytes
📝 Piece 0: offset=1732335, size=4369 bytes
.📝 Piece 0: offset=1736704, size=16384 bytes
📝 Piece 0: offset=1753088, size=0 bytes
📝 Piece 0: offset=1753088, size=11989 bytes
📝 Piece 0: offset=1765077, size=4395 bytes
📝 Piece 0: offset=1769472, size=16384 bytes
📝 Piece 0: offset=1785856, size=0 bytes
📝 Piece 0: offset=1785856, size=11963 bytes
📝 Piece 0: offset=1797819, size=4421 bytes
📝 Piece 0: offset=1802240, size=16384 bytes
📝 Piece 0: offset=1818624, size=0 bytes
📝 Piece 0: offset=1818624, size=11937 bytes
📝 Piece 0: offset=1830561, size=4447 bytes
📝 Piece 0: offset=1835008, size=16384 bytes
📝 Piece 0: offset=1851392, size=0 bytes
📝 Piece 0: offset=1851392, size=11911 bytes
📝 Piece 0: offset=1863303, size=4473 bytes
📝 Piece 0: offset=1867776, size=16384 bytes
📝 Piece 0: offset=1884160, size=0 bytes
.📝 Piece 0: offset=1900544, size=11885 bytes
📝 Piece 0: offset=1912429, size=4499 bytes
📝 Piece 0: offset=1884160, size=16384 bytes
📝 Piece 0: offset=1900544, size=0 bytes
📝 Piece 0: offset=1916928, size=11859 bytes
📝 Piece 0: offset=1928787, size=4525 bytes
📝 Piece 0: offset=1949696, size=16384 bytes
📝 Piece 0: offset=1966080, size=0 bytes
📝 Piece 0: offset=1933312, size=11833 bytes
📝 Piece 0: offset=1945145, size=4551 bytes
📝 Piece 0: offset=1966080, size=16384 bytes
📝 Piece 0: offset=1982464, size=0 bytes
📝 Piece 0: offset=1982464, size=11807 bytes
📝 Piece 0: offset=1994271, size=4577 bytes
📝 Piece 0: offset=1998848, size=16384 bytes
📝 Piece 0: offset=2015232, size=0 bytes
📝 Piece 0: offset=2015232, size=11781 bytes
📝 Piece 0: offset=2027013, size=4603 bytes
📝 Piece 0: offset=2031616, size=16384 bytes
📝 Piece 0: offset=2048000, size=0 bytes
📝 Piece 0: offset=2048000, size=11755 bytes
📝 Piece 0: offset=2059755, size=4629 bytes
📝 Piece 0: offset=2064384, size=16384 bytes
📝 Piece 0: offset=2080768, size=0 bytes
📊 live: 0.00% (0 / 85.0Gi) [down speed: 0.18 MiB/s, eta: 130h 45m, up speed: 0.00 MiB/s]
.📝 Piece 0: offset=2080768, size=11729 bytes
📝 Piece 0: offset=2092497, size=4655 bytes
📝 Piece 0: offset=2097152, size=16384 bytes
📝 Piece 0: offset=2113536, size=0 bytes
📝 Piece 0: offset=2113536, size=11703 bytes
📝 Piece 0: offset=2125239, size=4681 bytes
📝 Piece 0: offset=2129920, size=16384 bytes
📝 Piece 0: offset=2146304, size=0 bytes
📝 Piece 0: offset=2162688, size=11677 bytes
📝 Piece 0: offset=2174365, size=4707 bytes
📝 Piece 0: offset=2146304, size=16384 bytes
📝 Piece 0: offset=2162688, size=0 bytes
📝 Piece 0: offset=2179072, size=11651 bytes
📝 Piece 0: offset=2190723, size=4733 bytes
📝 Piece 0: offset=2195456, size=16384 bytes
📝 Piece 0: offset=2211840, size=0 bytes
📝 Piece 0: offset=2211840, size=11625 bytes
📝 Piece 0: offset=2223465, size=4759 bytes
📝 Piece 0: offset=2228224, size=16384 bytes
📝 Piece 0: offset=2244608, size=0 bytes
📝 Piece 0: offset=2244608, size=11599 bytes
📝 Piece 0: offset=2256207, size=4785 bytes
📝 Piece 0: offset=2260992, size=16384 bytes
📝 Piece 0: offset=2277376, size=0 bytes
📝 Piece 0: offset=2277376, size=11573 bytes
📝 Piece 0: offset=2288949, size=4811 bytes
📝 Piece 0: offset=2293760, size=16384 bytes
📝 Piece 0: offset=2310144, size=0 bytes
📝 Piece 0: offset=2310144, size=11547 bytes
📝 Piece 0: offset=2321691, size=4837 bytes
.📝 Piece 0: offset=2326528, size=16384 bytes
📝 Piece 0: offset=2342912, size=0 bytes
📝 Piece 0: offset=2342912, size=11521 bytes
📝 Piece 0: offset=2354433, size=4863 bytes
📝 Piece 0: offset=2359296, size=16384 bytes
📝 Piece 0: offset=2375680, size=0 bytes
📝 Piece 0: offset=2375680, size=11495 bytes
📝 Piece 0: offset=2387175, size=4889 bytes
📝 Piece 0: offset=2392064, size=16384 bytes
📝 Piece 0: offset=2408448, size=0 bytes
📝 Piece 0: offset=2408448, size=11469 bytes
📝 Piece 0: offset=2419917, size=4915 bytes
📝 Piece 0: offset=2424832, size=16384 bytes
📝 Piece 0: offset=2441216, size=0 bytes
📝 Piece 0: offset=2441216, size=11443 bytes
📝 Piece 0: offset=2452659, size=4941 bytes
📝 Piece 0: offset=2457600, size=16384 bytes
📝 Piece 0: offset=2473984, size=0 bytes
📝 Piece 0: offset=2473984, size=11417 bytes
📝 Piece 0: offset=2485401, size=4967 bytes
📝 Piece 0: offset=2490368, size=16384 bytes
📝 Piece 0: offset=2506752, size=0 bytes
📝 Piece 0: offset=2506752, size=11391 bytes
📝 Piece 0: offset=2518143, size=4993 bytes
📝 Piece 0: offset=2523136, size=16384 bytes
📝 Piece 0: offset=2539520, size=0 bytes
📝 Piece 0: offset=2539520, size=11365 bytes
📝 Piece 0: offset=2550885, size=5019 bytes
📝 Piece 0: offset=2555904, size=16384 bytes
📝 Piece 0: offset=2572288, size=0 bytes
📝 Piece 0: offset=2572288, size=11339 bytes
📝 Piece 0: offset=2583627, size=5045 bytes
📝 Piece 0: offset=2588672, size=16384 bytes
📝 Piece 0: offset=2605056, size=0 bytes
📝 Piece 0: offset=2605056, size=11313 bytes
📝 Piece 0: offset=2616369, size=5071 bytes
📝 Piece 0: offset=2621440, size=16384 bytes
📝 Piece 0: offset=2637824, size=0 bytes
📝 Piece 0: offset=2637824, size=11287 bytes
📝 Piece 0: offset=2649111, size=5097 bytes
📝 Piece 0: offset=2654208, size=16384 bytes
📝 Piece 0: offset=2670592, size=0 bytes
📝 Piece 0: offset=2686976, size=11261 bytes
📝 Piece 0: offset=2698237, size=5123 bytes
.📝 Piece 0: offset=2670592, size=16384 bytes
📝 Piece 0: offset=2686976, size=0 bytes
📝 Piece 0: offset=2703360, size=11235 bytes
📝 Piece 0: offset=2714595, size=5149 bytes
📝 Piece 0: offset=2719744, size=16384 bytes
📝 Piece 0: offset=2736128, size=0 bytes
📝 Piece 0: offset=2752512, size=11209 bytes
📝 Piece 0: offset=2763721, size=5175 bytes
📝 Piece 0: offset=2736128, size=16384 bytes
📝 Piece 0: offset=2752512, size=0 bytes
📝 Piece 0: offset=2768896, size=11183 bytes
📝 Piece 0: offset=2780079, size=5201 bytes
📝 Piece 0: offset=2801664, size=16384 bytes
📝 Piece 0: offset=2818048, size=0 bytes
📝 Piece 0: offset=2785280, size=11157 bytes
📝 Piece 0: offset=2796437, size=5227 bytes
📝 Piece 0: offset=2818048, size=16384 bytes
📝 Piece 0: offset=2834432, size=0 bytes
📝 Piece 0: offset=2834432, size=11131 bytes
📝 Piece 0: offset=2845563, size=5253 bytes
📝 Piece 0: offset=2867200, size=16384 bytes
📝 Piece 0: offset=2883584, size=0 bytes
📝 Piece 0: offset=2850816, size=11105 bytes
📝 Piece 0: offset=2861921, size=5279 bytes
📝 Piece 0: offset=2883584, size=16384 bytes
📝 Piece 0: offset=2899968, size=0 bytes
📝 Piece 0: offset=2916352, size=11079 bytes
📝 Piece 0: offset=2927431, size=5305 bytes
📝 Piece 0: offset=2899968, size=16384 bytes
📝 Piece 0: offset=2916352, size=0 bytes
📝 Piece 0: offset=2932736, size=11053 bytes
📝 Piece 0: offset=2943789, size=5331 bytes
📝 Piece 0: offset=2949120, size=16384 bytes
📝 Piece 0: offset=2965504, size=0 bytes
📝 Piece 0: offset=2981888, size=11027 bytes
📝 Piece 0: offset=2992915, size=5357 bytes
📝 Piece 0: offset=2965504, size=16384 bytes
📝 Piece 0: offset=2981888, size=0 bytes
📝 Piece 0: offset=3014656, size=11001 bytes
📝 Piece 0: offset=3025657, size=5383 bytes
📝 Piece 0: offset=2998272, size=16384 bytes
📝 Piece 0: offset=3014656, size=0 bytes
📝 Piece 0: offset=3031040, size=10975 bytes
📝 Piece 0: offset=3042015, size=5409 bytes
📝 Piece 0: offset=3047424, size=16384 bytes
📝 Piece 0: offset=3063808, size=0 bytes
.📝 Piece 0: offset=3063808, size=10949 bytes
📝 Piece 0: offset=3074757, size=5435 bytes
📝 Piece 0: offset=3080192, size=16384 bytes
📝 Piece 0: offset=3096576, size=0 bytes
📝 Piece 0: offset=3096576, size=10923 bytes
📝 Piece 0: offset=3107499, size=5461 bytes
📝 Piece 0: offset=3129344, size=16384 bytes
📝 Piece 0: offset=3145728, size=0 bytes
📝 Piece 0: offset=3112960, size=10897 bytes
📝 Piece 0: offset=3123857, size=5487 bytes
📝 Piece 0: offset=3145728, size=16384 bytes
📝 Piece 0: offset=3162112, size=0 bytes
📝 Piece 0: offset=3178496, size=10871 bytes
📝 Piece 0: offset=3189367, size=5513 bytes
📝 Piece 0: offset=3162112, size=16384 bytes
📝 Piece 0: offset=3178496, size=0 bytes
📝 Piece 0: offset=3194880, size=10845 bytes
📝 Piece 0: offset=3205725, size=5539 bytes
📝 Piece 0: offset=3211264, size=16384 bytes
📝 Piece 0: offset=3227648, size=0 bytes
📝 Piece 0: offset=3227648, size=10819 bytes
📝 Piece 0: offset=3238467, size=5565 bytes
📝 Piece 0: offset=3244032, size=16384 bytes
📝 Piece 0: offset=3260416, size=0 bytes
📝 Piece 0: offset=3260416, size=10793 bytes
📝 Piece 0: offset=3271209, size=5591 bytes
📝 Piece 0: offset=3293184, size=16384 bytes
📝 Piece 0: offset=3309568, size=0 bytes
📝 Piece 0: offset=3309568, size=10767 bytes
📝 Piece 0: offset=3320335, size=5617 bytes
📝 Piece 0: offset=3276800, size=16384 bytes
📝 Piece 0: offset=3293184, size=0 bytes
📝 Piece 0: offset=3325952, size=10741 bytes
📝 Piece 0: offset=3336693, size=5643 bytes
📝 Piece 0: offset=3342336, size=16384 bytes
📝 Piece 0: offset=3358720, size=0 bytes
📝 Piece 0: offset=3358720, size=10715 bytes
📝 Piece 0: offset=3369435, size=5669 bytes
📝 Piece 0: offset=3375104, size=16384 bytes
📝 Piece 0: offset=3391488, size=0 bytes
.📝 Piece 0: offset=3391488, size=10689 bytes
📝 Piece 0: offset=3402177, size=5695 bytes
📝 Piece 0: offset=3407872, size=16384 bytes
📝 Piece 0: offset=3424256, size=0 bytes
📝 Piece 0: offset=3424256, size=10663 bytes
📝 Piece 0: offset=3434919, size=5721 bytes
📝 Piece 0: offset=3440640, size=16384 bytes
📝 Piece 0: offset=3457024, size=0 bytes
📝 Piece 0: offset=3457024, size=10637 bytes
📝 Piece 0: offset=3467661, size=5747 bytes
📝 Piece 0: offset=3473408, size=16384 bytes
📝 Piece 0: offset=3489792, size=0 bytes
📝 Piece 0: offset=3506176, size=10611 bytes
📝 Piece 0: offset=3516787, size=5773 bytes
📝 Piece 0: offset=3489792, size=16384 bytes
📝 Piece 0: offset=3506176, size=0 bytes
📝 Piece 0: offset=3522560, size=10585 bytes
📝 Piece 0: offset=3533145, size=5799 bytes
📝 Piece 0: offset=3538944, size=16384 bytes
📝 Piece 0: offset=3555328, size=0 bytes
📝 Piece 0: offset=3555328, size=10559 bytes
📝 Piece 0: offset=3565887, size=5825 bytes
📝 Piece 0: offset=3571712, size=16384 bytes
📝 Piece 0: offset=3588096, size=0 bytes
📝 Piece 0: offset=3588096, size=10533 bytes
📝 Piece 0: offset=3598629, size=5851 bytes
📝 Piece 0: offset=3604480, size=16384 bytes
📝 Piece 0: offset=3620864, size=0 bytes
📝 Piece 0: offset=3620864, size=10507 bytes
📝 Piece 0: offset=3631371, size=5877 bytes
📝 Piece 0: offset=3637248, size=16384 bytes
📝 Piece 0: offset=3653632, size=0 bytes
📝 Piece 0: offset=3653632, size=10481 bytes
📝 Piece 0: offset=3664113, size=5903 bytes
📝 Piece 0: offset=3686400, size=16384 bytes
📝 Piece 0: offset=3702784, size=0 bytes
📝 Piece 0: offset=3670016, size=10455 bytes
📝 Piece 0: offset=3680471, size=5929 bytes
📊 live: 0.00% (0 / 85.0Gi) [down speed: 0.28 MiB/s, eta: 86h 55m, up speed: 0.00 MiB/s]
.📝 Piece 0: offset=3702784, size=16384 bytes
📝 Piece 0: offset=3719168, size=0 bytes
📝 Piece 0: offset=3719168, size=10429 bytes
📝 Piece 0: offset=3729597, size=5955 bytes
📝 Piece 0: offset=3751936, size=16384 bytes
📝 Piece 0: offset=3768320, size=0 bytes
📝 Piece 0: offset=3735552, size=10403 bytes
📝 Piece 0: offset=3745955, size=5981 bytes
📝 Piece 0: offset=3768320, size=16384 bytes
📝 Piece 0: offset=3784704, size=0 bytes
📝 Piece 0: offset=3784704, size=10377 bytes
📝 Piece 0: offset=3795081, size=6007 bytes
📝 Piece 0: offset=3801088, size=16384 bytes
📝 Piece 0: offset=3817472, size=0 bytes
📝 Piece 0: offset=3817472, size=10351 bytes
📝 Piece 0: offset=3827823, size=6033 bytes
📝 Piece 0: offset=3833856, size=16384 bytes
📝 Piece 0: offset=3850240, size=0 bytes
📝 Piece 0: offset=3850240, size=10325 bytes
📝 Piece 0: offset=3860565, size=6059 bytes
📝 Piece 0: offset=3866624, size=16384 bytes
📝 Piece 0: offset=3883008, size=0 bytes
📝 Piece 0: offset=3883008, size=10299 bytes
📝 Piece 0: offset=3893307, size=6085 bytes
📝 Piece 0: offset=3899392, size=16384 bytes
📝 Piece 0: offset=3915776, size=0 bytes
📝 Piece 0: offset=3915776, size=10273 bytes
📝 Piece 0: offset=3926049, size=6111 bytes
📝 Piece 0: offset=3932160, size=16384 bytes
📝 Piece 0: offset=3948544, size=0 bytes
📝 Piece 0: offset=3948544, size=10247 bytes
📝 Piece 0: offset=3958791, size=6137 bytes
📝 Piece 0: offset=3981312, size=16384 bytes
📝 Piece 0: offset=3997696, size=0 bytes
📝 Piece 0: offset=3964928, size=10221 bytes
📝 Piece 0: offset=3975149, size=6163 bytes
📝 Piece 0: offset=3997696, size=16384 bytes
📝 Piece 0: offset=4014080, size=0 bytes
📝 Piece 0: offset=4014080, size=10195 bytes
📝 Piece 0: offset=4024275, size=6189 bytes
📝 Piece 0: offset=4030464, size=16384 bytes
📝 Piece 0: offset=4046848, size=0 bytes
.📝 Piece 0: offset=4046848, size=10169 bytes
📝 Piece 0: offset=4057017, size=6215 bytes
📝 Piece 0: offset=4063232, size=16384 bytes
📝 Piece 0: offset=4079616, size=0 bytes
📝 Piece 0: offset=4079616, size=10143 bytes
📝 Piece 0: offset=4089759, size=6241 bytes
📝 Piece 0: offset=4096000, size=16384 bytes
📝 Piece 0: offset=4112384, size=0 bytes
📝 Piece 0: offset=4128768, size=10117 bytes
📝 Piece 0: offset=4138885, size=6267 bytes
📝 Piece 0: offset=4112384, size=16384 bytes
📝 Piece 0: offset=4128768, size=0 bytes
📝 Piece 0: offset=4145152, size=10091 bytes
📝 Piece 0: offset=4155243, size=6293 bytes
📝 Piece 0: offset=4177920, size=16384 bytes
📝 Piece 1: offset=4194304, size=0 bytes
📝 Piece 0: offset=4161536, size=10065 bytes
📝 Piece 0: offset=4171601, size=6319 bytes
...📊 live: 0.00% (0 / 85.0Gi) [down speed: 0.00 MiB/s, up speed: 0.00 MiB/s]
.....📊 live: 0.00% (0 / 85.0Gi) [down speed: 0.00 MiB/s, up speed: 0.00 MiB/s]
.....📊 live: 0.00% (0 / 85.0Gi) [down speed: 0.00 MiB/s, up speed: 0.00 MiB/s]
.....📊 live: 0.00% (0 / 85.0Gi) [down speed: 0.00 MiB/s, up speed: 0.00 MiB/s]
.....📊 live: 0.00% (0 / 85.0Gi) [down speed: 0.00 MiB/s, up speed: 0.00 MiB/s]
.....📊 live: 0.00% (0 / 85.0Gi) [down speed: 0.00 MiB/s, up speed: 0.00 MiB/s]
.....📊 live: 0.00% (0 / 85.0Gi) [down speed: 0.00 MiB/s, up speed: 0.00 MiB/s]
.....📊 live: 0.00% (0 / 85.0Gi) [down speed: 0.00 MiB/s, up speed: 0.00 MiB/s]
.....📊 live: 0.00% (0 / 85.0Gi) [down speed: 0.00 MiB/s, up speed: 0.00 MiB/s]
.....📊 live: 0.00% (0 / 85.0Gi) [down speed: 0.00 MiB/s, up speed: 0.00 MiB/s]
.....📊 live: 0.00% (0 / 85.0Gi) [down speed: 0.00 MiB/s, up speed: 0.00 MiB/s]
.....📊 live: 0.00% (0 / 85.0Gi) [down speed: 0.00 MiB/s, up speed: 0.00 MiB/s]
.....📊 live: 0.00% (0 / 85.0Gi) [down speed: 0.00 MiB/s, up speed: 0.00 MiB/s]
.....📊 live: 0.00% (0 / 85.0Gi) [down speed: 0.00 MiB/s, up speed: 0.00 MiB/s]
.....📊 live: 0.00% (0 / 85.0Gi) [down speed: 0.00 MiB/s, up speed: 0.00 MiB/s]
.....📊 live: 0.00% (0 / 85.0Gi) [down speed: 0.00 MiB/s, up speed: 0.00 MiB/s]
.....📊 live: 0.00% (0 / 85.0Gi) [down speed: 0.00 MiB/s, up speed: 0.00 MiB/s]
.....📊 live: 0.00% (0 / 85.0Gi) [down speed: 0.00 MiB/s, up speed: 0.00 MiB/s]
.....📊 live: 0.00% (0 / 85.0Gi) [down speed: 0.00 MiB/s, up speed: 0.00 MiB/s]
.....📊 live: 0.00% (0 / 85.0Gi) [down speed: 0.00 MiB/s, up speed: 0.00 MiB/s]
.....📊 live: 0.00% (0 / 85.0Gi) [down speed: 0.00 MiB/s, up speed: 0.00 MiB/s]
.....📊 live: 0.00% (0 / 85.0Gi) [down speed: 0.00 MiB/s, up speed: 0.00 MiB/s]
.....📊 live: 0.00% (0 / 85.0Gi) [down speed: 0.00 MiB/s, up speed: 0.00 MiB/s]
.....📊 live: 0.00% (0 / 85.0Gi) [down speed: 0.00 MiB/s, up speed: 0.00 MiB/s]
.📝 Piece 0: offset=0, size=16384 bytes
📝 Piece 0: offset=16384, size=0 bytes
📝 Piece 0: offset=16384, size=13339 bytes
📝 Piece 0: offset=29723, size=3045 bytes
📝 Piece 0: offset=32768, size=16384 bytes
📝 Piece 0: offset=49152, size=0 bytes
📝 Piece 0: offset=49152, size=13313 bytes
📝 Piece 0: offset=62465, size=3071 bytes
📝 Piece 0: offset=65536, size=16384 bytes
📝 Piece 0: offset=81920, size=0 bytes
📝 Piece 0: offset=81920, size=13287 bytes
📝 Piece 0: offset=95207, size=3097 bytes
📝 Piece 0: offset=98304, size=16384 bytes
📝 Piece 0: offset=114688, size=0 bytes
📝 Piece 0: offset=114688, size=13261 bytes
📝 Piece 0: offset=127949, size=3123 bytes
📝 Piece 0: offset=131072, size=16384 bytes
📝 Piece 0: offset=147456, size=0 bytes
📝 Piece 0: offset=147456, size=13235 bytes
📝 Piece 0: offset=160691, size=3149 bytes
📝 Piece 0: offset=163840, size=16384 bytes
📝 Piece 0: offset=180224, size=0 bytes
📝 Piece 0: offset=180224, size=13209 bytes
📝 Piece 0: offset=193433, size=3175 bytes
📝 Piece 0: offset=196608, size=16384 bytes
📝 Piece 0: offset=212992, size=0 bytes
📝 Piece 0: offset=212992, size=13183 bytes
📝 Piece 0: offset=226175, size=3201 bytes
📝 Piece 0: offset=229376, size=16384 bytes
📝 Piece 0: offset=245760, size=0 bytes
📝 Piece 0: offset=245760, size=13157 bytes
📝 Piece 0: offset=258917, size=3227 bytes
📝 Piece 0: offset=262144, size=16384 bytes
📝 Piece 0: offset=278528, size=0 bytes
📝 Piece 0: offset=278528, size=13131 bytes
📝 Piece 0: offset=291659, size=3253 bytes
📝 Piece 0: offset=294912, size=16384 bytes
📝 Piece 0: offset=311296, size=0 bytes
📝 Piece 0: offset=311296, size=13105 bytes
📝 Piece 0: offset=324401, size=3279 bytes
📝 Piece 0: offset=327680, size=16384 bytes
📝 Piece 0: offset=344064, size=0 bytes
📝 Piece 0: offset=344064, size=13079 bytes
📝 Piece 0: offset=357143, size=3305 bytes
📝 Piece 0: offset=360448, size=16384 bytes
📝 Piece 0: offset=376832, size=0 bytes
📝 Piece 0: offset=376832, size=13053 bytes
📝 Piece 0: offset=389885, size=3331 bytes
📝 Piece 0: offset=393216, size=16384 bytes
📝 Piece 0: offset=409600, size=0 bytes
📝 Piece 0: offset=409600, size=13027 bytes
📝 Piece 0: offset=422627, size=3357 bytes
📝 Piece 0: offset=425984, size=16384 bytes
📝 Piece 0: offset=442368, size=0 bytes
📝 Piece 0: offset=442368, size=13001 bytes
📝 Piece 0: offset=455369, size=3383 bytes
📝 Piece 0: offset=458752, size=16384 bytes
📝 Piece 0: offset=475136, size=0 bytes
📝 Piece 0: offset=475136, size=12975 bytes
📝 Piece 0: offset=488111, size=3409 bytes
📝 Piece 0: offset=491520, size=16384 bytes
📝 Piece 0: offset=507904, size=0 bytes
📝 Piece 0: offset=507904, size=12949 bytes
📝 Piece 0: offset=520853, size=3435 bytes
📝 Piece 0: offset=524288, size=16384 bytes
📝 Piece 0: offset=540672, size=0 bytes
📝 Piece 0: offset=540672, size=12923 bytes
📝 Piece 0: offset=553595, size=3461 bytes
📝 Piece 0: offset=557056, size=16384 bytes
📝 Piece 0: offset=573440, size=0 bytes
📝 Piece 0: offset=573440, size=12897 bytes
📝 Piece 0: offset=586337, size=3487 bytes
📝 Piece 0: offset=589824, size=16384 bytes
📝 Piece 0: offset=606208, size=0 bytes
📝 Piece 0: offset=606208, size=12871 bytes
📝 Piece 0: offset=619079, size=3513 bytes
📝 Piece 0: offset=622592, size=16384 bytes
📝 Piece 0: offset=638976, size=0 bytes
📝 Piece 0: offset=638976, size=12845 bytes
📝 Piece 0: offset=651821, size=3539 bytes
📝 Piece 0: offset=655360, size=16384 bytes
📝 Piece 0: offset=671744, size=0 bytes
📝 Piece 0: offset=671744, size=12819 bytes
📝 Piece 0: offset=684563, size=3565 bytes
📝 Piece 0: offset=688128, size=16384 bytes
📝 Piece 0: offset=704512, size=0 bytes
📝 Piece 0: offset=704512, size=12793 bytes
📝 Piece 0: offset=717305, size=3591 bytes
📝 Piece 0: offset=720896, size=16384 bytes
📝 Piece 0: offset=737280, size=0 bytes
📝 Piece 0: offset=737280, size=12767 bytes
📝 Piece 0: offset=750047, size=3617 bytes
📝 Piece 0: offset=753664, size=16384 bytes
📝 Piece 0: offset=770048, size=0 bytes
📝 Piece 0: offset=770048, size=12741 bytes
📝 Piece 0: offset=782789, size=3643 bytes
📝 Piece 0: offset=786432, size=16384 bytes
📝 Piece 0: offset=802816, size=0 bytes
📝 Piece 0: offset=802816, size=12715 bytes
📝 Piece 0: offset=815531, size=3669 bytes
📝 Piece 0: offset=819200, size=16384 bytes
📝 Piece 0: offset=835584, size=0 bytes
📝 Piece 0: offset=835584, size=12689 bytes
📝 Piece 0: offset=848273, size=3695 bytes
📝 Piece 0: offset=851968, size=16384 bytes
📝 Piece 0: offset=868352, size=0 bytes
📝 Piece 0: offset=868352, size=12663 bytes
📝 Piece 0: offset=881015, size=3721 bytes
.📝 Piece 0: offset=884736, size=16384 bytes
📝 Piece 0: offset=901120, size=0 bytes
📝 Piece 0: offset=901120, size=12637 bytes
📝 Piece 0: offset=913757, size=3747 bytes
📝 Piece 0: offset=917504, size=16384 bytes
📝 Piece 0: offset=933888, size=0 bytes
📝 Piece 0: offset=933888, size=12611 bytes
📝 Piece 0: offset=946499, size=3773 bytes
📝 Piece 0: offset=950272, size=16384 bytes
📝 Piece 0: offset=966656, size=0 bytes
📝 Piece 0: offset=966656, size=12585 bytes
📝 Piece 0: offset=979241, size=3799 bytes
📝 Piece 0: offset=983040, size=16384 bytes
📝 Piece 0: offset=999424, size=0 bytes
📝 Piece 0: offset=999424, size=12559 bytes
📝 Piece 0: offset=1011983, size=3825 bytes
📝 Piece 0: offset=1015808, size=16384 bytes
📝 Piece 0: offset=1032192, size=0 bytes
📝 Piece 0: offset=1032192, size=12533 bytes
📝 Piece 0: offset=1044725, size=3851 bytes
📝 Piece 0: offset=1048576, size=16384 bytes
📝 Piece 0: offset=1064960, size=0 bytes
📝 Piece 0: offset=1064960, size=12507 bytes
📝 Piece 0: offset=1077467, size=3877 bytes
📝 Piece 0: offset=1081344, size=16384 bytes
📝 Piece 0: offset=1097728, size=0 bytes
📝 Piece 0: offset=1097728, size=12481 bytes
📝 Piece 0: offset=1110209, size=3903 bytes
📝 Piece 0: offset=1114112, size=16384 bytes
📝 Piece 0: offset=1130496, size=0 bytes
📝 Piece 0: offset=1130496, size=12455 bytes
📝 Piece 0: offset=1142951, size=3929 bytes
📝 Piece 0: offset=1146880, size=16384 bytes
📝 Piece 0: offset=1163264, size=0 bytes
📝 Piece 0: offset=1163264, size=12429 bytes
📝 Piece 0: offset=1175693, size=3955 bytes
📝 Piece 0: offset=1179648, size=16384 bytes
📝 Piece 0: offset=1196032, size=0 bytes
📝 Piece 0: offset=1196032, size=12403 bytes
📝 Piece 0: offset=1208435, size=3981 bytes
📝 Piece 0: offset=1212416, size=16384 bytes
📝 Piece 0: offset=1228800, size=0 bytes
📝 Piece 0: offset=1228800, size=12377 bytes
📝 Piece 0: offset=1241177, size=4007 bytes
📝 Piece 0: offset=1245184, size=16384 bytes
📝 Piece 0: offset=1261568, size=0 bytes
📝 Piece 0: offset=1261568, size=12351 bytes
📝 Piece 0: offset=1273919, size=4033 bytes
📝 Piece 0: offset=1277952, size=16384 bytes
📝 Piece 0: offset=1294336, size=0 bytes
📝 Piece 0: offset=1294336, size=12325 bytes
📝 Piece 0: offset=1306661, size=4059 bytes
📝 Piece 0: offset=1310720, size=16384 bytes
📝 Piece 0: offset=1327104, size=0 bytes
📝 Piece 0: offset=1327104, size=12299 bytes
📝 Piece 0: offset=1339403, size=4085 bytes
📝 Piece 0: offset=1343488, size=16384 bytes
📝 Piece 0: offset=1359872, size=0 bytes
📝 Piece 0: offset=1359872, size=12273 bytes
📝 Piece 0: offset=1372145, size=4111 bytes
📝 Piece 0: offset=1376256, size=16384 bytes
📝 Piece 0: offset=1392640, size=0 bytes
📝 Piece 0: offset=1392640, size=12247 bytes
📝 Piece 0: offset=1404887, size=4137 bytes
📝 Piece 0: offset=1409024, size=16384 bytes
📝 Piece 0: offset=1425408, size=0 bytes
📝 Piece 0: offset=1425408, size=12221 bytes
📝 Piece 0: offset=1437629, size=4163 bytes
📝 Piece 0: offset=1441792, size=16384 bytes
📝 Piece 0: offset=1458176, size=0 bytes
📝 Piece 0: offset=1458176, size=12195 bytes
📝 Piece 0: offset=1470371, size=4189 bytes
📝 Piece 0: offset=1474560, size=16384 bytes
📝 Piece 0: offset=1490944, size=0 bytes
📝 Piece 0: offset=1490944, size=12169 bytes
📝 Piece 0: offset=1503113, size=4215 bytes
📝 Piece 0: offset=1507328, size=16384 bytes
📝 Piece 0: offset=1523712, size=0 bytes
📝 Piece 0: offset=1523712, size=12143 bytes
📝 Piece 0: offset=1535855, size=4241 bytes
📝 Piece 0: offset=1540096, size=16384 bytes
📝 Piece 0: offset=1556480, size=0 bytes
📝 Piece 0: offset=1556480, size=12117 bytes
📝 Piece 0: offset=1568597, size=4267 bytes
📝 Piece 0: offset=1572864, size=16384 bytes
📝 Piece 0: offset=1589248, size=0 bytes
📝 Piece 0: offset=1589248, size=12091 bytes
📝 Piece 0: offset=1601339, size=4293 bytes
📝 Piece 0: offset=1605632, size=16384 bytes
📝 Piece 0: offset=1622016, size=0 bytes
📝 Piece 0: offset=1622016, size=12065 bytes
📝 Piece 0: offset=1634081, size=4319 bytes
📝 Piece 0: offset=1638400, size=16384 bytes
📝 Piece 0: offset=1654784, size=0 bytes
📝 Piece 0: offset=1654784, size=12039 bytes
📝 Piece 0: offset=1666823, size=4345 bytes
📝 Piece 0: offset=1671168, size=16384 bytes
📝 Piece 0: offset=1687552, size=0 bytes
📝 Piece 0: offset=1687552, size=12013 bytes
📝 Piece 0: offset=1699565, size=4371 bytes
📝 Piece 0: offset=1703936, size=16384 bytes
📝 Piece 0: offset=1720320, size=0 bytes
📝 Piece 0: offset=1720320, size=11987 bytes
📝 Piece 0: offset=1732307, size=4397 bytes
📝 Piece 0: offset=1736704, size=16384 bytes
📝 Piece 0: offset=1753088, size=0 bytes
📝 Piece 0: offset=1753088, size=11961 bytes
📝 Piece 0: offset=1765049, size=4423 bytes
📝 Piece 0: offset=1769472, size=16384 bytes
📝 Piece 0: offset=1785856, size=0 bytes
📝 Piece 0: offset=1785856, size=11935 bytes
📝 Piece 0: offset=1797791, size=4449 bytes
📝 Piece 0: offset=1802240, size=16384 bytes
📝 Piece 0: offset=1818624, size=0 bytes
📝 Piece 0: offset=1818624, size=11909 bytes
📝 Piece 0: offset=1830533, size=4475 bytes
📝 Piece 0: offset=1835008, size=16384 bytes
📝 Piece 0: offset=1851392, size=0 bytes
📝 Piece 0: offset=1851392, size=11883 bytes
📝 Piece 0: offset=1863275, size=4501 bytes
📝 Piece 0: offset=1867776, size=16384 bytes
📝 Piece 0: offset=1884160, size=0 bytes
📝 Piece 0: offset=1884160, size=11857 bytes
📝 Piece 0: offset=1896017, size=4527 bytes
📝 Piece 0: offset=1900544, size=16384 bytes
📝 Piece 0: offset=1916928, size=0 bytes
📝 Piece 0: offset=1916928, size=11831 bytes
📝 Piece 0: offset=1928759, size=4553 bytes
📝 Piece 0: offset=1933312, size=16384 bytes
📝 Piece 0: offset=1949696, size=0 bytes
📝 Piece 0: offset=1949696, size=11805 bytes
📝 Piece 0: offset=1961501, size=4579 bytes
📝 Piece 0: offset=1966080, size=16384 bytes
📝 Piece 0: offset=1982464, size=0 bytes
📝 Piece 0: offset=1982464, size=11779 bytes
📝 Piece 0: offset=1994243, size=4605 bytes
📝 Piece 0: offset=1998848, size=16384 bytes
📝 Piece 0: offset=2015232, size=0 bytes
📝 Piece 0: offset=2015232, size=11753 bytes
📝 Piece 0: offset=2026985, size=4631 bytes
📝 Piece 0: offset=2031616, size=16384 bytes
📝 Piece 0: offset=2048000, size=0 bytes
📝 Piece 0: offset=2048000, size=11727 bytes
📝 Piece 0: offset=2059727, size=4657 bytes
📝 Piece 0: offset=2064384, size=16384 bytes
📝 Piece 0: offset=2080768, size=0 bytes
📝 Piece 0: offset=2080768, size=11701 bytes
📝 Piece 0: offset=2092469, size=4683 bytes
📝 Piece 0: offset=2097152, size=16384 bytes
📝 Piece 0: offset=2113536, size=0 bytes
📝 Piece 0: offset=2113536, size=11675 bytes
📝 Piece 0: offset=2125211, size=4709 bytes
📝 Piece 0: offset=2129920, size=16384 bytes
📝 Piece 0: offset=2146304, size=0 bytes
📝 Piece 0: offset=2146304, size=11649 bytes
📝 Piece 0: offset=2157953, size=4735 bytes
📝 Piece 0: offset=2162688, size=16384 bytes
📝 Piece 0: offset=2179072, size=0 bytes
📝 Piece 0: offset=2179072, size=11623 bytes
📝 Piece 0: offset=2190695, size=4761 bytes
📝 Piece 0: offset=2195456, size=16384 bytes
📝 Piece 0: offset=2211840, size=0 bytes
📝 Piece 0: offset=2211840, size=11597 bytes
📝 Piece 0: offset=2223437, size=4787 bytes
📝 Piece 0: offset=2228224, size=16384 bytes
📝 Piece 0: offset=2244608, size=0 bytes
📝 Piece 0: offset=2244608, size=11571 bytes
📝 Piece 0: offset=2256179, size=4813 bytes
📝 Piece 0: offset=2260992, size=16384 bytes
📝 Piece 0: offset=2277376, size=0 bytes
📝 Piece 0: offset=2277376, size=11545 bytes
📝 Piece 0: offset=2288921, size=4839 bytes
📝 Piece 0: offset=2293760, size=16384 bytes
📝 Piece 0: offset=2310144, size=0 bytes
📝 Piece 0: offset=2310144, size=11519 bytes
📝 Piece 0: offset=2321663, size=4865 bytes
📝 Piece 0: offset=2326528, size=16384 bytes
📝 Piece 0: offset=2342912, size=0 bytes
📝 Piece 0: offset=2342912, size=11493 bytes
📝 Piece 0: offset=2354405, size=4891 bytes
📝 Piece 0: offset=2359296, size=16384 bytes
📝 Piece 0: offset=2375680, size=0 bytes
📝 Piece 0: offset=2375680, size=11467 bytes
📝 Piece 0: offset=2387147, size=4917 bytes
📝 Piece 0: offset=2392064, size=16384 bytes
📝 Piece 0: offset=2408448, size=0 bytes
📝 Piece 0: offset=2408448, size=11441 bytes
📝 Piece 0: offset=2419889, size=4943 bytes
📝 Piece 0: offset=2424832, size=16384 bytes
📝 Piece 0: offset=2441216, size=0 bytes
📝 Piece 0: offset=2441216, size=11415 bytes
📝 Piece 0: offset=2452631, size=4969 bytes
📝 Piece 0: offset=2457600, size=16384 bytes
📝 Piece 0: offset=2473984, size=0 bytes
📝 Piece 0: offset=2473984, size=11389 bytes
📝 Piece 0: offset=2485373, size=4995 bytes
📝 Piece 0: offset=2490368, size=16384 bytes
📝 Piece 0: offset=2506752, size=0 bytes
📝 Piece 0: offset=2506752, size=11363 bytes
📝 Piece 0: offset=2518115, size=5021 bytes
📝 Piece 0: offset=2523136, size=16384 bytes
📝 Piece 0: offset=2539520, size=0 bytes
📝 Piece 0: offset=2539520, size=11337 bytes
📝 Piece 0: offset=2550857, size=5047 bytes
📝 Piece 0: offset=2555904, size=16384 bytes
📝 Piece 0: offset=2572288, size=0 bytes
📝 Piece 0: offset=2572288, size=11311 bytes
📝 Piece 0: offset=2583599, size=5073 bytes
📝 Piece 0: offset=2588672, size=16384 bytes
📝 Piece 0: offset=2605056, size=0 bytes
📝 Piece 0: offset=2605056, size=11285 bytes
📝 Piece 0: offset=2616341, size=5099 bytes
📝 Piece 0: offset=2621440, size=16384 bytes
📝 Piece 0: offset=2637824, size=0 bytes
📝 Piece 0: offset=2637824, size=11259 bytes
📝 Piece 0: offset=2649083, size=5125 bytes
📝 Piece 0: offset=2654208, size=16384 bytes
📝 Piece 0: offset=2670592, size=0 bytes
📝 Piece 0: offset=2670592, size=11233 bytes
📝 Piece 0: offset=2681825, size=5151 bytes
📝 Piece 0: offset=2686976, size=16384 bytes
📝 Piece 0: offset=2703360, size=0 bytes
📝 Piece 0: offset=2703360, size=11207 bytes
📝 Piece 0: offset=2714567, size=5177 bytes
📝 Piece 0: offset=2719744, size=16384 bytes
📝 Piece 0: offset=2736128, size=0 bytes
📝 Piece 0: offset=2736128, size=11181 bytes
📝 Piece 0: offset=2747309, size=5203 bytes
📝 Piece 0: offset=2752512, size=16384 bytes
📝 Piece 0: offset=2768896, size=0 bytes
📝 Piece 0: offset=2768896, size=11155 bytes
📝 Piece 0: offset=2780051, size=5229 bytes
📝 Piece 0: offset=2785280, size=16384 bytes
📝 Piece 0: offset=2801664, size=0 bytes
📝 Piece 0: offset=2801664, size=11129 bytes
📝 Piece 0: offset=2812793, size=5255 bytes
📝 Piece 0: offset=2818048, size=16384 bytes
📝 Piece 0: offset=2834432, size=0 bytes
📝 Piece 0: offset=2834432, size=11103 bytes
📝 Piece 0: offset=2845535, size=5281 bytes
📝 Piece 0: offset=2850816, size=16384 bytes
📝 Piece 0: offset=2867200, size=0 bytes
📝 Piece 0: offset=2867200, size=11077 bytes
📝 Piece 0: offset=2878277, size=5307 bytes
📝 Piece 0: offset=2883584, size=16384 bytes
📝 Piece 0: offset=2899968, size=0 bytes
📝 Piece 0: offset=2899968, size=11051 bytes
📝 Piece 0: offset=2911019, size=5333 bytes
📝 Piece 0: offset=2916352, size=16384 bytes
📝 Piece 0: offset=2932736, size=0 bytes
📝 Piece 0: offset=2932736, size=11025 bytes
📝 Piece 0: offset=2943761, size=5359 bytes
📝 Piece 0: offset=2949120, size=16384 bytes
📝 Piece 0: offset=2965504, size=0 bytes
📝 Piece 0: offset=2965504, size=10999 bytes
📝 Piece 0: offset=2976503, size=5385 bytes
📝 Piece 0: offset=2981888, size=16384 bytes
📝 Piece 0: offset=2998272, size=0 bytes
📝 Piece 0: offset=2998272, size=10973 bytes
📝 Piece 0: offset=3009245, size=5411 bytes
📝 Piece 0: offset=3014656, size=16384 bytes
📝 Piece 0: offset=3031040, size=0 bytes
📝 Piece 0: offset=3031040, size=10947 bytes
📝 Piece 0: offset=3041987, size=5437 bytes
📝 Piece 0: offset=3047424, size=16384 bytes
📝 Piece 0: offset=3063808, size=0 bytes
📝 Piece 0: offset=3063808, size=10921 bytes
📝 Piece 0: offset=3074729, size=5463 bytes
📝 Piece 0: offset=3080192, size=16384 bytes
📝 Piece 0: offset=3096576, size=0 bytes
📝 Piece 0: offset=3096576, size=10895 bytes
📝 Piece 0: offset=3107471, size=5489 bytes
📝 Piece 0: offset=3112960, size=16384 bytes
📝 Piece 0: offset=3129344, size=0 bytes
📝 Piece 0: offset=3129344, size=10869 bytes
📝 Piece 0: offset=3140213, size=5515 bytes
📝 Piece 0: offset=3145728, size=16384 bytes
📝 Piece 0: offset=3162112, size=0 bytes
📝 Piece 0: offset=3162112, size=10843 bytes
📝 Piece 0: offset=3172955, size=5541 bytes
📝 Piece 0: offset=3178496, size=16384 bytes
📝 Piece 0: offset=3194880, size=0 bytes
📝 Piece 0: offset=3194880, size=10817 bytes
📝 Piece 0: offset=3205697, size=5567 bytes
📝 Piece 0: offset=3211264, size=16384 bytes
📝 Piece 0: offset=3227648, size=0 bytes
📝 Piece 0: offset=3227648, size=10791 bytes
📝 Piece 0: offset=3238439, size=5593 bytes
📝 Piece 0: offset=3244032, size=16384 bytes
📝 Piece 0: offset=3260416, size=0 bytes
📝 Piece 0: offset=3260416, size=10765 bytes
📝 Piece 0: offset=3271181, size=5619 bytes
📝 Piece 0: offset=3276800, size=16384 bytes
📝 Piece 0: offset=3293184, size=0 bytes
📝 Piece 0: offset=3293184, size=10739 bytes
📝 Piece 0: offset=3303923, size=5645 bytes
📝 Piece 0: offset=3309568, size=16384 bytes
📝 Piece 0: offset=3325952, size=0 bytes
📝 Piece 0: offset=3325952, size=10713 bytes
📝 Piece 0: offset=3336665, size=5671 bytes
📝 Piece 0: offset=3342336, size=16384 bytes
📝 Piece 0: offset=3358720, size=0 bytes
📝 Piece 0: offset=3358720, size=10687 bytes
📝 Piece 0: offset=3369407, size=5697 bytes
📝 Piece 0: offset=3375104, size=16384 bytes
📝 Piece 0: offset=3391488, size=0 bytes
📝 Piece 0: offset=3391488, size=10661 bytes
📝 Piece 0: offset=3402149, size=5723 bytes
📝 Piece 0: offset=3407872, size=16384 bytes
📝 Piece 0: offset=3424256, size=0 bytes
📝 Piece 0: offset=3424256, size=10635 bytes
📝 Piece 0: offset=3434891, size=5749 bytes
📝 Piece 0: offset=3440640, size=16384 bytes
📝 Piece 0: offset=3457024, size=0 bytes
📝 Piece 0: offset=3457024, size=10609 bytes
📝 Piece 0: offset=3467633, size=5775 bytes
📝 Piece 0: offset=3473408, size=16384 bytes
📝 Piece 0: offset=3489792, size=0 bytes
📝 Piece 0: offset=3489792, size=10583 bytes
📝 Piece 0: offset=3500375, size=5801 bytes
📝 Piece 0: offset=3506176, size=16384 bytes
📝 Piece 0: offset=3522560, size=0 bytes
📝 Piece 0: offset=3522560, size=10557 bytes
📝 Piece 0: offset=3533117, size=5827 bytes
📝 Piece 0: offset=3538944, size=16384 bytes
📝 Piece 0: offset=3555328, size=0 bytes
📝 Piece 0: offset=3555328, size=10531 bytes
📝 Piece 0: offset=3565859, size=5853 bytes
📝 Piece 0: offset=3571712, size=16384 bytes
📝 Piece 0: offset=3588096, size=0 bytes
📝 Piece 0: offset=3588096, size=10505 bytes
📝 Piece 0: offset=3598601, size=5879 bytes
📝 Piece 0: offset=3604480, size=16384 bytes
📝 Piece 0: offset=3620864, size=0 bytes
📝 Piece 0: offset=3620864, size=10479 bytes
📝 Piece 0: offset=3631343, size=5905 bytes
📝 Piece 0: offset=3637248, size=16384 bytes
📝 Piece 0: offset=3653632, size=0 bytes
📝 Piece 0: offset=3653632, size=10453 bytes
📝 Piece 0: offset=3664085, size=5931 bytes
📝 Piece 0: offset=3670016, size=16384 bytes
📝 Piece 0: offset=3686400, size=0 bytes
📝 Piece 0: offset=3686400, size=10427 bytes
📝 Piece 0: offset=3696827, size=5957 bytes
📝 Piece 0: offset=3702784, size=16384 bytes
📝 Piece 0: offset=3719168, size=0 bytes
📝 Piece 0: offset=3719168, size=10401 bytes
📝 Piece 0: offset=3729569, size=5983 bytes
📝 Piece 0: offset=3735552, size=16384 bytes
📝 Piece 0: offset=3751936, size=0 bytes
📝 Piece 0: offset=3751936, size=10375 bytes
📝 Piece 0: offset=3762311, size=6009 bytes
📝 Piece 0: offset=3768320, size=16384 bytes
📝 Piece 0: offset=3784704, size=0 bytes
📝 Piece 0: offset=3784704, size=10349 bytes
📝 Piece 0: offset=3795053, size=6035 bytes
📝 Piece 0: offset=3801088, size=16384 bytes
📝 Piece 0: offset=3817472, size=0 bytes
📝 Piece 0: offset=3817472, size=10323 bytes
📝 Piece 0: offset=3827795, size=6061 bytes
📝 Piece 0: offset=3833856, size=16384 bytes
📝 Piece 0: offset=3850240, size=0 bytes
📝 Piece 0: offset=3850240, size=10297 bytes
📝 Piece 0: offset=3860537, size=6087 bytes
📝 Piece 0: offset=3866624, size=16384 bytes
📝 Piece 0: offset=3883008, size=0 bytes
📝 Piece 0: offset=3883008, size=10271 bytes
📝 Piece 0: offset=3893279, size=6113 bytes
📝 Piece 0: offset=3899392, size=16384 bytes
📝 Piece 0: offset=3915776, size=0 bytes
📝 Piece 0: offset=3915776, size=10245 bytes
📝 Piece 0: offset=3926021, size=6139 bytes
📝 Piece 0: offset=3932160, size=16384 bytes
📝 Piece 0: offset=3948544, size=0 bytes
📝 Piece 0: offset=3948544, size=10219 bytes
📝 Piece 0: offset=3958763, size=6165 bytes
📝 Piece 0: offset=3964928, size=16384 bytes
📝 Piece 0: offset=3981312, size=0 bytes
📝 Piece 0: offset=3981312, size=10193 bytes
📝 Piece 0: offset=3991505, size=6191 bytes
📝 Piece 0: offset=3997696, size=16384 bytes
📝 Piece 0: offset=4014080, size=0 bytes
📝 Piece 0: offset=4014080, size=10167 bytes
📝 Piece 0: offset=4024247, size=6217 bytes
📝 Piece 0: offset=4030464, size=16384 bytes
📝 Piece 0: offset=4046848, size=0 bytes
📝 Piece 0: offset=4046848, size=10141 bytes
📝 Piece 0: offset=4056989, size=6243 bytes
📝 Piece 0: offset=4063232, size=16384 bytes
📝 Piece 0: offset=4079616, size=0 bytes
📝 Piece 0: offset=4079616, size=10115 bytes
📝 Piece 0: offset=4089731, size=6269 bytes
📝 Piece 0: offset=4096000, size=16384 bytes
📝 Piece 0: offset=4112384, size=0 bytes
📝 Piece 0: offset=4112384, size=10089 bytes
📝 Piece 0: offset=4122473, size=6295 bytes
📝 Piece 0: offset=4128768, size=16384 bytes
📝 Piece 0: offset=4145152, size=0 bytes
📝 Piece 0: offset=4145152, size=10063 bytes
📝 Piece 0: offset=4155215, size=6321 bytes
📝 Piece 0: offset=4161536, size=16384 bytes
📝 Piece 0: offset=4177920, size=0 bytes
📝 Piece 0: offset=4177920, size=10037 bytes
📝 Piece 0: offset=4187957, size=6347 bytes
...📊 live: 0.00% (0 / 85.0Gi) [down speed: 0.00 MiB/s, up speed: 0.00 MiB/s]
.....📊 live: 0.00% (0 / 85.0Gi) [down speed: 0.00 MiB/s, up speed: 0.00 MiB/s]
.....📊 live: 0.00% (0 / 85.0Gi) [down speed: 0.00 MiB/s, up speed: 0.00 MiB/s]
.....📊 live: 0.00% (0 / 85.0Gi) [down speed: 0.00 MiB/s, up speed: 0.00 MiB/s]
.....📊 live: 0.00% (0 / 85.0Gi) [down speed: 0.00 MiB/s, up speed: 0.00 MiB/s]
.....📊 live: 0.00% (0 / 85.0Gi) [down speed: 0.00 MiB/s, up speed: 0.00 MiB/s]
.....📊 live: 0.00% (0 / 85.0Gi) [down speed: 0.00 MiB/s, up speed: 0.00 MiB/s]
.....📊 live: 0.00% (0 / 85.0Gi) [down speed: 0.00 MiB/s, up speed: 0.00 MiB/s]
.....📊 live: 0.00% (0 / 85.0Gi) [down speed: 0.00 MiB/s, up speed: 0.00 MiB/s]
.....📊 live: 0.00% (0 / 85.0Gi) [down speed: 0.00 MiB/s, up speed: 0.00 MiB/s]
.....📊 live: 0.00% (0 / 85.0Gi) [down speed: 0.00 MiB/s, up speed: 0.00 MiB/s]
.....📊 live: 0.00% (0 / 85.0Gi) [down speed: 0.00 MiB/s, up speed: 0.00 MiB/s]
.....📊 live: 0.00% (0 / 85.0Gi) [down speed: 0.00 MiB/s, up speed: 0.00 MiB/s]
.....📊 live: 0.00% (0 / 85.0Gi) [down speed: 0.00 MiB/s, up speed: 0.00 MiB/s]
.....📊 live: 0.00% (0 / 85.0Gi) [down speed: 0.00 MiB/s, up speed: 0.00 MiB/s]
.....📊 live: 0.00% (0 / 85.0Gi) [down speed: 0.00 MiB/s, up speed: 0.00 MiB/s]
.....📊 live: 0.00% (0 / 85.0Gi) [down speed: 0.00 MiB/s, up speed: 0.00 MiB/s]
.....📊 live: 0.00% (0 / 85.0Gi) [down speed: 0.00 MiB/s, up speed: 0.00 MiB/s]
.....📊 live: 0.00% (0 / 85.0Gi) [down speed: 0.00 MiB/s, up speed: 0.00 MiB/s]
.....📊 live: 0.00% (0 / 85.0Gi) [down speed: 0.00 MiB/s, up speed: 0.00 MiB/s]
.....📊 live: 0.00% (0 / 85.0Gi) [down speed: 0.00 MiB/s, up speed: 0.00 MiB/s]
.....📊 live: 0.00% (0 / 85.0Gi) [down speed: 0.00 MiB/s, up speed: 0.00 MiB/s]
.....📊 live: 0.00% (0 / 85.0Gi) [down speed: 0.00 MiB/s, up speed: 0.00 MiB/s]
.📝 Piece 0: offset=0, size=16384 bytes
📝 Piece 0: offset=16384, size=0 bytes
📝 Piece 0: offset=16384, size=13444 bytes
📝 Piece 0: offset=29828, size=2940 bytes
📝 Piece 0: offset=32768, size=16384 bytes
📝 Piece 0: offset=49152, size=0 bytes
📝 Piece 0: offset=49152, size=13418 bytes
📝 Piece 0: offset=62570, size=2966 bytes
📝 Piece 0: offset=65536, size=16384 bytes
📝 Piece 0: offset=81920, size=0 bytes
📝 Piece 0: offset=81920, size=13392 bytes
📝 Piece 0: offset=95312, size=2992 bytes
📝 Piece 0: offset=98304, size=16384 bytes
📝 Piece 0: offset=114688, size=0 bytes
📝 Piece 0: offset=114688, size=13366 bytes
📝 Piece 0: offset=128054, size=3018 bytes
📝 Piece 0: offset=131072, size=16384 bytes
📝 Piece 0: offset=147456, size=0 bytes
📝 Piece 0: offset=147456, size=13340 bytes
📝 Piece 0: offset=160796, size=3044 bytes
📝 Piece 0: offset=163840, size=16384 bytes
📝 Piece 0: offset=180224, size=0 bytes
📝 Piece 0: offset=180224, size=13314 bytes
📝 Piece 0: offset=193538, size=3070 bytes
📝 Piece 0: offset=196608, size=16384 bytes
📝 Piece 0: offset=212992, size=0 bytes
📝 Piece 0: offset=212992, size=13288 bytes
📝 Piece 0: offset=226280, size=3096 bytes
📝 Piece 0: offset=229376, size=16384 bytes
📝 Piece 0: offset=245760, size=0 bytes
📝 Piece 0: offset=245760, size=13262 bytes
📝 Piece 0: offset=259022, size=3122 bytes
📝 Piece 0: offset=262144, size=16384 bytes
📝 Piece 0: offset=278528, size=0 bytes
📝 Piece 0: offset=278528, size=13236 bytes
📝 Piece 0: offset=291764, size=3148 bytes
📝 Piece 0: offset=294912, size=16384 bytes
📝 Piece 0: offset=311296, size=0 bytes
📝 Piece 0: offset=311296, size=13210 bytes
📝 Piece 0: offset=324506, size=3174 bytes
📝 Piece 0: offset=327680, size=16384 bytes
📝 Piece 0: offset=344064, size=0 bytes
📝 Piece 0: offset=344064, size=13184 bytes
📝 Piece 0: offset=357248, size=3200 bytes
📝 Piece 0: offset=360448, size=16384 bytes
📝 Piece 0: offset=376832, size=0 bytes
📝 Piece 0: offset=376832, size=13158 bytes
📝 Piece 0: offset=389990, size=3226 bytes
📝 Piece 0: offset=393216, size=16384 bytes
📝 Piece 0: offset=409600, size=0 bytes
📝 Piece 0: offset=409600, size=13132 bytes
📝 Piece 0: offset=422732, size=3252 bytes
📝 Piece 0: offset=425984, size=16384 bytes
📝 Piece 0: offset=442368, size=0 bytes
📝 Piece 0: offset=442368, size=13106 bytes
📝 Piece 0: offset=455474, size=3278 bytes
📝 Piece 0: offset=458752, size=16384 bytes
📝 Piece 0: offset=475136, size=0 bytes
📝 Piece 0: offset=475136, size=13080 bytes
📝 Piece 0: offset=488216, size=3304 bytes
📝 Piece 0: offset=491520, size=16384 bytes
📝 Piece 0: offset=507904, size=0 bytes
📝 Piece 0: offset=507904, size=13054 bytes
📝 Piece 0: offset=520958, size=3330 bytes
📝 Piece 0: offset=524288, size=16384 bytes
📝 Piece 0: offset=540672, size=0 bytes
📝 Piece 0: offset=540672, size=13028 bytes
📝 Piece 0: offset=553700, size=3356 bytes
📝 Piece 0: offset=557056, size=16384 bytes
📝 Piece 0: offset=573440, size=0 bytes
📝 Piece 0: offset=573440, size=13002 bytes
📝 Piece 0: offset=586442, size=3382 bytes
📝 Piece 0: offset=589824, size=16384 bytes
📝 Piece 0: offset=606208, size=0 bytes
📝 Piece 0: offset=606208, size=12976 bytes
📝 Piece 0: offset=619184, size=3408 bytes
📝 Piece 0: offset=622592, size=16384 bytes
📝 Piece 0: offset=638976, size=0 bytes
📝 Piece 0: offset=638976, size=12950 bytes
📝 Piece 0: offset=651926, size=3434 bytes
📝 Piece 0: offset=655360, size=16384 bytes
📝 Piece 0: offset=671744, size=0 bytes
📝 Piece 0: offset=671744, size=12924 bytes
📝 Piece 0: offset=684668, size=3460 bytes
📝 Piece 0: offset=688128, size=16384 bytes
📝 Piece 0: offset=704512, size=0 bytes
📝 Piece 0: offset=704512, size=12898 bytes
.📝 Piece 0: offset=717410, size=3486 bytes
📝 Piece 0: offset=720896, size=16384 bytes
📝 Piece 0: offset=737280, size=0 bytes
📝 Piece 0: offset=737280, size=12872 bytes
📝 Piece 0: offset=750152, size=3512 bytes
📝 Piece 0: offset=753664, size=16384 bytes
📝 Piece 0: offset=770048, size=0 bytes
📝 Piece 0: offset=770048, size=12846 bytes
📝 Piece 0: offset=782894, size=3538 bytes
📝 Piece 0: offset=786432, size=16384 bytes
📝 Piece 0: offset=802816, size=0 bytes
📝 Piece 0: offset=802816, size=12820 bytes
📝 Piece 0: offset=815636, size=3564 bytes
📝 Piece 0: offset=819200, size=16384 bytes
📝 Piece 0: offset=835584, size=0 bytes
📝 Piece 0: offset=835584, size=12794 bytes
📝 Piece 0: offset=848378, size=3590 bytes
📝 Piece 0: offset=851968, size=16384 bytes
📝 Piece 0: offset=868352, size=0 bytes
📝 Piece 0: offset=868352, size=12768 bytes
📝 Piece 0: offset=881120, size=3616 bytes
📝 Piece 0: offset=884736, size=16384 bytes
📝 Piece 0: offset=901120, size=0 bytes
📝 Piece 0: offset=901120, size=12742 bytes
📝 Piece 0: offset=913862, size=3642 bytes
📝 Piece 0: offset=917504, size=16384 bytes
📝 Piece 0: offset=933888, size=0 bytes
📝 Piece 0: offset=933888, size=12716 bytes
📝 Piece 0: offset=946604, size=3668 bytes
📝 Piece 0: offset=950272, size=16384 bytes
📝 Piece 0: offset=966656, size=0 bytes
📝 Piece 0: offset=966656, size=12690 bytes
📝 Piece 0: offset=979346, size=3694 bytes
📝 Piece 0: offset=983040, size=16384 bytes
📝 Piece 0: offset=999424, size=0 bytes
📝 Piece 0: offset=999424, size=12664 bytes
📝 Piece 0: offset=1012088, size=3720 bytes
📝 Piece 0: offset=1015808, size=16384 bytes
📝 Piece 0: offset=1032192, size=0 bytes
📝 Piece 0: offset=1032192, size=12638 bytes
📝 Piece 0: offset=1044830, size=3746 bytes
📝 Piece 0: offset=1048576, size=16384 bytes
📝 Piece 0: offset=1064960, size=0 bytes
📝 Piece 0: offset=1064960, size=12612 bytes
📝 Piece 0: offset=1077572, size=3772 bytes
📝 Piece 0: offset=1081344, size=16384 bytes
📝 Piece 0: offset=1097728, size=0 bytes
📝 Piece 0: offset=1097728, size=12586 bytes
📝 Piece 0: offset=1110314, size=3798 bytes
📝 Piece 0: offset=1114112, size=16384 bytes
📝 Piece 0: offset=1130496, size=0 bytes
📝 Piece 0: offset=1130496, size=12560 bytes
📝 Piece 0: offset=1143056, size=3824 bytes
📝 Piece 0: offset=1146880, size=16384 bytes
📝 Piece 0: offset=1163264, size=0 bytes
📝 Piece 0: offset=1163264, size=12534 bytes
📝 Piece 0: offset=1175798, size=3850 bytes
📝 Piece 0: offset=1179648, size=16384 bytes
📝 Piece 0: offset=1196032, size=0 bytes
📝 Piece 0: offset=1196032, size=12508 bytes
📝 Piece 0: offset=1208540, size=3876 bytes
📝 Piece 0: offset=1212416, size=16384 bytes
📝 Piece 0: offset=1228800, size=0 bytes
📝 Piece 0: offset=1228800, size=12482 bytes
📝 Piece 0: offset=1241282, size=3902 bytes
📝 Piece 0: offset=1245184, size=16384 bytes
📝 Piece 0: offset=1261568, size=0 bytes
📝 Piece 0: offset=1261568, size=12456 bytes
📝 Piece 0: offset=1274024, size=3928 bytes
📝 Piece 0: offset=1277952, size=16384 bytes
📝 Piece 0: offset=1294336, size=0 bytes
📝 Piece 0: offset=1294336, size=12430 bytes
📝 Piece 0: offset=1306766, size=3954 bytes
📝 Piece 0: offset=1310720, size=16384 bytes
📝 Piece 0: offset=1327104, size=0 bytes
📝 Piece 0: offset=1327104, size=12404 bytes
📝 Piece 0: offset=1339508, size=3980 bytes
📝 Piece 0: offset=1343488, size=16384 bytes
📝 Piece 0: offset=1359872, size=0 bytes
📝 Piece 0: offset=1359872, size=12378 bytes
📝 Piece 0: offset=1372250, size=4006 bytes
📝 Piece 0: offset=1376256, size=16384 bytes
📝 Piece 0: offset=1392640, size=0 bytes
📝 Piece 0: offset=1392640, size=12352 bytes
📝 Piece 0: offset=1404992, size=4032 bytes
📝 Piece 0: offset=1409024, size=16384 bytes
📝 Piece 0: offset=1425408, size=0 bytes
📝 Piece 0: offset=1425408, size=12326 bytes
📝 Piece 0: offset=1437734, size=4058 bytes
📝 Piece 0: offset=1441792, size=16384 bytes
📝 Piece 0: offset=1458176, size=0 bytes
📝 Piece 0: offset=1458176, size=12300 bytes
📝 Piece 0: offset=1470476, size=4084 bytes
📝 Piece 0: offset=1474560, size=16384 bytes
📝 Piece 0: offset=1490944, size=0 bytes
📝 Piece 0: offset=1490944, size=12274 bytes
📝 Piece 0: offset=1503218, size=4110 bytes
📝 Piece 0: offset=1507328, size=16384 bytes
📝 Piece 0: offset=1523712, size=0 bytes
📝 Piece 0: offset=1523712, size=12248 bytes
📝 Piece 0: offset=1535960, size=4136 bytes
📝 Piece 0: offset=1540096, size=16384 bytes
📝 Piece 0: offset=1556480, size=0 bytes
📝 Piece 0: offset=1556480, size=12222 bytes
📝 Piece 0: offset=1568702, size=4162 bytes
📝 Piece 0: offset=1572864, size=16384 bytes
📝 Piece 0: offset=1589248, size=0 bytes
📝 Piece 0: offset=1589248, size=12196 bytes
📝 Piece 0: offset=1601444, size=4188 bytes
📝 Piece 0: offset=1605632, size=16384 bytes
📝 Piece 0: offset=1622016, size=0 bytes
📝 Piece 0: offset=1622016, size=12170 bytes
📝 Piece 0: offset=1634186, size=4214 bytes
📝 Piece 0: offset=1638400, size=16384 bytes
📝 Piece 0: offset=1654784, size=0 bytes
📝 Piece 0: offset=1654784, size=12144 bytes
📝 Piece 0: offset=1666928, size=4240 bytes
📝 Piece 0: offset=1671168, size=16384 bytes
📝 Piece 0: offset=1687552, size=0 bytes
📝 Piece 0: offset=1687552, size=12118 bytes
📝 Piece 0: offset=1699670, size=4266 bytes
📝 Piece 0: offset=1703936, size=16384 bytes
📝 Piece 0: offset=1720320, size=0 bytes
📝 Piece 0: offset=1720320, size=12092 bytes
📝 Piece 0: offset=1732412, size=4292 bytes
📝 Piece 0: offset=1736704, size=16384 bytes
📝 Piece 0: offset=1753088, size=0 bytes
📝 Piece 0: offset=1753088, size=12066 bytes
📝 Piece 0: offset=1765154, size=4318 bytes
📝 Piece 0: offset=1769472, size=16384 bytes
📝 Piece 0: offset=1785856, size=0 bytes
📝 Piece 0: offset=1785856, size=12040 bytes
📝 Piece 0: offset=1797896, size=4344 bytes
📝 Piece 0: offset=1802240, size=16384 bytes
📝 Piece 0: offset=1818624, size=0 bytes
📝 Piece 0: offset=1818624, size=12014 bytes
📝 Piece 0: offset=1830638, size=4370 bytes
📝 Piece 0: offset=1835008, size=16384 bytes
📝 Piece 0: offset=1851392, size=0 bytes
📝 Piece 0: offset=1851392, size=11988 bytes
📝 Piece 0: offset=1863380, size=4396 bytes
📝 Piece 0: offset=1867776, size=16384 bytes
📝 Piece 0: offset=1884160, size=0 bytes
📝 Piece 0: offset=1884160, size=11962 bytes
📝 Piece 0: offset=1896122, size=4422 bytes
📝 Piece 0: offset=1900544, size=16384 bytes
📝 Piece 0: offset=1916928, size=0 bytes
📝 Piece 0: offset=1916928, size=11936 bytes
📝 Piece 0: offset=1928864, size=4448 bytes
📝 Piece 0: offset=1933312, size=16384 bytes
📝 Piece 0: offset=1949696, size=0 bytes
📝 Piece 0: offset=1949696, size=11910 bytes
📝 Piece 0: offset=1961606, size=4474 bytes
📝 Piece 0: offset=1966080, size=16384 bytes
📝 Piece 0: offset=1982464, size=0 bytes
📝 Piece 0: offset=1982464, size=11884 bytes
📝 Piece 0: offset=1994348, size=4500 bytes
📝 Piece 0: offset=1998848, size=16384 bytes
📝 Piece 0: offset=2015232, size=0 bytes
📝 Piece 0: offset=2015232, size=11858 bytes
📝 Piece 0: offset=2027090, size=4526 bytes
📝 Piece 0: offset=2031616, size=16384 bytes
📝 Piece 0: offset=2048000, size=0 bytes
📝 Piece 0: offset=2048000, size=11832 bytes
📝 Piece 0: offset=2059832, size=4552 bytes
📝 Piece 0: offset=2064384, size=16384 bytes
📝 Piece 0: offset=2080768, size=0 bytes
📝 Piece 0: offset=2080768, size=11806 bytes
📝 Piece 0: offset=2092574, size=4578 bytes
📝 Piece 0: offset=2097152, size=16384 bytes
📝 Piece 0: offset=2113536, size=0 bytes
📝 Piece 0: offset=2113536, size=11780 bytes
📝 Piece 0: offset=2125316, size=4604 bytes
📝 Piece 0: offset=2129920, size=16384 bytes
📝 Piece 0: offset=2146304, size=0 bytes
📝 Piece 0: offset=2146304, size=11754 bytes
📝 Piece 0: offset=2158058, size=4630 bytes
📝 Piece 0: offset=2162688, size=16384 bytes
📝 Piece 0: offset=2179072, size=0 bytes
📝 Piece 0: offset=2179072, size=11728 bytes
📝 Piece 0: offset=2190800, size=4656 bytes
📝 Piece 0: offset=2195456, size=16384 bytes
📝 Piece 0: offset=2211840, size=0 bytes
📝 Piece 0: offset=2211840, size=11702 bytes
📝 Piece 0: offset=2223542, size=4682 bytes
📝 Piece 0: offset=2228224, size=16384 bytes
📝 Piece 0: offset=2244608, size=0 bytes
📝 Piece 0: offset=2244608, size=11676 bytes
📝 Piece 0: offset=2256284, size=4708 bytes
📝 Piece 0: offset=2260992, size=16384 bytes
📝 Piece 0: offset=2277376, size=0 bytes
📝 Piece 0: offset=2277376, size=11650 bytes
📝 Piece 0: offset=2289026, size=4734 bytes
📝 Piece 0: offset=2293760, size=16384 bytes
📝 Piece 0: offset=2310144, size=0 bytes
📝 Piece 0: offset=2310144, size=11624 bytes
📝 Piece 0: offset=2321768, size=4760 bytes
📝 Piece 0: offset=2326528, size=16384 bytes
📝 Piece 0: offset=2342912, size=0 bytes
📝 Piece 0: offset=2342912, size=11598 bytes
📝 Piece 0: offset=2354510, size=4786 bytes
📝 Piece 0: offset=2359296, size=16384 bytes
📝 Piece 0: offset=2375680, size=0 bytes
📝 Piece 0: offset=2375680, size=11572 bytes
📝 Piece 0: offset=2387252, size=4812 bytes
📝 Piece 0: offset=2392064, size=16384 bytes
📝 Piece 0: offset=2408448, size=0 bytes
📝 Piece 0: offset=2408448, size=11546 bytes
📝 Piece 0: offset=2419994, size=4838 bytes
📝 Piece 0: offset=2424832, size=16384 bytes
📝 Piece 0: offset=2441216, size=0 bytes
📝 Piece 0: offset=2441216, size=11520 bytes
📝 Piece 0: offset=2452736, size=4864 bytes
📝 Piece 0: offset=2457600, size=16384 bytes
📝 Piece 0: offset=2473984, size=0 bytes
📝 Piece 0: offset=2473984, size=11494 bytes
📝 Piece 0: offset=2485478, size=4890 bytes
📝 Piece 0: offset=2490368, size=16384 bytes
📝 Piece 0: offset=2506752, size=0 bytes
📝 Piece 0: offset=2506752, size=11468 bytes
📝 Piece 0: offset=2518220, size=4916 bytes
📝 Piece 0: offset=2523136, size=16384 bytes
📝 Piece 0: offset=2539520, size=0 bytes
📝 Piece 0: offset=2539520, size=11442 bytes
📝 Piece 0: offset=2550962, size=4942 bytes
📝 Piece 0: offset=2555904, size=16384 bytes
📝 Piece 0: offset=2572288, size=0 bytes
📝 Piece 0: offset=2572288, size=11416 bytes
📝 Piece 0: offset=2583704, size=4968 bytes
📝 Piece 0: offset=2588672, size=16384 bytes
📝 Piece 0: offset=2605056, size=0 bytes
📝 Piece 0: offset=2605056, size=11390 bytes
📝 Piece 0: offset=2616446, size=4994 bytes
📝 Piece 0: offset=2621440, size=16384 bytes
📝 Piece 0: offset=2637824, size=0 bytes
📝 Piece 0: offset=2637824, size=11364 bytes
📝 Piece 0: offset=2649188, size=5020 bytes
📝 Piece 0: offset=2654208, size=16384 bytes
📝 Piece 0: offset=2670592, size=0 bytes
📝 Piece 0: offset=2670592, size=11338 bytes
📝 Piece 0: offset=2681930, size=5046 bytes
📝 Piece 0: offset=2686976, size=16384 bytes
📝 Piece 0: offset=2703360, size=0 bytes
📝 Piece 0: offset=2703360, size=11312 bytes
📝 Piece 0: offset=2714672, size=5072 bytes
📝 Piece 0: offset=2719744, size=16384 bytes
📝 Piece 0: offset=2736128, size=0 bytes
📝 Piece 0: offset=2736128, size=11286 bytes
📝 Piece 0: offset=2747414, size=5098 bytes
📝 Piece 0: offset=2752512, size=16384 bytes
📝 Piece 0: offset=2768896, size=0 bytes
📝 Piece 0: offset=2768896, size=11260 bytes
📝 Piece 0: offset=2780156, size=5124 bytes
📝 Piece 0: offset=2785280, size=16384 bytes
📝 Piece 0: offset=2801664, size=0 bytes
📝 Piece 0: offset=2801664, size=11234 bytes
📝 Piece 0: offset=2812898, size=5150 bytes
📝 Piece 0: offset=2818048, size=16384 bytes
📝 Piece 0: offset=2834432, size=0 bytes
📝 Piece 0: offset=2834432, size=11208 bytes
📝 Piece 0: offset=2845640, size=5176 bytes
📝 Piece 0: offset=2850816, size=16384 bytes
📝 Piece 0: offset=2867200, size=0 bytes
📝 Piece 0: offset=2867200, size=11182 bytes
📝 Piece 0: offset=2878382, size=5202 bytes
📝 Piece 0: offset=2883584, size=16384 bytes
📝 Piece 0: offset=2899968, size=0 bytes
📝 Piece 0: offset=2899968, size=11156 bytes
📝 Piece 0: offset=2911124, size=5228 bytes
📝 Piece 0: offset=2916352, size=16384 bytes
📝 Piece 0: offset=2932736, size=0 bytes
📝 Piece 0: offset=2932736, size=11130 bytes
📝 Piece 0: offset=2943866, size=5254 bytes
📝 Piece 0: offset=2949120, size=16384 bytes
📝 Piece 0: offset=2965504, size=0 bytes
📝 Piece 0: offset=2965504, size=11104 bytes
📝 Piece 0: offset=2976608, size=5280 bytes
📝 Piece 0: offset=2981888, size=16384 bytes
📝 Piece 0: offset=2998272, size=0 bytes
📝 Piece 0: offset=2998272, size=11078 bytes
📝 Piece 0: offset=3009350, size=5306 bytes
📝 Piece 0: offset=3014656, size=16384 bytes
📝 Piece 0: offset=3031040, size=0 bytes
📝 Piece 0: offset=3031040, size=11052 bytes
📝 Piece 0: offset=3042092, size=5332 bytes
📝 Piece 0: offset=3047424, size=16384 bytes
📝 Piece 0: offset=3063808, size=0 bytes
📝 Piece 0: offset=3063808, size=11026 bytes
📝 Piece 0: offset=3074834, size=5358 bytes
📝 Piece 0: offset=3080192, size=16384 bytes
📝 Piece 0: offset=3096576, size=0 bytes
📝 Piece 0: offset=3096576, size=11000 bytes
📝 Piece 0: offset=3107576, size=5384 bytes
📝 Piece 0: offset=3112960, size=16384 bytes
📝 Piece 0: offset=3129344, size=0 bytes
📝 Piece 0: offset=3129344, size=10974 bytes
📝 Piece 0: offset=3140318, size=5410 bytes
📝 Piece 0: offset=3145728, size=16384 bytes
📝 Piece 0: offset=3162112, size=0 bytes
📝 Piece 0: offset=3162112, size=10948 bytes
📝 Piece 0: offset=3173060, size=5436 bytes
📝 Piece 0: offset=3178496, size=16384 bytes
📝 Piece 0: offset=3194880, size=0 bytes
📝 Piece 0: offset=3194880, size=10922 bytes
📝 Piece 0: offset=3205802, size=5462 bytes
📝 Piece 0: offset=3211264, size=16384 bytes
📝 Piece 0: offset=3227648, size=0 bytes
📝 Piece 0: offset=3227648, size=10896 bytes
📝 Piece 0: offset=3238544, size=5488 bytes
📝 Piece 0: offset=3244032, size=16384 bytes
📝 Piece 0: offset=3260416, size=0 bytes
📝 Piece 0: offset=3260416, size=10870 bytes
📝 Piece 0: offset=3271286, size=5514 bytes
📝 Piece 0: offset=3276800, size=16384 bytes
📝 Piece 0: offset=3293184, size=0 bytes
📝 Piece 0: offset=3293184, size=10844 bytes
📝 Piece 0: offset=3304028, size=5540 bytes
📝 Piece 0: offset=3309568, size=16384 bytes
📝 Piece 0: offset=3325952, size=0 bytes
📝 Piece 0: offset=3325952, size=10818 bytes
📝 Piece 0: offset=3336770, size=5566 bytes
📝 Piece 0: offset=3342336, size=16384 bytes
📝 Piece 0: offset=3358720, size=0 bytes
📝 Piece 0: offset=3358720, size=10792 bytes
📝 Piece 0: offset=3369512, size=5592 bytes
📝 Piece 0: offset=3375104, size=16384 bytes
📝 Piece 0: offset=3391488, size=0 bytes
📝 Piece 0: offset=3391488, size=10766 bytes
📝 Piece 0: offset=3402254, size=5618 bytes
📝 Piece 0: offset=3407872, size=16384 bytes
📝 Piece 0: offset=3424256, size=0 bytes
📝 Piece 0: offset=3424256, size=10740 bytes
📝 Piece 0: offset=3434996, size=5644 bytes
📝 Piece 0: offset=3440640, size=16384 bytes
📝 Piece 0: offset=3457024, size=0 bytes
📝 Piece 0: offset=3457024, size=10714 bytes
📝 Piece 0: offset=3467738, size=5670 bytes
📝 Piece 0: offset=3473408, size=16384 bytes
📝 Piece 0: offset=3489792, size=0 bytes
📝 Piece 0: offset=3489792, size=10688 bytes
📝 Piece 0: offset=3500480, size=5696 bytes
📝 Piece 0: offset=3506176, size=16384 bytes
📝 Piece 0: offset=3522560, size=0 bytes
📝 Piece 0: offset=3522560, size=10662 bytes
📝 Piece 0: offset=3533222, size=5722 bytes
📝 Piece 0: offset=3538944, size=16384 bytes
📝 Piece 0: offset=3555328, size=0 bytes
📝 Piece 0: offset=3555328, size=10636 bytes
📝 Piece 0: offset=3565964, size=5748 bytes
📝 Piece 0: offset=3571712, size=16384 bytes
📝 Piece 0: offset=3588096, size=0 bytes
📝 Piece 0: offset=3588096, size=10610 bytes
📝 Piece 0: offset=3598706, size=5774 bytes
📝 Piece 0: offset=3604480, size=16384 bytes
📝 Piece 0: offset=3620864, size=0 bytes
📝 Piece 0: offset=3620864, size=10584 bytes
📝 Piece 0: offset=3631448, size=5800 bytes
📝 Piece 0: offset=3637248, size=16384 bytes
📝 Piece 0: offset=3653632, size=0 bytes
📝 Piece 0: offset=3653632, size=10558 bytes
📝 Piece 0: offset=3664190, size=5826 bytes
📝 Piece 0: offset=3670016, size=16384 bytes
📝 Piece 0: offset=3686400, size=0 bytes
📝 Piece 0: offset=3686400, size=10532 bytes
📝 Piece 0: offset=3696932, size=5852 bytes
📝 Piece 0: offset=3702784, size=16384 bytes
📝 Piece 0: offset=3719168, size=0 bytes
📝 Piece 0: offset=3719168, size=10506 bytes
📝 Piece 0: offset=3729674, size=5878 bytes
📝 Piece 0: offset=3735552, size=16384 bytes
📝 Piece 0: offset=3751936, size=0 bytes
📝 Piece 0: offset=3751936, size=10480 bytes
📝 Piece 0: offset=3762416, size=5904 bytes
📝 Piece 0: offset=3768320, size=16384 bytes
📝 Piece 0: offset=3784704, size=0 bytes
📝 Piece 0: offset=3784704, size=10454 bytes
📝 Piece 0: offset=3795158, size=5930 bytes
📝 Piece 0: offset=3801088, size=16384 bytes
📝 Piece 0: offset=3817472, size=0 bytes
📝 Piece 0: offset=3817472, size=10428 bytes
📝 Piece 0: offset=3827900, size=5956 bytes
📝 Piece 0: offset=3833856, size=16384 bytes
📝 Piece 0: offset=3850240, size=0 bytes
📝 Piece 0: offset=3850240, size=10402 bytes
📝 Piece 0: offset=3860642, size=5982 bytes
📝 Piece 0: offset=3866624, size=16384 bytes
📝 Piece 0: offset=3883008, size=0 bytes
📝 Piece 0: offset=3883008, size=10376 bytes
📝 Piece 0: offset=3893384, size=6008 bytes
📝 Piece 0: offset=3899392, size=16384 bytes
📝 Piece 0: offset=3915776, size=0 bytes
📝 Piece 0: offset=3915776, size=10350 bytes
📝 Piece 0: offset=3926126, size=6034 bytes
📝 Piece 0: offset=3932160, size=16384 bytes
📝 Piece 0: offset=3948544, size=0 bytes
📝 Piece 0: offset=3948544, size=10324 bytes
📝 Piece 0: offset=3958868, size=6060 bytes
📝 Piece 0: offset=3964928, size=16384 bytes
📝 Piece 0: offset=3981312, size=0 bytes
📝 Piece 0: offset=3981312, size=10298 bytes
📝 Piece 0: offset=3991610, size=6086 bytes
📝 Piece 0: offset=3997696, size=16384 bytes
📝 Piece 0: offset=4014080, size=0 bytes
📝 Piece 0: offset=4014080, size=10272 bytes
📝 Piece 0: offset=4024352, size=6112 bytes
📝 Piece 0: offset=4030464, size=16384 bytes
📝 Piece 0: offset=4046848, size=0 bytes
📝 Piece 0: offset=4046848, size=10246 bytes
📝 Piece 0: offset=4057094, size=6138 bytes
📝 Piece 0: offset=4063232, size=16384 bytes
📝 Piece 0: offset=4079616, size=0 bytes
📝 Piece 0: offset=4079616, size=10220 bytes
📝 Piece 0: offset=4089836, size=6164 bytes
📝 Piece 0: offset=4096000, size=16384 bytes
📝 Piece 0: offset=4112384, size=0 bytes
📝 Piece 0: offset=4112384, size=10194 bytes
📝 Piece 0: offset=4122578, size=6190 bytes
📝 Piece 0: offset=4128768, size=16384 bytes
📝 Piece 0: offset=4145152, size=0 bytes
📝 Piece 0: offset=4145152, size=10168 bytes
📝 Piece 0: offset=4155320, size=6216 bytes
📝 Piece 0: offset=4161536, size=16384 bytes
📝 Piece 0: offset=4177920, size=0 bytes
📝 Piece 0: offset=4177920, size=10142 bytes
📝 Piece 0: offset=4188062, size=6242 bytes
...📊 live: 0.00% (0 / 85.0Gi) [down speed: 0.00 MiB/s, up speed: 0.00 MiB/s]
.....📊 live: 0.00% (0 / 85.0Gi) [down speed: 0.00 MiB/s, up speed: 0.00 MiB/s]
.....📊 live: 0.00% (0 / 85.0Gi) [down speed: 0.00 MiB/s, up speed: 0.00 MiB/s]
.....📊 live: 0.00% (0 / 85.0Gi) [down speed: 0.00 MiB/s, up speed: 0.00 MiB/s]
.....📊 live: 0.00% (0 / 85.0Gi) [down speed: 0.00 MiB/s, up speed: 0.00 MiB/s]
.....📊 live: 0.00% (0 / 85.0Gi) [down speed: 0.00 MiB/s, up speed: 0.00 MiB/s]
.....📊 live: 0.00% (0 / 85.0Gi) [down speed: 0.00 MiB/s, up speed: 0.00 MiB/s]
.....📊 live: 0.00% (0 / 85.0Gi) [down speed: 0.00 MiB/s, up speed: 0.00 MiB/s]
.....📊 live: 0.00% (0 / 85.0Gi) [down speed: 0.00 MiB/s, up speed: 0.00 MiB/s]
.....📊 live: 0.00% (0 / 85.0Gi) [down speed: 0.00 MiB/s, up speed: 0.00 MiB/s]
.....📊 live: 0.00% (0 / 85.0Gi) [down speed: 0.00 MiB/s, up speed: 0.00 MiB/s]
.....📊 live: 0.00% (0 / 85.0Gi) [down speed: 0.00 MiB/s, up speed: 0.00 MiB/s]
.....📊 live: 0.00% (0 / 85.0Gi) [down speed: 0.00 MiB/s, up speed: 0.00 MiB/s]
.....📊 live: 0.00% (0 / 85.0Gi) [down speed: 0.00 MiB/s, up speed: 0.00 MiB/s]
.....📊 live: 0.00% (0 / 85.0Gi) [down speed: 0.00 MiB/s, up speed: 0.00 MiB/s]
.....📊 live: 0.00% (0 / 85.0Gi) [down speed: 0.00 MiB/s, up speed: 0.00 MiB/s]
.....📊 live: 0.00% (0 / 85.0Gi) [down speed: 0.00 MiB/s, up speed: 0.00 MiB/s]
.....📊 live: 0.00% (0 / 85.0Gi) [down speed: 0.00 MiB/s, up speed: 0.00 MiB/s]
.....📊 live: 0.00% (0 / 85.0Gi) [down speed: 0.00 MiB/s, up speed: 0.00 MiB/s]
.....📊 live: 0.00% (0 / 85.0Gi) [down speed: 0.00 MiB/s, up speed: 0.00 MiB/s]
.....📊 live: 0.00% (0 / 85.0Gi) [down speed: 0.00 MiB/s, up speed: 0.00 MiB/s]
.....📊 live: 0.00% (0 / 85.0Gi) [down speed: 0.00 MiB/s, up speed: 0.00 MiB/s]
.....📊 live: 0.00% (0 / 85.0Gi) [down speed: 0.00 MiB/s, up speed: 0.00 MiB/s]
.....📊 live: 0.00% (0 / 85.0Gi) [down speed: 0.00 MiB/s, up speed: 0.00 MiB/s]
.....📊 live: 0.00% (0 / 85.0Gi) [down speed: 0.00 MiB/s, up speed: 0.00 MiB/s]
.....📊 live: 0.00% (0 / 85.0Gi) [down speed: 0.00 MiB/s, up speed: 0.00 MiB/s]
.....📊 live: 0.00% (0 / 85.0Gi) [down speed: 0.00 MiB/s, up speed: 0.00 MiB/s]
.....📊 live: 0.00% (0 / 85.0Gi) [down speed: 0.00 MiB/s, up speed: 0.00 MiB/s]
.....📊 live: 0.00% (0 / 85.0Gi) [down speed: 0.00 MiB/s, up speed: 0.00 MiB/s]
.....📊 live: 0.00% (0 / 85.0Gi) [down speed: 0.00 MiB/s, up speed: 0.00 MiB/s]
.....📊 live: 0.00% (0 / 85.0Gi) [down speed: 0.00 MiB/s, up speed: 0.00 MiB/s]
.....📊 live: 0.00% (0 / 85.0Gi) [down speed: 0.00 MiB/s, up speed: 0.00 MiB/s]
.....📊 live: 0.00% (0 / 85.0Gi) [down speed: 0.00 MiB/s, up speed: 0.00 MiB/s]
.....📊 live: 0.00% (0 / 85.0Gi) [down speed: 0.00 MiB/s, up speed: 0.00 MiB/s]
.....📊 live: 0.00% (0 / 85.0Gi) [down speed: 0.00 MiB/s, up speed: 0.00 MiB/s]
.....📊 live: 0.00% (0 / 85.0Gi) [down speed: 0.00 MiB/s, up speed: 0.00 MiB/s]
.....📊 live: 0.00% (0 / 85.0Gi) [down speed: 0.00 MiB/s, up speed: 0.00 MiB/s]
.....📊 live: 0.00% (0 / 85.0Gi) [down speed: 0.00 MiB/s, up speed: 0.00 MiB/s]
.....📊 live: 0.00% (0 / 85.0Gi) [down speed: 0.00 MiB/s, up speed: 0.00 MiB/s]
.....📊 live: 0.00% (0 / 85.0Gi) [down speed: 0.00 MiB/s, up speed: 0.00 MiB/s]
.....📊 live: 0.00% (0 / 85.0Gi) [down speed: 0.00 MiB/s, up speed: 0.00 MiB/s]
.....📊 live: 0.00% (0 / 85.0Gi) [down speed: 0.00 MiB/s, up speed: 0.00 MiB/s]
.....📊 live: 0.00% (0 / 85.0Gi) [down speed: 0.00 MiB/s, up speed: 0.00 MiB/s]
.....📊 live: 0.00% (0 / 85.0Gi) [down speed: 0.00 MiB/s, up speed: 0.00 MiB/s]
.....📊 live: 0.00% (0 / 85.0Gi) [down speed: 0.00 MiB/s, up speed: 0.00 MiB/s]
.....📊 live: 0.00% (0 / 85.0Gi) [down speed: 0.00 MiB/s, up speed: 0.00 MiB/s]
.....📊 live: 0.00% (0 / 85.0Gi) [down speed: 0.00 MiB/s, up speed: 0.00 MiB/s]
.....📊 live: 0.00% (0 / 85.0Gi) [down speed: 0.00 MiB/s, up speed: 0.00 MiB/s]
.....📊 live: 0.00% (0 / 85.0Gi) [down speed: 0.00 MiB/s, up speed: 0.00 MiB/s]
.....📊 live: 0.00% (0 / 85.0Gi) [down speed: 0.00 MiB/s, up speed: 0.00 MiB/s]
.....📊 live: 0.00% (0 / 85.0Gi) [down speed: 0.00 MiB/s, up speed: 0.00 MiB/s]
.....📊 live: 0.00% (0 / 85.0Gi) [down speed: 0.00 MiB/s, up speed: 0.00 MiB/s]
.....📊 live: 0.00% (0 / 85.0Gi) [down speed: 0.00 MiB/s, up speed: 0.00 MiB/s]
.....📊 live: 0.00% (0 / 85.0Gi) [down speed: 0.00 MiB/s, up speed: 0.00 MiB/s]
.....📊 live: 0.00% (0 / 85.0Gi) [down speed: 0.00 MiB/s, up speed: 0.00 MiB/s]
.....📊 live: 0.00% (0 / 85.0Gi) [down speed: 0.00 MiB/s, up speed: 0.00 MiB/s]
.....📊 live: 0.00% (0 / 85.0Gi) [down speed: 0.00 MiB/s, up speed: 0.00 MiB/s]
.....📊 live: 0.00% (0 / 85.0Gi) [down speed: 0.00 MiB/s, up speed: 0.00 MiB/s]
.....📊 live: 0.00% (0 / 85.0Gi) [down speed: 0.00 MiB/s, up speed: 0.00 MiB/s]
.....📊 live: 0.00% (0 / 85.0Gi) [down speed: 0.00 MiB/s, up speed: 0.00 MiB/s]
.....📊 live: 0.00% (0 / 85.0Gi) [down speed: 0.00 MiB/s, up speed: 0.00 MiB/s]
.....📊 live: 0.00% (0 / 85.0Gi) [down speed: 0.00 MiB/s, up speed: 0.00 MiB/s]
.....📊 live: 0.00% (0 / 85.0Gi) [down speed: 0.00 MiB/s, up speed: 0.00 MiB/s]
.....📊 live: 0.00% (0 / 85.0Gi) [down speed: 0.00 MiB/s, up speed: 0.00 MiB/s]
.....📊 live: 0.00% (0 / 85.0Gi) [down speed: 0.00 MiB/s, up speed: 0.00 MiB/s]
.....📊 live: 0.00% (0 / 85.0Gi) [down speed: 0.00 MiB/s, up speed: 0.00 MiB/s]
.....📊 live: 0.00% (0 / 85.0Gi) [down speed: 0.00 MiB/s, up speed: 0.00 MiB/s]
.....📊 live: 0.00% (0 / 85.0Gi) [down speed: 0.00 MiB/s, up speed: 0.00 MiB/s]
.....📊 live: 0.00% (0 / 85.0Gi) [down speed: 0.00 MiB/s, up speed: 0.00 MiB/s]
..